price,area,price_per_sqft,locality,city,property_type,bedroom_num,bathroom_num,balcony_num,furnished,age,total_floors,latitude,longitude,predicted_price,price_difference,price_difference_percent,predicted_price_per_sqft,price_per_sqft_difference,anomaly_label,anomaly_score,is_anomaly
129900000,4500,28866.666666666668,Malad,Mumbai,Apartment,5,5,0,Unfurnished,0,1,19.18372345,72.86148071,125116399.16,4783600.840000004,3.8233204217160144,27803.644257777774,1063.02240888889,-1,-0.0024205008970245023,True
225000000,4500,50000.0,Juhu,Mumbai,Apartment,4,5,0,Semi-Furnished,0,1,19.09882164,72.8320694,241505090.16,-16505090.159999996,-6.834261815792445,53667.79781333333,-3667.797813333331,-1,-0.031333199919877375,True
155000000,3200,48437.5,Juhu,Mumbai,Apartment,6,6,0,Semi-Furnished,0,1,19.09882164,72.8320694,161571014.19,-6571014.189999998,-4.066951131638494,50490.941934375,-2053.441934374998,-1,-0.02964598672972696,True
175000000,3200,54687.5,Juhu,Mumbai,Apartment,5,5,0,Unfurnished,0,1,19.09882164,72.8320694,169375274.06214285,5624725.937857151,3.3208660290010634,52929.77314441964,1757.7268555803605,-1,-0.022190286815700455,True
320000000,3500,91428.57142857143,Santacruz,Mumbai,Apartment,4,4,0,Unfurnished,0,1,19.07213593,72.83390808,231332457.96,88667542.03999999,38.329053701288906,66094.98798857143,25333.58344,-1,-0.027353585782162404,True
110000000,2700,40740.74074074074,Andheri,Mumbai,Apartment,6,7,0,Semi-Furnished,0,1,19.15210342,72.83035278,107170397.76,2829602.239999994,2.6402834170091207,39692.73991111112,1048.000829629622,-1,-0.003710299159638275,True
200000000,3500,57142.857142857145,Lower Parel,Mumbai,Apartment,7,8,0,Unfurnished,2,1,19.00543976,72.82811737,195142101.12,4857898.879999995,2.48941609838089,55754.88603428572,1387.9711085714298,-1,-0.06198701428629727,True
100000000,3800,26315.78947368421,Chembur,Mumbai,Villa,5,4,0,Semi-Furnished,22,1,19.04590416,72.91014862,104924000.0,-4924000.0,-4.692920590141435,27611.57894736842,-1295.78947368421,-1,-0.011062982429942414,True
165000000,3874,42591.636551368094,Chembur,Mumbai,Apartment,5,5,0,Semi-Furnished,0,1,19.05443382,72.90036011,150654000.0,14346000.0,9.52248197857342,38888.4873515746,3703.1491997934936,-1,-0.005928273846126708,True
195000000,2290,85152.8384279476,Bandra,Mumbai,Apartment,5,4,0,Semi-Furnished,0,1,19.05495262,72.82935333,164526664.79148147,30473335.20851853,18.521821521842654,71845.70514911854,13307.13327882906,-1,-0.01773586417062578,True
110000000,6000,18333.33333333333,Vashi,Mumbai,Independent House,8,6,0,Semi-Furnished,0,1,19.09103394,73.008461,118647307.99333332,-8647307.993333325,-7.288246264988336,19774.55133222222,-1441.217998888893,-1,-0.021379161171506955,True
125100000,3800,32921.05263157895,Chembur,Mumbai,Villa,5,5,0,Furnished,16,1,19.04618454,72.90585327,126064365.51,-964365.5100000054,-0.7649786726793206,33174.83302894737,-253.7803973684204,-1,-0.020036423988571195,True
250000000,2488,100482.3151125402,Cumballa Hill,Mumbai,Apartment,4,4,0,Semi-Furnished,5,1,18.9705677,72.80607605,242597777.67666665,7402222.323333353,3.051232535690828,97507.14536843514,2975.169744105049,-1,-0.05333315534387528,True
320000000,4000,80000.0,Andheri,Mumbai,Apartment,4,4,0,Semi-Furnished,8,1,19.12927246,72.82112122,278939393.86,41060606.13999999,14.720260760517872,69734.848465,10265.151534999995,-1,-0.044432594178318574,True
90000000,6500,13846.153846153846,Thane,Mumbai,Villa,6,6,0,Unfurnished,0,1,19.23698616,73.05049896,110537999.96333332,-20537999.963333324,-18.580035797776333,17005.846148205128,-3159.6923020512822,-1,-0.028678928648662727,True
130000000,4000,32500.0,Prabhadevi,Mumbai,Apartment,4,5,0,Furnished,0,1,19.01498032,72.82868195,314031407.99,-184031407.99,-58.6028668813472,78507.85199750001,-46007.85199750001,-1,-0.0268898533815215,True
450000000,5500,81818.18181818182,Juhu,Mumbai,Apartment,5,6,0,Semi-Furnished,0,1,19.09882164,72.8320694,392144417.32,57855582.68000001,14.753641802527143,71298.98496727273,10519.196850909097,-1,-0.09298767983479972,True
185000000,2800,66071.42857142857,Vile Parle,Mumbai,Apartment,4,5,0,Furnished,6,1,19.11533356,72.83634949,148256369.32,36743630.68000001,24.78384628500628,52948.70332857143,13122.725242857136,-1,-0.026512287354505837,True
120000000,5200,23076.92307692308,Kandivali,Mumbai,Apartment,5,5,0,Furnished,0,1,19.21342278,72.83968353,124628954.6,-4628954.599999994,-3.71418874117716,23967.106653846156,-890.1835769230711,-1,-0.008971480289318712,True
270000000,6500,41538.46153846154,Juhu,Mumbai,Villa,5,6,0,Unfurnished,0,1,19.10844421,72.82679749,340099667.42,-70099667.42000002,-20.611507194869343,52323.02575692308,-10784.564218461544,-1,-0.07434437160464547,True
250000000,5660,44169.61130742049,Kharghar,Mumbai,Villa,6,6,0,Furnished,0,1,19.0501709,73.06781769,189070994.47333336,60929005.52666664,32.22546414186238,33404.76934157833,10764.841965842164,-1,-0.058532623380284754,True
190000000,2901,65494.65701482248,Juhu,Mumbai,Apartment,5,5,0,Furnished,0,1,19.09882164,72.8320694,172083400.0,17916600.0,10.411579501567262,59318.648741813166,6176.008273009313,-1,-0.03544939091197663,True
34000000,3500,9714.285714285714,Mira Road,Mumbai,Apartment,7,6,0,Semi-Furnished,0,1,19.29290009,72.87329865,78887346.98,-44887346.98,-56.90056605830605,22539.24199428572,-12824.956280000002,-1,-0.0016713155315001282,True
145000000,2850,50877.19298245614,Lower Parel,Mumbai,Apartment,4,5,0,Semi-Furnished,6,1,19.00232315,72.82753754,156015143.46761906,-11015143.46761906,-7.060304033823008,54742.15560267335,-3864.962620217215,-1,-0.015068696767705947,True
135000000,2500,54000.0,Khar,Mumbai,Apartment,4,4,0,Unfurnished,14,1,19.07213593,72.83007812,143434493.44148147,-8434493.441481471,-5.880380122737062,57373.797376592585,-3373.7973765925854,-1,-0.002473226564110087,True
95000000,3500,27142.85714285714,Andheri,Mumbai,Apartment,6,6,0,Semi-Furnished,8,1,19.14980316,72.83117676,130126017.34666668,-35126017.34666668,-26.993846475058103,37178.86209904762,-10036.004956190478,-1,-0.012627121438719024,True
126500000,3200,39531.25,Andheri,Mumbai,Apartment,6,6,0,Semi-Furnished,0,1,19.12998199,72.82476044,140040537.24,-13540537.24000001,-9.669012635101778,43762.6678875,-4231.4178875,-1,-0.01590828575225678,True
310000000,6000,51666.66666666666,Lower Parel,Mumbai,Villa,4,4,0,Unfurnished,4,1,19.00477219,72.82813263,396730835.1525,-86730835.15249997,-21.861379925047007,66121.80585875,-14455.13919208334,-1,-0.04456518785853303,True
22500000,4500,5000.0,Karjat,Mumbai,Independent House,8,8,0,Furnished,0,1,18.90983391,73.34146118,26236003.69,-3736003.690000001,-14.23998766787794,5830.223042222223,-830.2230422222228,-1,-0.024226185471259765,True
30000000,5000,6000.0,Karjat,Mumbai,Villa,5,5,0,Semi-Furnished,0,1,18.90983391,73.34146118,31125000.0,-1125000.0,-3.614457831325301,6225.0,-225.0,-1,-0.010821021267979458,True
230000000,4000,57500.0,Worli,Mumbai,Apartment,6,6,0,Semi-Furnished,0,1,19.00169182,72.818573,255437100.95,-25437100.949999988,-9.958264032670462,63859.2752375,-6359.275237499998,-1,-0.07104612433944257,True
177500000,3600,49305.55555555556,Lower Parel,Mumbai,Apartment,4,5,0,Furnished,6,1,19.00232315,72.82753754,180860794.6,-3360794.599999994,-1.8582217375705337,50239.10961111111,-933.554055555549,-1,-0.016594353401126583,True
215000000,4000,53750.0,Lower Parel,Mumbai,Apartment,4,5,0,Furnished,7,1,18.99626923,72.82688141,220471237.03,-5471237.030000001,-2.481610346866026,55117.8092575,-1367.809257499997,-1,-0.04461439375210319,True
190000000,3636,52255.22552255225,Khar,Mumbai,Apartment,6,6,0,Unfurnished,0,1,19.07043266,72.82911682,197368780.76,-7368780.75999999,-3.7335087806821954,54281.84289328933,-2026.6173707370765,-1,-0.04818564514446477,True
95000000,3750,25333.33333333333,Andheri,Mumbai,Apartment,6,6,0,Semi-Furnished,2,1,19.1423111,72.81121826,113610645.89,-18610645.89,-16.381075685476855,30296.17223733333,-4962.838904000004,-1,-0.005827026554528603,True
120000000,2650,45283.018867924526,Borivali,Mumbai,Apartment,6,6,0,Semi-Furnished,0,1,19.22089958,72.86664581,108645666.66666666,11354333.333333343,10.450792637841063,40998.36477987421,4284.654088050316,-1,-0.01574720228570703,True
115000000,2650,43396.22641509434,Borivali,Mumbai,Apartment,6,6,0,Semi-Furnished,0,1,19.22089958,72.86664581,108645666.66666666,6354333.333333343,5.8486762779310215,40998.36477987421,2397.861635220128,-1,-0.015736516660752264,True
110000000,2650,41509.43396226415,Borivali,Mumbai,Apartment,6,6,0,Semi-Furnished,0,1,19.22089958,72.86664581,108645666.66666666,1354333.3333333433,1.2465599180209763,40998.36477987421,511.06918238993967,-1,-0.015285127406057697,True
100000000,2650,37735.84905660377,Borivali,Mumbai,Apartment,6,6,0,Semi-Furnished,0,1,19.22089958,72.86664581,108645666.66666666,-8645666.666666657,-7.957672801799112,40998.36477987421,-3262.515723270437,-1,-0.009957121147854742,True
96000000,2650,36226.41509433962,Borivali,Mumbai,Apartment,6,6,0,Semi-Furnished,0,1,19.22089958,72.86664581,108645666.66666666,-12645666.666666657,-11.639365889727149,40998.36477987421,-4771.949685534586,-1,-0.01262204177634807,True
180000000,4000,45000.0,Goregaon,Mumbai,Apartment,5,5,0,Semi-Furnished,6,1,19.15398598,72.85559082,157591573.95,22408426.05000001,14.219304680026651,39397.8934875,5602.106512500002,-1,-0.02685420182701659,True
135000000,2850,47368.42105263158,Bandra,Mumbai,Apartment,5,5,0,Furnished,8,1,19.05696678,72.84830475,135290113.8,-290113.8000000119,-0.2144382851424668,47470.21536842106,-101.79431578947695,-1,-0.008971430687315651,True
214200000,3100,69096.7741935484,Bandra,Mumbai,Apartment,4,4,0,Semi-Furnished,0,1,19.05707359,72.82776642,208884683.96,5315316.039999992,2.54461741245607,67382.15611612903,1714.6180774193635,-1,-0.00945070774210266,True
161689220,3300,48996.73333333333,Bandra,Mumbai,Apartment,6,6,0,Unfurnished,2,1,19.0533371,72.84757233,158227195.67833334,3462024.321666658,2.188008393136633,47947.63505404041,1049.0982792929208,-1,-0.03790238327840112,True
170602810,3482,48995.63756461804,Bandra,Mumbai,Apartment,6,6,0,Unfurnished,2,1,19.0533371,72.84757233,170604409.20333335,-1599.2033333480358,-0.000937375148049,48996.09684185335,-0.4592772353062173,-1,-0.039771067173036245,True
168155750,3432,48996.430652680654,Bandra,Mumbai,Apartment,6,6,0,Unfurnished,2,1,19.0533371,72.84757233,168005387.52333334,150362.47666665912,0.0894986041121902,48952.61874222999,43.81191045066225,-1,-0.039771067173036245,True
170661120,3483,48998.31180017227,Bandra,Mumbai,Apartment,6,6,0,Unfurnished,2,1,19.0533371,72.84757233,170626567.00333333,34552.996666669846,0.020250654557209,48988.39133027084,9.920469901429897,-1,-0.039771067173036245,True
168403690,3437,48997.29124236253,Bandra,Mumbai,Apartment,7,7,0,Unfurnished,2,1,19.0533371,72.84757233,165619490.97833335,2784199.021666646,1.681081740572962,48187.22460818544,810.066634177092,-1,-0.04236546547870235,True
132500000,3800,34868.42105263158,Chembur,Mumbai,Villa,5,5,0,Semi-Furnished,16,1,19.04618454,72.90585327,126440000.0,6060000.0,4.792787092692186,33273.68421052631,1594.736842105267,-1,-0.027297572984538387,True
450000000,4500,100000.0,Juhu,Mumbai,Villa,3,3,0,Semi-Furnished,0,1,19.10381126,72.83248901,296387198.97333336,153612801.02666664,51.82841956696231,65863.82199407408,34136.17800592592,-1,-0.03306596056854183,True
250000000,4500,55555.55555555556,Lower Parel,Mumbai,Villa,6,6,0,Furnished,2,1,19.00543976,72.82811737,232412975.43,17587024.569999993,7.567144019158686,51647.327873333335,3908.2276822222266,-1,-0.07310631741085294,True
235000000,4000,58750.0,Worli,Mumbai,Apartment,4,3,0,Furnished,4,1,18.99214363,72.82106781,272892794.45,-37892794.44999999,-13.88559728239464,68223.1986125,-9473.198612499997,-1,-0.02824055494013822,True
260000000,3990,65162.90726817043,Colaba,Mumbai,Apartment,4,3,0,Semi-Furnished,2,1,18.92245293,72.83255768,264946014.315,-4946014.314999998,-1.8668008000752845,66402.50985338345,-1239.602585213026,-1,-0.04457566500851984,True
270000000,3600,75000.0,Worli,Mumbai,Apartment,5,4,0,Semi-Furnished,6,1,18.99236679,72.82049561,251308453.5,18691546.5,7.437691108150486,69807.90375,5192.096250000002,-1,-0.06255447261908809,True
180000000,2443,73679.90176013099,Colaba,Mumbai,Apartment,3,3,0,Semi-Furnished,0,1,18.90838814,72.81639862,179769574.28,230425.7199999988,0.1281783755248256,73585.58095783873,94.32080229226268,-1,-0.006311958620814462,True
148500000,2750,54000.0,Mahalaxmi,Mumbai,Apartment,5,6,0,Semi-Furnished,0,1,18.98426056,72.81542206,130211123.11,18288876.89,14.045556518662302,47349.49931272728,6650.5006872727245,-1,-0.021777724739217796,True
116300000,4663,24941.02509114304,Thane,Mumbai,Apartment,5,5,0,Unfurnished,0,1,19.2063961,72.95719147,111228000.0,5072000.0,4.560002876973424,23853.31331760669,1087.71177353635,-1,-0.0016798672165529993,True
116000000,4938,23491.29202106116,Thane,Mumbai,Apartment,5,5,0,Unfurnished,0,1,19.2063961,72.95719147,110414294.22,5585705.780000001,5.0588611007832975,22360.12438639125,1131.1676346699096,-1,-0.0024727368692842866,True
300000000,2500,120000.0,Malabar Hill,Mumbai,Apartment,3,3,0,Furnished,0,1,18.95371056,72.8004303,275706704.72,24293295.27999997,8.811282012409368,110282.681888,9717.318111999994,-1,-0.04950613626132494,True
190000000,3700,51351.35135135135,Bandra Kurla Complex,Mumbai,Apartment,4,5,0,Semi-Furnished,8,1,19.06611252,72.86910248,194131281.64,-4131281.6399999857,-2.128086522223192,52467.913956756754,-1116.562605405401,-1,-0.03305246758823033,True
440000000,3564,123456.79012345678,Tardeo,Mumbai,Apartment,4,4,0,Semi-Furnished,6,1,18.96665192,72.80921173,385002490.6,54997509.399999976,14.28497496582168,108025.39017957351,15431.399943883269,-1,-0.07329376881291949,True
260000000,3100,83870.96774193548,Malabar Hill,Mumbai,Apartment,4,4,0,Furnished,0,1,18.95371056,72.8004303,286085487.13,-26085487.129999995,-9.118074248256605,92285.64100967742,-8414.673267741935,-1,-0.05777033671659659,True
139999999,3800,36842.105,Byculla,Mumbai,Apartment,6,6,0,Semi-Furnished,0,1,18.9732933,72.83237457,178016580.33,-38016581.33000001,-21.35564072713137,46846.46850789474,-10004.363507894734,-1,-0.03314314823479225,True
11500000,2400,4791.666666666667,Mira Road,Mumbai,Villa,4,4,0,Unfurnished,16,1,20.22949409,85.81506348,18400009.84,-6900009.84,-37.50003342389517,7666.670766666666,-2875.004099999999,-1,-0.0027409205886158583,True
270000000,2688,100446.42857142857,Prabhadevi,Mumbai,Apartment,4,4,0,Semi-Furnished,0,1,19.01992035,72.82987976,155602587.44,114397412.56,73.51896548899701,57887.86735119048,42558.56122023809,-1,-0.011324130557267664,True
170000000,2560,66406.25,Juhu,Mumbai,Apartment,4,5,0,Unfurnished,0,1,19.11704445,72.82415009,162652272.85333335,7347727.146666646,4.517445110215109,63536.04408333334,2870.2059166666586,-1,-0.013065117074363752,True
243100000,4120,59004.85436893204,Byculla,Mumbai,Apartment,5,5,0,Unfurnished,1,1,18.98697472,72.83722687,205297622.93,37802377.06999999,18.41345093551785,49829.520128640776,9175.334240291268,-1,-0.04782162196065376,True
216878300,4500,48195.177777777775,Byculla,Mumbai,Apartment,4,5,0,Unfurnished,1,1,18.98697472,72.83722687,188390435.84,28487864.16,15.121714662943262,41864.54129777778,6330.636479999994,-1,-0.01963343765514003,True
220000000,5600,39285.71428571428,Bandra,Mumbai,Apartment,4,4,0,Furnished,5,1,19.05281067,72.8361969,255025459.17,-35025459.16999999,-13.734102973088666,45540.26056607143,-6254.546280357143,-1,-0.003578374379292648,True
169585700,3000,56528.566666666666,Khar,Mumbai,Apartment,5,5,0,Semi-Furnished,0,1,19.07024956,72.8334198,171030581.65714285,-1444881.6571428478,-0.8448089476999707,57010.19388571428,-481.62721904761565,-1,-0.021549125453583007,True
160000000,2900,55172.41379310345,Bandra,Mumbai,Apartment,5,5,0,Furnished,3,1,19.05743217,72.85077667,144564297.52,15435702.47999999,10.677395971757486,49849.75776551724,5322.656027586207,-1,-0.01341118195210933,True
190000000,3600,52777.77777777778,Bandra,Mumbai,Apartment,6,6,0,Furnished,3,1,19.05743217,72.85077667,178466611.06,11533388.939999998,6.462491146942048,49574.05862777778,3203.7191500000044,-1,-0.048912561482218564,True
200000000,3800,52631.57894736842,Bandra,Mumbai,Apartment,6,6,0,Furnished,8,1,19.05670547,72.84822845,190236510.93,9763489.069999993,5.132289812439104,50062.23971842106,2569.339228947363,-1,-0.059280823427916074,True
145000000,1450,100000.0,Mahalaxmi,Mumbai,Apartment,4,5,0,Semi-Furnished,0,1,18.97781754,72.82571411,118589547.24,26410452.760000005,22.27047271421896,81785.89464827586,18214.105351724134,-1,-0.014592648222334526,True
205000000,5600,36607.142857142855,Bandra,Mumbai,Apartment,4,5,0,Semi-Furnished,5,1,19.05281067,72.8361969,312671647.13,-107671647.13,-34.43601238497752,55834.22270178572,-19227.07984464286,-1,-0.05074161845724312,True
143392400,3600,39831.22222222222,Juhu,Mumbai,Apartment,5,5,0,Furnished,0,1,19.09882164,72.8320694,150075417.68571427,-6683017.685714275,-4.45310617073194,41687.61602380952,-1856.393801587299,-1,-0.0016873639043526456,True
187000000,4000,46750.0,Andheri,Mumbai,Apartment,5,5,0,Furnished,26,1,19.09882164,72.8320694,189383625.58,-2383625.580000013,-1.2586228469858471,47345.906395000005,-595.9063950000054,-1,-0.05956573015331901,True
154328400,4300,35890.32558139535,Vile Parle,Mumbai,Apartment,5,5,0,Furnished,6,1,19.11533356,72.83634949,172185104.47,-17856704.47,-10.37064415354883,40043.04755116279,-4152.721969767437,-1,-0.016732831685189464,True
200000000,4500,44444.444444444445,Juhu,Mumbai,Apartment,6,6,0,Furnished,0,1,19.11704445,72.82415009,220694756.19,-20694756.19,-9.377094656559724,49043.27915333333,-4598.834708888884,-1,-0.05573174415440285,True
270000000,5400,50000.0,Chembur,Mumbai,Apartment,8,8,0,Furnished,4,1,19.09882164,72.8320694,280487105.88,-10487105.879999995,-3.7388905443969542,51942.05664444444,-1942.0566444444407,-1,-0.07828964692730433,True
199200000,2491,79967.88438378161,Girgaon,Mumbai,Apartment,4,4,0,Semi-Furnished,0,1,18.95010185,72.82106781,180103740.10333335,19096259.89666665,10.6029224521991,72301.7824581828,7666.101925598807,-1,-0.02203001522567616,True
175000000,3700,47297.2972972973,Juhu,Mumbai,Apartment,5,5,0,Furnished,0,1,19.09882164,72.8320694,168930274.68,6069725.319999993,3.593035843632947,45656.8309945946,1640.4663027027054,-1,-0.004082164035030367,True
190000000,4250,44705.882352941175,Vile Parle,Mumbai,Apartment,6,6,0,Furnished,6,1,19.10478401,72.83111572,218285779.33,-28285779.330000013,-12.958141119783228,51361.35984235295,-6655.477489411773,-1,-0.05758225047243537,True
198000000,3690,53658.53658536585,Bandra Kurla Complex,Mumbai,Apartment,4,3,0,Semi-Furnished,9,1,19.05318832,72.84505463,191562931.62,6437068.379999995,3.360289136088757,51914.0736097561,1744.4629756097493,-1,-0.004290096712298186,True
201000000,3890,51670.95115681234,Bandra Kurla Complex,Mumbai,Apartment,4,3,0,Semi-Furnished,8,1,19.05319405,72.84506989,203373143.13,-2373143.129999995,-1.1668911113219296,52281.01365809768,-610.0625012853416,-1,-0.006159987061532535,True
151500000,2200,68863.63636363637,Agripada,Mumbai,Apartment,3,3,0,Semi-Furnished,13,1,18.97662544,72.82737732,143298819.34,8201180.659999996,5.723132052149953,65135.82697272727,3727.8093909090967,-1,-0.0032878561320788258,True
365000000,4300,84883.72093023256,Lower Parel,Mumbai,Apartment,5,5,0,Semi-Furnished,0,1,18.9991703,72.81762695,348655286.58,16344713.420000017,4.687929324212233,81082.62478604651,3801.096144186056,-1,-0.08675995516383395,True
191000000,3200,59687.5,Tardeo,Mumbai,Apartment,5,6,0,Unfurnished,0,1,18.96496964,72.80918121,202814866.5,-11814866.5,-5.825444013987012,63379.64578125,-3692.145781250001,-1,-0.06172848560156019,True
160000000,14700,10884.3537414966,Seawoods,Mumbai,Apartment,10,10,0,Furnished,0,1,19.02197838,73.01931,186012249.9456667,-26012249.9456667,-13.984159620274877,12653.894554126986,-1769.5408126303864,-1,-0.05426857396806628,True
245000000,2300,106521.73913043478,Prabhadevi,Mumbai,Apartment,4,5,0,Unfurnished,0,1,19.01910782,72.82910156,210109536.24,34890463.75999999,16.605844924690118,91351.97227826087,15169.76685217391,-1,-0.04636674879274216,True
420000000,3540,118644.06779661016,Dahisar,Mumbai,Independent House,4,4,0,Semi-Furnished,0,1,19.11976433,72.82801819,315883757.84,104116242.16000004,32.96030250872744,89232.69995480226,29411.367841807907,-1,-0.040681460679890424,True
180000000,1800,100000.0,Cumballa Hill,Mumbai,Apartment,3,4,0,Semi-Furnished,5,1,18.97038841,72.80427551,165586168.4,14413831.599999994,8.704731644723529,91992.31577777778,8007.684222222218,-1,-0.020274282745098793,True
170000000,4224,40246.21212121212,Chembur,Mumbai,Apartment,5,5,0,Semi-Furnished,8,1,19.04620361,72.90454865,151620000.0,18380000.0,12.12241129138636,35894.88636363636,4351.32575757576,-1,-0.02845747605022586,True
145100000,4950,29313.131313131315,Powai,Mumbai,Apartment,7,7,0,Semi-Furnished,8,1,19.10611153,72.89839172,138009609.12,7090390.879999995,5.1376066675436105,27880.72911515152,1432.402197979798,-1,-0.0433415376662073,True
220000000,4500,48888.88888888889,Prabhadevi,Mumbai,Apartment,4,4,0,Furnished,4,1,19.01946831,72.82975006,210032531.63,9967468.370000005,4.745678344514275,46673.89591777778,2214.992971111111,-1,-0.0037318075463971256,True
270000000,5000,54000.0,Juhu,Mumbai,Villa,5,5,0,Semi-Furnished,0,1,19.10689163,72.82785034,272591911.61,-2591911.6100000143,-0.9508395148966446,54518.382322000005,-518.3823220000049,-1,-0.0627228045311724,True
220000000,3100,70967.74193548386,Marine Lines,Mumbai,Apartment,3,2,0,Semi-Furnished,0,1,18.94703674,72.82675934,192116620.42666665,27883379.573333357,14.513777887310273,61973.10336344085,8994.638572043012,-1,-0.012649258420524223,True
210000000,3400,61764.705882352944,Juhu,Mumbai,Villa,4,4,0,Unfurnished,0,1,19.09882164,72.8320694,203749817.6,6250182.400000006,3.0675769301891176,59926.41694117647,1838.2889411764768,-1,-0.0005651799603321184,True
280000000,6450,43410.8527131783,Peddar Road,Mumbai,Apartment,5,5,0,Semi-Furnished,0,1,18.9693737,72.80419159,448716586.33,-168716586.32999998,-37.59981054186408,69568.46299689922,-26157.61028372093,-1,-0.08284671082435635,True
380000000,3000,126666.66666666669,Juhu,Mumbai,Villa,3,3,0,Furnished,0,1,19.09882164,72.8320694,162564848.0533333,217435151.9466667,133.75287126976667,54188.28268444444,72478.38398222225,-1,-0.005749498245427254,True
180000000,3000,60000.0,Andheri,Mumbai,Villa,4,5,0,Semi-Furnished,8,1,19.13875198,72.82884216,156396832.82285714,23603167.17714286,15.091844733120002,52132.27760761905,7867.722392380951,-1,-0.026296892631208824,True
165000000,2550,64705.882352941175,Tardeo,Mumbai,Apartment,3,3,0,Furnished,13,1,18.97144699,72.81274414,156005795.82,8994204.180000007,5.7653013035346135,61178.74345882353,3527.1388941176483,-1,-0.012276084906853946,True
191400000,2492,76805.77849117175,Andheri,Mumbai,Apartment,4,5,0,Semi-Furnished,0,1,19.13509941,72.81459808,176223945.0,15176055.0,8.6118007402456,70715.86878009631,6089.909711075437,-1,-0.032078351176513364,True
200000000,2492,80256.82182985554,Andheri,Mumbai,Apartment,4,5,0,Semi-Furnished,0,1,19.13509941,72.81459808,176223945.0,23776055.0,13.491954796494882,70715.86878009631,9540.953049759237,-1,-0.032078351176513364,True
280000000,4500,62222.22222222222,Malabar Hill,Mumbai,Apartment,6,6,0,Semi-Furnished,0,1,18.95371056,72.8004303,342117608.89,-62117608.88999999,-18.156799672352577,76026.13530888889,-13803.913086666667,-1,-0.0939967484727181,True
212100000,5350,39644.85981308411,Thane,Mumbai,Villa,5,4,0,Unfurnished,0,1,19.24118423,72.96925354,156375331.96,55724668.03999999,35.63520367410256,29229.034011214957,10415.82580186916,-1,-0.012064504393670461,True
180000000,8000,22500.0,Mira Road,Mumbai,Independent Floor,8,3,0,Semi-Furnished,0,1,19.28095818,72.87423706,195041222.5,-15041222.5,-7.711817177519999,24380.1528125,-1880.1528125000004,-1,-0.016720002735942874,True
140000000,2850,49122.80701754386,Prabhadevi,Mumbai,Apartment,4,4,0,Furnished,13,1,19.01255989,72.82950592,154880033.76,-14880033.75999999,-9.607457719862,54343.87149473684,-5221.064477192973,-1,-0.0034484547193173176,True
110000000,3000,36666.66666666666,Prabhadevi,Mumbai,Apartment,4,5,0,Furnished,0,1,19.01498032,72.82868195,205202185.48,-95202185.48,-46.394333109711866,68400.72849333333,-31734.06182666667,-1,-0.0006840082128427571,True
230000000,3100,74193.54838709677,Lower Parel,Mumbai,Apartment,4,4,0,Unfurnished,2,1,19.00543976,72.82811737,198644583.86666664,31355416.133333355,15.784682130764564,64078.89802150537,10114.650365591406,-1,-0.025403768951711814,True
200000000,13500,14814.814814814816,Kharghar,Mumbai,Villa,9,6,0,Semi-Furnished,0,1,19.04998589,73.07302856,187478999.84483337,12521000.155166626,6.678614759802222,13887.33332183951,927.4814929753064,-1,-0.049046273577018296,True
135000000,4000,33750.0,Seawoods,Mumbai,Independent Floor,7,8,0,Furnished,0,1,19.0204792,73.01407623,116295000.0,18705000.0,16.084096478782406,29073.75,4676.25,-1,-0.032616612401074385,True
90000000,4500,20000.0,Seawoods,Mumbai,Apartment,6,6,0,Unfurnished,6,1,19.01009178,73.01322937,91204649.6,-1204649.599999994,-1.3208203806311145,20267.69991111111,-267.69991111111085,-1,-0.01612925500011375,True
210000000,2900,72413.79310344828,Prabhadevi,Mumbai,Apartment,4,5,0,Furnished,0,1,19.01910782,72.82910156,200298672.12,9701327.879999995,4.84343095104888,69068.50762758621,3345.285475862067,-1,-0.04379739338592248,True
450000000,4000,112500.0,Bandra,Mumbai,Apartment,4,4,0,Furnished,0,1,19.05635643,72.8288269,375254564.64,74745435.36000001,19.918594576379625,93813.64116,18686.35884,-1,-0.05480744830107698,True
350000000,4500,77777.77777777778,Worli,Mumbai,Apartment,4,5,0,Furnished,0,1,19.00169182,72.818573,321476602.15,28523397.850000024,8.872620171806812,71439.24492222222,6338.532855555561,-1,-0.07169366422022261,True
200000000,3000,66666.66666666667,Prabhadevi,Mumbai,Apartment,4,5,0,Furnished,0,1,19.01910782,72.82910156,208435684.04,-8435684.039999992,-4.047140046510048,69478.56134666667,-2811.8946799999976,-1,-0.03708870308712986,True
150000000,3000,50000.0,Santacruz,Mumbai,Apartment,5,6,0,Semi-Furnished,0,1,19.08271599,72.83628082,148572723.71904764,1427276.2809523642,0.9606583531788492,49524.24123968255,475.7587603174543,-1,-0.019715911835374578,True
240000000,2900,82758.62068965517,Worli,Mumbai,Apartment,4,4,0,Furnished,0,1,19.00169182,72.818573,221948107.38,18051892.620000005,8.133384345149267,76533.83013103448,6224.790558620691,-1,-0.031113888234385878,True
120000000,4000,30000.0,Andheri,Mumbai,Apartment,6,6,0,Furnished,8,1,19.13805008,72.82532501,158788781.12,-38788781.120000005,-24.42791036394852,39697.19528,-9697.19528,-1,-0.02624008100978581,True
350000000,6000,58333.333333333336,Juhu,Mumbai,Villa,4,5,0,Furnished,0,1,19.09882164,72.8320694,377331361.37,-27331361.370000005,-7.243331503314848,62888.560228333336,-4555.226895,-1,-0.06876246300904532,True
180000000,2500,72000.0,Marine Lines,Mumbai,Apartment,2,2,0,Semi-Furnished,0,1,18.9430027,72.82634735,142659815.52,37340184.47999999,26.17428344758033,57063.926208,14936.073791999996,-1,-0.004718096866314747,True
165000000,5800,28448.275862068964,Parel,Mumbai,Apartment,5,4,0,Semi-Furnished,1,1,18.99533463,72.83557892,210867385.58,-45867385.58000001,-21.75176851263165,36356.445789655176,-7908.169927586212,-1,-0.005973606265917253,True
300000000,8500,35294.117647058825,Khar,Mumbai,Independent House,7,7,0,Furnished,0,1,19.06859779,72.83306122,316001641.62,-16001641.620000005,-5.063784332880898,37176.66372,-1882.5460729411789,-1,-0.07328002934369171,True
275000000,5000,55000.0,Khar,Mumbai,Independent House,7,7,0,Furnished,0,1,19.07024956,72.8334198,264209595.0,10790405.0,4.084032224492074,52841.919,2158.0809999999983,-1,-0.07408694847698405,True
400000000,3600,111111.11111111112,Colaba,Mumbai,Apartment,3,3,0,Semi-Furnished,0,1,18.90838814,72.81639862,325852919.34,74147080.66000003,22.75476948623984,90514.69981666666,20596.411294444464,-1,-0.053209287521921445,True
280000000,5400,51851.851851851854,Worli,Mumbai,Villa,5,6,0,Unfurnished,0,1,19.00169182,72.818573,306423998.015,-26423998.014999986,-8.62334483792829,56745.18481759259,-4893.332965740738,-1,-0.07431634600798809,True
162100000,3021,53657.729228732205,Worli,Mumbai,Apartment,4,4,0,Unfurnished,1,1,19.01302719,72.82157898,205636235.37,-43536235.370000005,-21.171480450255046,68068.92928500497,-14411.200056272764,-1,-0.001319389523178116,True
260000000,3290,79027.3556231003,Agripada,Mumbai,Apartment,4,2,0,Semi-Furnished,13,1,18.97661591,72.82466125,155221639.48,104778360.52,67.50241839411862,47179.82962917933,31847.52599392097,-1,-0.023782682862463878,True
188000000,3950,47594.93670886076,Prabhadevi,Mumbai,Apartment,5,4,0,Semi-Furnished,2,1,19.00995064,72.8298645,219081918.47,-31081918.47,-14.187349958895034,55463.7768278481,-7868.84011898734,-1,-0.02282695701820736,True
110000000,3600,30555.555555555555,Andheri,Mumbai,Apartment,5,6,0,Furnished,8,1,19.13804436,72.82541656,121913100.0,-11913100.0,-9.77179646814001,33864.75,-3309.1944444444453,-1,-0.006226162028349358,True
120000000,3600,33333.333333333336,Juhu,Mumbai,Independent Floor,6,6,0,Unfurnished,0,1,19.11533356,72.83634949,149175872.2,-29175872.199999988,-19.5580369464064,41437.742277777776,-8104.40894444444,-1,-0.015640001896068845,True
105000000,1790,58659.21787709497,Girgaon,Mumbai,Apartment,5,5,0,Unfurnished,1,1,18.95638084,72.82091522,140247993.16,-35247993.16,-25.132618560743182,78350.83416759776,-19691.61629050279,-1,-0.0149002494367112,True
130000000,4900,26530.61224489796,Chembur,Mumbai,Villa,5,6,0,Furnished,16,1,19.04618454,72.90585327,134444365.44,-4444365.439999998,-3.3057283028967355,27437.6256,-907.0133551020408,-1,-0.03516021933316893,True
32500000,4880,6659.836065573771,Karjat,Mumbai,Villa,6,6,0,Furnished,0,1,18.90983391,73.34146118,32829444.0,-329444.0,-1.0035016127595704,6727.345081967213,-67.50901639344283,-1,-0.027886661425463033,True
200000000,2100,95238.09523809524,Colaba,Mumbai,Apartment,3,2,0,Semi-Furnished,0,1,18.91588974,72.82680511,169401724.56,30598275.44,18.062552503214015,80667.48788571429,14570.607352380946,-1,-0.012390035107907704,True
200000000,2913,68657.74116031583,Juhu,Mumbai,Apartment,4,5,0,Unfurnished,0,1,19.10560226,72.83817291,140788651.32,59211348.68000001,42.05690453374535,48331.153903192586,20326.58725712324,-1,-0.002464660120400697,True
280000000,7500,37333.333333333336,Juhu,Mumbai,Independent Floor,5,5,0,Unfurnished,0,1,19.09882164,72.8320694,321182436.23,-41182436.23000002,-12.82213209208897,42824.32483066667,-5490.991497333336,-1,-0.053907832411885126,True
120000000,6000,20000.0,Chembur,Mumbai,Independent House,6,6,0,Semi-Furnished,22,1,19.02771378,72.89138031,148294115.44,-28294115.44,-19.07972906143254,24715.685906666666,-4715.685906666666,-1,-0.06664721495582304,True
430000000,4350,98850.57471264368,Lower Parel,Mumbai,Apartment,5,4,0,Semi-Furnished,0,1,18.99221039,72.82109833,398850235.39,31149764.61000001,7.809889990297096,91689.70928505748,7160.865427586206,-1,-0.08310474069073648,True
189000000,3178,59471.36563876652,Prabhadevi,Mumbai,Apartment,5,4,0,Semi-Furnished,2,1,19.00965309,72.83080292,191844052.5733333,-2844052.573333323,-1.482481492224613,60366.28463603943,-894.9189972729146,-1,-0.02885530711378037,True
270000000,5000,54000.0,Worli,Mumbai,Apartment,5,5,0,Unfurnished,3,1,19.00934601,72.82328033,251970842.96,18029157.03999999,7.155255278033139,50394.168592,3605.831407999998,-1,-0.058187529323277754,True
250000000,4000,62500.0,Tardeo,Mumbai,Apartment,5,5,0,Unfurnished,0,1,18.96759987,72.81410217,316263219.66,-66263219.660000026,-20.951920912977663,79065.804915,-16565.804915,-1,-0.07654696177591847,True
300000000,3600,83333.33333333333,Juhu,Mumbai,Independent Floor,5,5,0,Semi-Furnished,0,1,19.11050224,72.82448578,263686881.6,36313118.400000006,13.771302606962912,73246.356,10086.977333333329,-1,-0.07014055482780657,True
180000000,2400,75000.0,Khar,Mumbai,Apartment,4,3,0,Semi-Furnished,8,1,19.07078934,72.83201599,153703964.8014815,26296035.198518515,17.108234802193635,64043.31866728395,10956.681332716047,-1,-0.006352574224526619,True
230000000,5000,46000.0,Bandra Kurla Complex,Mumbai,Apartment,4,5,0,Furnished,8,1,19.0661602,72.8687439,221539730.88,8460269.120000005,3.8188495970425382,44307.946176,1692.0538240000024,-1,-0.03256244977014244,True
300000000,5000,60000.0,Worli,Mumbai,Apartment,4,5,0,Furnished,1,1,19.00811386,72.82206726,284400878.34,15599121.660000026,5.484906288282045,56880.175668,3119.824332000004,-1,-0.05317746540978863,True
230000000,3500,65714.28571428571,Bandra,Mumbai,Apartment,4,5,0,Semi-Furnished,0,1,19.05635643,72.8288269,212910013.92,17089986.080000013,8.026858749077673,60831.43254857142,4882.8531657142885,-1,-0.033834495306943824,True
300000000,3900,76923.07692307692,Santacruz,Mumbai,Apartment,5,6,0,Semi-Furnished,0,1,19.07906532,72.83277893,259671710.28,40328289.72,15.53049027809561,66582.48981538462,10340.587107692309,-1,-0.07160709569107782,True
38900984,3987,9756.956107348884,Mulund,Mumbai,Independent House,4,3,0,Furnished,23,1,30.88825417,75.84442139,38108779.22,792204.7800000012,2.0787986291207186,9558.259147228491,198.6969601203909,-1,-0.036133041791545084,True
180000000,6810,26431.718061674008,Borivali,Mumbai,Villa,7,7,0,Semi-Furnished,0,1,19.23309135,72.8415451,190234173.17,-10234173.169999989,-5.379776408970625,27934.533505139498,-1502.8154434654898,-1,-0.06216088455853641,True
98000000,2900,33793.10344827586,Byculla,Mumbai,Apartment,7,6,0,Semi-Furnished,0,1,18.9732933,72.83237457,108305993.36,-10305993.36,-9.515626088894033,37346.89426206896,-3553.790813793101,-1,-0.009016844486251507,True
100000000,2895,34542.31433506045,Byculla,Mumbai,Apartment,6,6,0,Semi-Furnished,0,1,18.9732933,72.83237457,107167993.34,-7167993.340000004,-6.688557951494814,37018.305126079445,-2475.990791018994,-1,-0.006128008302228705,True
400000000,7000,57142.857142857145,Andheri,Mumbai,Apartment,4,4,0,Semi-Furnished,8,1,19.13105965,72.81893158,456020735.58,-56020735.57999998,-12.284690411884185,65145.81936857143,-8002.962225714284,-1,-0.05030405289977258,True
184000000,2900,63448.27586206896,Prabhadevi,Mumbai,Apartment,4,4,0,Unfurnished,0,1,19.01565552,72.82981873,214868398.48,-30868398.47999999,-14.366188186986104,74092.5512,-10644.275337931043,-1,-0.01129662588083502,True
130000000,4000,32500.0,Nerul,Mumbai,Apartment,7,7,0,Furnished,0,1,19.03360558,73.01940918,111523986.9,18476013.099999998,16.566851323712847,27880.996725,4619.003274999999,-1,-0.02728293641195123,True
120000000,5000,24000.0,Kandivali,Mumbai,Villa,6,5,0,Furnished,0,1,19.21083069,72.8747406,115722150.76,4277849.239999995,3.696655490677811,23144.430152,855.5698479999992,-1,-0.012335467933399236,True
130000000,3500,37142.857142857145,Lower Parel,Mumbai,Apartment,4,5,0,Semi-Furnished,6,1,19.00232315,72.82753754,171394444.10666665,-41394444.106666654,-24.151567060659787,48969.84117333333,-11826.984030476182,-1,-0.00337301025044634,True
195000000,4575,42622.95081967213,Powai,Mumbai,Apartment,5,5,0,Furnished,15,1,19.12229729,72.9125824,165056500.0,29943500.0,18.14136371484916,36077.92349726776,6545.02732240437,-1,-0.04912461049399386,True
279000000,3600,77500.0,Prabhadevi,Mumbai,Apartment,5,3,0,Unfurnished,0,1,19.01084328,72.83135986,246452063.03,32547936.97,13.206599518721829,68458.90639722222,9041.09360277778,-1,-0.052161470718493974,True
410000000,7875,52063.49206349206,Bandra Kurla Complex,Mumbai,Apartment,5,6,0,Semi-Furnished,9,1,19.06819916,72.87008667,349455866.79,60544133.20999998,17.32525877048246,44375.348163809525,7688.143899682538,-1,-0.07857872124530807,True
139800000,2089,66921.97223551938,Lower Parel,Mumbai,Apartment,5,5,0,Semi-Furnished,0,1,18.9991703,72.81762695,114070061.89666668,25729938.103333324,22.556258562076927,54605.10382798788,12316.868407531503,-1,-0.010167355684218449,True
231000000,3072,75195.3125,Prabhadevi,Mumbai,Apartment,5,6,0,Unfurnished,0,1,19.01035881,72.83055115,229383420.72,1616579.2800000012,0.7047498354178355,74669.082265625,526.2302343750052,-1,-0.06711626609318533,True
198000000,3235,61205.56414219474,Prabhadevi,Mumbai,Apartment,5,3,0,Semi-Furnished,2,1,19.00955391,72.83082581,199927802.8533333,-1927802.853333324,-0.9642495069820564,61801.48465327151,-595.9205110767725,-1,-0.03872570158283928,True
150000000,5100,29411.76470588236,Powai,Mumbai,Apartment,7,8,0,Furnished,8,1,19.10611153,72.89839172,141058000.0,8942000.0,6.339236342497411,27658.43137254902,1753.3333333333358,-1,-0.042401735360490744,True
350000000,4600,76086.95652173914,Lower Parel,Mumbai,Apartment,5,5,0,Unfurnished,0,1,18.9991703,72.81762695,338609462.63,11390537.370000005,3.3639158461577,73610.75274565218,2476.203776086957,-1,-0.0848676145391638,True
300000000,3450,86956.52173913043,Lower Parel,Mumbai,Apartment,4,4,0,Unfurnished,0,1,18.9991703,72.81762695,275733394.24,24266605.75999999,8.800749661420477,79922.72296811595,7033.798771014481,-1,-0.04099748316980156,True
205725000,3219,63909.59925442684,Tardeo,Mumbai,Apartment,5,5,0,Unfurnished,0,1,18.96496964,72.80918121,212422011.35,-6697011.349999994,-3.1526918078962978,65990.06255048151,-2080.4632960546733,-1,-0.06317793465180965,True
105000000,2600,40384.61538461538,Tardeo,Mumbai,Apartment,5,6,0,Semi-Furnished,0,1,18.96496964,72.80918121,219964829.56,-114964829.56,-52.26509610193886,84601.85752307692,-44217.24213846154,-1,-0.03319971001916289,True
180000000,2800,64285.71428571428,Jacob Circle,Mumbai,Apartment,3,4,0,Unfurnished,7,1,18.98174477,72.83060455,159061857.6,20938142.40000001,13.163521862453091,56807.80628571429,7477.907999999996,-1,-0.003875770111408716,True
127317000,2660,47863.53383458647,Goregaon,Mumbai,Apartment,6,6,0,Semi-Furnished,6,1,19.17131424,72.86444855,86785743.72,40531256.28,46.70266629363397,32626.21944360902,15237.314390977452,-1,-0.012140370201414785,True
203707100,3778,53919.29592376919,Andheri,Mumbai,Apartment,5,6,0,Semi-Furnished,7,1,19.12026596,72.82816315,188602522.92,15104577.080000011,8.00868241110802,49921.26069878242,3998.035224986772,-1,-0.04446553526225683,True
200000000,4200,47619.04761904762,Lower Parel,Mumbai,Apartment,5,4,0,Unfurnished,16,1,18.99975586,72.82673645,227062265.68,-27062265.680000007,-11.918433738408565,54062.44420952381,-6443.3965904761935,-1,-0.04281892856395697,True
160000000,3000,53333.333333333336,Lower Parel,Mumbai,Apartment,5,4,0,Semi-Furnished,7,1,18.99626923,72.82688141,165490376.69904765,-5490376.699047625,-3.3176410668471346,55163.45889968254,-1830.1255663492047,-1,-0.007482909429566864,True
140000000,4300,32558.13953488372,Andheri,Mumbai,Apartment,4,4,4,Unfurnished,6,1,19.13183212,72.83072662,159471791.08,-19471791.080000013,-12.2101789590059,37086.46304186047,-4528.323506976743,-1,-0.011438614036298755,True
220000000,4300,51162.79069767442,Andheri,Mumbai,Apartment,4,5,4,Unfurnished,6,1,19.13183212,72.83072662,193065421.88,26934578.120000005,13.9510109359413,44898.93532093023,6263.855376744192,-1,-0.05696184072843302,True
70000000,5000,14000.0,Thane,Mumbai,Apartment,5,5,1,Semi-Furnished,9,1,19.25658035,72.98699951,73260000.0,-3260000.0,-4.44990444990445,14652.0,-652.0,-1,-0.007316976712463674,True
50500000,3900,12948.71794871795,Thane,Mumbai,Apartment,5,5,3,Semi-Furnished,5,1,19.23180389,72.97255707,53630000.0,-3130000.0,-5.836285661010629,13751.28205128205,-802.5641025641016,-1,-5.718546587896167e-05,True
60000000,3500,17142.85714285714,Thane,Mumbai,Independent House,5,6,4,Furnished,21,1,19.22483444,72.96968079,57518000.0,2482000.0,4.315170903021663,16433.714285714286,709.1428571428551,-1,-0.0471188587623429,True
60000000,3500,17142.85714285714,Thane,Mumbai,Independent House,5,5,3,Furnished,21,1,19.22483444,72.96968079,58091000.0,1909000.0,3.2862233392436004,16597.428571428572,545.4285714285688,-1,-0.02675198598232742,True
60000000,3500,17142.85714285714,Thane,Mumbai,Villa,5,5,3,Furnished,21,1,19.22483444,72.96968079,59915000.0,85000.0,0.1418676458315947,17118.571428571428,24.28571428571377,-1,-0.02767059714111031,True
100000000,4500,22222.222222222223,Thane,Mumbai,Apartment,6,7,3,Semi-Furnished,9,1,19.22686768,72.97250366,88620000.0,11380000.0,12.84134506883322,19693.33333333333,2528.8888888888905,-1,-0.04309319917392562,True
87500000,1760,49715.90909090909,Thane,Mumbai,Apartment,5,5,1,Semi-Furnished,12,1,19.25740433,72.98368835,82825264.0,4674736.0,5.644094294706987,47059.80909090909,2656.0999999999985,-1,-0.016870382565827513,True
87500000,1760,49715.90909090909,Thane,Mumbai,Apartment,5,5,1,Semi-Furnished,16,1,19.25499916,72.98350525,81209264.0,6290736.0,7.746328054395371,46141.62727272727,3574.2818181818147,-1,-0.028225285798871957,True
75000000,5051,14848.544842605424,Thane,Mumbai,Apartment,6,6,2,Semi-Furnished,7,1,19.25740433,72.98823547,75506000.0,-506000.0,-0.6701454189071067,14948.723025143536,-100.17818253811129,-1,-0.024725760446952072,True
87500000,5200,16826.923076923078,Thane,Mumbai,Apartment,5,5,1,Semi-Furnished,7,1,19.25658035,72.98699951,75184000.0,12316000.0,16.381144924452013,14458.46153846154,2368.461538461539,-1,-0.010015219310637535,True
464592959,4562,101839.75427444105,Churchgate,Mumbai,Independent Floor,4,4,2,Unfurnished,6,3,18.93288994,72.82569885,469619996.33,-5027037.329999983,-1.0704478875016863,102941.69143577378,-1101.9371613327385,-1,-0.10691804945844108,True
63000000,5000,12600.0,Ghodbunder Road,Mumbai,Apartment,5,5,3,Unfurnished,0,1,19.28680038,72.89315033,97047993.62,-34047993.620000005,-35.083665668883306,19409.598724,-6809.598724,-1,-0.018326963691481013,True
185464162,6521,28441.061493635945,Andheri,Mumbai,Independent Floor,4,4,2,Unfurnished,5,4,19.11366463,72.86095428,191137271.62,-5673109.620000005,-2.9680813019444545,29311.036899248586,-869.9754056126367,-1,-0.045266805119735465,True
559529299,4562,122649.9997807979,Churchgate,Mumbai,Independent Floor,4,4,3,Unfurnished,5,4,18.93288994,72.82569885,495438926.76,64090372.24000001,12.936079257867156,108601.25531784304,14048.74446295484,-1,-0.11000371328115488,True
418184949,6521,64128.9601288146,Marine Drive,Mumbai,Independent Floor,4,4,2,Unfurnished,6,3,18.93328094,72.82391357,548482374.63,-130297425.63,-23.75599137855563,84110.16326176966,-19981.20313295506,-1,-0.10129343023095683,True
254646165,5562,45783.20118662352,Churchgate,Mumbai,Independent Floor,4,4,2,Unfurnished,5,3,18.93288994,72.82569885,416760944.4155,-162114779.41550004,-38.89874557292387,74930.05113547287,-29146.849948849347,-1,-0.07913534608297923,True
556464645,6521,85334.25011501304,Colaba,Mumbai,Independent Floor,5,5,2,Unfurnished,6,14,18.91302872,72.82131195,567201295.29,-10736650.289999962,-1.8929170964799196,86980.72309308387,-1646.4729780708294,-1,-0.12268967516518348,True
741812959,6521,113757.54623524,Juhu,Mumbai,Villa,4,4,2,Unfurnished,6,1,19.10852814,72.83081818,591362833.22,150450125.77999997,25.441254899431463,90685.91216377856,23071.634071461434,-1,-0.09735625870453757,True
749181884,4562,164222.24550635685,Marine Drive,Mumbai,Villa,4,4,2,Unfurnished,5,1,18.93328094,72.82391357,396287003.9,352894880.1,89.05032883416241,86866.9451775537,77355.30032880315,-1,-0.10129343023095683,True
889595595,6852,129830.06348511385,Marine Lines,Mumbai,Villa,4,4,2,Unfurnished,5,1,18.94354057,72.82717896,824225304.1925,65370290.807500005,7.931119133929501,120289.7408336982,9540.322651415656,-1,-0.10640498889180361,True
42500000,6000,7083.333333333333,Manpada,Mumbai,Villa,4,3,4,Semi-Furnished,17,1,19.23563194,72.97525024,69709999.98333333,-27209999.98333333,-39.03313726845339,11618.333330555555,-4534.999997222222,-1,-0.01593148230796959,True
655626161,5621,116638.70503469132,Colaba,Mumbai,Independent Floor,4,4,2,Unfurnished,5,3,18.91302872,72.82131195,663158818.5525,-7532657.55250001,-1.135875350182601,117978.7971095001,-1340.092074808781,-1,-0.10640498889180361,True
247038000,3743,66000.0,Khar,Mumbai,Apartment,5,6,0,Unfurnished,0,1,19.07043266,72.82911682,248007167.86,-969167.8600000144,-0.390782197290003,66258.92809511088,-258.92809511088126,-1,-0.061886149752200525,True
249546000,3900,63986.15384615384,Khar,Mumbai,Apartment,5,5,0,Unfurnished,0,1,19.07043266,72.82911682,245694091.85,3851908.150000006,1.5677658835816268,62998.48508974359,987.6687564102468,-1,-0.05899542409428282,True
70000000,1200,58333.333333333336,Cuffe Parade,Mumbai,Apartment,2,3,2,Semi-Furnished,49,1,18.91444969,72.82053375,63388400.0,6611600.0,10.430299550075407,52823.66666666666,5509.666666666672,-1,-0.02368716375303681,True
15000000,3382,4435.245416913069,Panvel,Mumbai,Apartment,6,6,6,Unfurnished,4,1,18.95232582,73.14863586,23727540.228,-8727540.228,-36.782321910051806,7015.830936723832,-2580.585519810763,-1,-0.02706041029594719,True
130000000,2200,59090.90909090909,Prabhadevi,Mumbai,Apartment,4,4,0,Semi-Furnished,15,1,19.01255989,72.82950592,130042282.32,-42282.31999999285,-0.0325142863118528,59110.12832727272,-19.21923636363499,-1,-0.008396960371366724,True
109500000,3300,33181.818181818184,Mahalaxmi,Mumbai,Apartment,6,6,0,Semi-Furnished,0,1,18.98426056,72.81542206,142386707.03,-32886707.03,-23.096753704031496,43147.48697878788,-9965.668796969694,-1,-0.023671184124857914,True
175000000,3480,50287.35632183908,Prabhadevi,Mumbai,Apartment,6,5,0,Semi-Furnished,0,1,19.01498032,72.82868195,185678420.64,-10678420.639999986,-5.751029442836383,53355.868,-3068.5116781609177,-1,-0.03150754400888822,True
360000000,4000,90000.0,Worli,Mumbai,Apartment,4,2,0,Unfurnished,0,1,19.00811386,72.82206726,331012267.17,28987732.829999983,8.757298657790399,82753.0667925,7246.933207499998,-1,-0.053432037722463854,True
110000000,10000,11000.0,Vashi,Mumbai,Villa,8,8,0,Semi-Furnished,0,1,19.0761013,73.00013733,131249999.856,-21249999.856000006,-16.190476098525174,13124.9999856,-2124.9999856000013,-1,-0.04205930802910973,True
200000000,9000,22222.222222222223,Worli,Mumbai,Apartment,5,5,5,Unfurnished,4,1,19.00128174,72.82013702,263920125.95,-63920125.94999999,-24.21949660713247,29324.458438888887,-7102.236216666664,-1,-0.0906109914248352,True
400000000,16000,25000.0,Worli,Mumbai,Apartment,10,10,10,Unfurnished,4,1,19.00128174,72.82013702,522057314.0,-122057314.0,-23.38006014412433,32628.582125,-7628.582125000001,-1,-0.11011059459704031,True
40000000,4413,9064.12871062769,Thane,Mumbai,Apartment,5,5,5,Unfurnished,4,1,19.2163353,72.95862579,45261012.56,-5261012.560000002,-11.623718212282084,10256.291085429411,-1192.1623748017228,-1,-0.02032158562515851,True
40000000,4410,9070.2947845805,Thane,Mumbai,Apartment,5,5,4,Unfurnished,0,1,19.21374893,72.96681976,43683193.94,-3683193.9399999976,-8.431604028448469,9905.48615419501,-835.1913696145111,-1,-0.010767546988241117,True
40000000,3032,13192.612137203168,Malad,Mumbai,Apartment,5,5,5,Unfurnished,0,1,19.17390633,72.85306549,54556193.64,-14556193.64,-26.68110194060085,17993.467559366756,-4800.855422163588,-1,-0.0007148976884056024,True
350000000,6111,57273.7686139748,Bandra,Mumbai,Apartment,4,4,0,Semi-Furnished,0,1,19.06878853,72.87026215,289057658.74,60942341.25999999,21.083108998269463,47301.20417934872,9972.56443462608,-1,-0.021829195236715893,True
500000000,19000,26315.78947368421,Worli,Mumbai,Apartment,12,12,12,Unfurnished,7,1,19.00934601,72.82328033,540022533.67,-40022533.66999996,-7.4112710441926035,28422.238614210524,-2106.4491405263143,-1,-0.10764451292936517,True
300000000,9000,33333.333333333336,Bandra Kurla Complex,Mumbai,Apartment,5,5,5,Unfurnished,9,1,19.06703949,72.8692627,288637466.54,11362533.45999998,3.936610723551141,32070.82961555556,1262.5037177777776,-1,-0.09163154635198834,True
300000000,6650,45112.78195488722,Napeansea Road,Mumbai,Apartment,8,8,8,Unfurnished,4,1,18.94462967,72.79460144,361009803.12,-61009803.120000005,-16.899763550110656,54287.18843909774,-9174.406484210522,-1,-0.11798885682765903,True
250000000,6000,41666.66666666666,Malabar Hill,Mumbai,Apartment,6,6,6,Unfurnished,4,1,18.95428848,72.80132294,338063227.73,-88063227.73000002,-26.04933648694061,56343.871288333336,-14677.20462166668,-1,-0.11538963326497498,True
250000000,10000,25000.0,Tardeo,Mumbai,Apartment,6,6,6,Unfurnished,8,1,18.97157097,72.81375122,361777927.74,-111777927.74,-30.896834541086697,36177.792774,-11177.792774,-1,-0.10702449776720724,True
150000000,4839,30998.140111593304,Worli,Mumbai,Apartment,4,4,4,Unfurnished,1,1,19.00811386,72.82206726,223423728.44,-73423728.44,-32.86299488092098,46171.46692291796,-15173.326811324652,-1,-0.028621507558294956,True
300000000,9000,33333.333333333336,Bandra,Mumbai,Apartment,5,5,5,Unfurnished,4,1,19.06661415,72.82821655,341635921.57,-41635921.56999999,-12.187220061245505,37959.54684111111,-4626.213507777771,-1,-0.09685718732383641,True
300000000,5911,50752.83369988158,Bandra,Mumbai,Apartment,5,5,5,Unfurnished,0,1,19.067379,72.82624054,284161627.51,15838372.49000001,5.573719656938071,48073.35941634241,2679.474283539166,-1,-0.09508414810654708,True
60000000,2275,26373.62637362637,Bandra,Mumbai,Apartment,4,4,4,Unfurnished,18,1,19.06954193,72.82793427,124774680.17,-64774680.17,-51.91332094119364,54846.01326153847,-28472.386887912093,-1,-0.017849529632554373,True
112500000,3599,31258.68296749097,Bandra,Mumbai,Apartment,5,5,5,Unfurnished,6,1,19.0621109,72.82717133,179025277.15,-66525277.150000006,-37.15971186251002,49743.06116976938,-18484.37820227841,-1,-0.05190791476722589,True
654616162,6521,100385.85523692686,Colaba,Mumbai,Independent Floor,5,5,2,Unfurnished,5,14,18.91302872,72.82131195,643487098.735,11129063.264999986,1.7294928347247476,98679.2054493176,1706.6497876092617,-1,-0.12478813352962781,True
854616165,6011,142175.37265014142,Colaba,Mumbai,Independent Floor,4,4,2,Unfurnished,5,3,18.91302872,72.82131195,763077797.405,91538367.59500004,11.99594168593225,126946.8969231409,15228.47572700052,-1,-0.10897376654817126,True
565292959,5562,101634.8362099964,Marine Lines,Mumbai,Independent Floor,4,4,2,Unfurnished,6,4,18.94354057,72.82717896,514134118.148,51158840.852,9.950485495162816,92436.91444588278,9197.92176411362,-1,-0.10743145727229475,True
164641616,5562,29601.153541891406,Hiranandani Estates,Mumbai,Independent Floor,4,4,2,Unfurnished,5,3,19.01766014,72.85617828,168687164.67,-4045548.669999987,-2.3982551831458125,30328.50857065804,-727.3550287666294,-1,-0.02597173515164597,True
2550000,1000,2550.0,Thane,Mumbai,Apartment,2,2,0,Unfurnished,28,1,22.72966766,88.37297058,2970210.0,-420210.0,-14.147484521296477,2970.21,-420.21,-1,-0.0024954206840182014,True
264436544,4459,59304.00179412424,Bandra,Mumbai,Apartment,3,3,0,Unfurnished,0,1,19.0533371,72.84757233,230838824.82,33597719.18000001,14.554622345785344,51769.19148239515,7534.810311729088,-1,-0.0005484742182046976,True
155198560,2617,59303.99694306458,Bandra,Mumbai,Apartment,5,5,0,Unfurnished,0,1,19.0533371,72.84757233,144055931.85076922,11142628.149230778,7.734931846314859,55046.21010728667,4257.786835777908,-1,-0.0172498427569584,True
116295144,1961,59304.0,Bandra,Mumbai,Apartment,5,5,0,Unfurnished,0,1,19.0533371,72.84757233,114949652.48,1345491.5199999958,1.1705050785030402,58617.87479857216,686.1252014278434,-1,-0.0010685156016989605,True
137051552,2311,59304.00346170489,Bandra,Mumbai,Apartment,5,5,0,Unfurnished,0,1,19.0533371,72.84757233,132168963.91076924,4882588.089230761,3.69420168302683,57191.243578870286,2112.7598828346017,-1,-0.008579470207153439,True
189110912,4306,43918.000928936366,Parel,Mumbai,Apartment,5,5,0,Unfurnished,0,1,19.00554466,72.84766388,174993699.68,14117212.319999993,8.067268905003582,40639.50294472829,3278.4979842080797,-1,-0.028685212211264632,True
225000000,4000,56250.0,Bandra,Mumbai,Apartment,5,4,0,Furnished,0,1,19.05635643,72.8288269,255288512.91,-30288512.91,-11.864424515128096,63822.1282275,-7572.128227499998,-1,-0.039295872474565674,True
270000000,4800,56250.0,Bandra,Mumbai,Apartment,7,7,0,Furnished,0,1,19.05635643,72.8288269,259029706.36,10970293.639999986,4.23514885383588,53964.52215833333,2285.477841666667,-1,-0.07153525348728507,True
270000000,8000,33750.0,Deonar,Mumbai,Apartment,10,10,0,Unfurnished,0,1,19.05683327,72.91712189,244286970.365,25713029.63499999,10.52574748320838,30535.871295625,3214.128704374998,-1,-0.06615408425799962,True
40000000,3151,12694.38273563948,Thane,Mumbai,Apartment,5,5,5,Unfurnished,4,1,19.22019005,72.9637146,38119381.28,1880618.7199999988,4.93349749353539,12097.55039035227,596.83234528721,-1,-0.006618760301971838,True
120000000,4563,26298.48783694937,Lower Parel,Mumbai,Apartment,5,5,5,Unfurnished,4,1,19.00232315,72.82753754,151078876.91,-31078876.91,-20.57129199372733,33109.55005698006,-6811.062220030686,-1,-0.0630138475455646,True
190000000,5000,38000.0,Ville Parle,Mumbai,Apartment,6,6,0,Furnished,0,1,19.0951004,72.8605957,187517964.48,2482035.5200000107,1.3236254600367827,37503.592896,496.40710400000535,-1,-0.04297929918365939,True
180000000,3150,57142.857142857145,Tardeo,Mumbai,Independent Floor,4,5,0,Semi-Furnished,0,1,18.96496964,72.80918121,261064751.37,-81064751.37,-31.05158813841901,82877.69884761905,-25734.8417047619,-1,-0.04337037543158384,True
132022488,3369,39187.44078361532,Borivali,Mumbai,Apartment,5,5,0,Unfurnished,0,1,19.23996353,72.84527588,133211752.16,-1189264.1599999964,-0.8927621930620482,39540.44290887503,-353.0021252597144,-1,-0.0056670268624590125,True
157370576,4016,39185.900398406375,Borivali,Mumbai,Apartment,5,5,0,Unfurnished,0,1,19.23996353,72.84527588,142979910.18,14390665.819999993,10.064816659825372,35602.567275896414,3583.333122509961,-1,-0.015722196986491688,True
140000000,3700,37837.83783783784,Andheri,Mumbai,Apartment,6,6,0,Furnished,6,1,19.15156555,72.83294678,135163224.89,4836775.110000014,3.5784697456991954,36530.601321621616,1307.236516216224,-1,-0.024522645195166115,True
210000000,6600,31818.18181818182,Andheri,Mumbai,Apartment,8,8,0,Furnished,6,1,19.15156555,72.83294678,252009436.05,-42009436.05000001,-16.669786936734035,38183.24788636364,-6365.066068181815,-1,-0.06648701852412653,True
119053500,3300,36076.81818181818,Andheri,Mumbai,Apartment,6,6,0,Furnished,0,1,19.15320396,72.82540131,114182533.55,4870966.450000003,4.265947074879915,34600.76774242424,1476.0504393939336,-1,-0.0111188833853062,True
120000000,2900,41379.31034482759,Andheri,Mumbai,Apartment,6,6,0,Furnished,8,1,19.12363625,72.83045959,131871200.64,-11871200.64,-9.002117659038856,45472.82780689655,-4093.517462068965,-1,-0.02034809288416073,True
112500000,2750,40909.09090909091,Ville Parle,Mumbai,Apartment,6,6,0,Semi-Furnished,0,1,19.10008049,72.84759521,122553208.49846151,-10053208.49846153,-8.203137740443355,44564.80309034965,-3655.712181258736,-1,-0.006999900491119426,True
212793200,2337,91054.00085579805,Prabhadevi,Mumbai,Apartment,4,4,0,Unfurnished,0,1,19.01910782,72.82910156,200930553.52,11862646.47999999,5.903853979489097,85977.98610183997,5076.014753958079,-1,-0.0246370168625768,True
284543744,3125,91053.99808,Prabhadevi,Mumbai,Apartment,4,4,0,Unfurnished,0,1,19.01910782,72.82910156,264422898.4,20120845.599999998,7.609343109749377,84615.327488,6438.6705920000095,-1,-0.0424609882378405,True
265786624,2919,91053.99931483384,Prabhadevi,Mumbai,Apartment,4,4,0,Unfurnished,0,1,19.01910782,72.82910156,243666564.56,22120059.44,9.078003574246312,83476.0413018157,7577.958013018142,-1,-0.03698499118820875,True
117500000,2900,40517.24137931035,Ville Parle,Mumbai,Apartment,6,6,0,Semi-Furnished,0,1,19.09764671,72.85171509,121069555.62,-3569555.620000005,-2.94835113726174,41748.12262758621,-1230.8812482758583,-1,-0.009062909559376275,True
125000000,3000,41666.66666666666,Ville Parle,Mumbai,Apartment,6,6,0,Furnished,0,1,19.09699821,72.85171509,124017082.24,982917.7600000054,0.7925664289519777,41339.02741333333,327.63925333332736,-1,-0.00951008752213589,True
175000000,3850,45454.545454545456,Santacruz,Mumbai,Apartment,5,5,0,Furnished,0,1,19.07855034,72.83624268,180732964.57,-5732964.569999993,-3.172063593180064,46943.62716103896,-1489.0817064935036,-1,-0.010349316196593739,True
190000000,4200,45238.09523809524,Santacruz,Mumbai,Apartment,6,6,0,Furnished,0,1,19.07844925,72.83579254,198125480.98,-8125480.979999989,-4.101179181904535,47172.73356666666,-1934.6383285714253,-1,-0.044370083622356504,True
200000000,4500,44444.444444444445,Santacruz,Mumbai,Apartment,6,6,0,Furnished,0,1,19.07698441,72.83528137,210176538.16,-10176538.159999996,-4.84190017072836,46705.89736888889,-2261.452924444442,-1,-0.050114497215047016,True
230000000,4900,46938.77551020408,Santacruz,Mumbai,Apartment,7,7,0,Furnished,0,1,19.07847404,72.83661652,225775538.0,4224462.0,1.8710893294383384,46076.64040816327,862.1351020408183,-1,-0.060381687285681496,True
200000000,5300,37735.84905660377,Santacruz,Mumbai,Apartment,7,7,0,Furnished,0,1,19.07848358,72.83592224,296421563.8,-96421563.8,-32.52852544326264,55928.59694339623,-18192.74788679246,-1,-0.06480094051062735,True
270000000,5600,48214.28571428572,Santacruz,Mumbai,Apartment,8,8,0,Furnished,0,1,19.07842255,72.83594513,270715019.0,-715019.0,-0.2641223980262432,48341.96767857143,-127.68196428570808,-1,-0.06903383786800077,True
295000000,6000,49166.66666666666,Santacruz,Mumbai,Apartment,8,8,0,Furnished,0,1,19.07834244,72.83403778,290281656.0,4718344.0,1.6254365036418286,48380.276,786.390666666659,-1,-0.0749088819854069,True
300000000,6350,47244.09448818897,Juhu,Mumbai,Apartment,9,9,0,Furnished,0,1,19.07850456,72.83686829,295408616.0,4591384.0,1.554248505737558,46521.04188976378,723.0525984251944,-1,-0.07057061359400496,True
150000000,3300,45454.545454545456,Khar,Mumbai,Apartment,5,5,0,Furnished,0,1,19.0711422,72.83582306,165586055.056,-15586055.055999994,-9.412661622217463,50177.59244121212,-4723.046986666661,-1,-0.0053183018887960065,True
180000000,4000,45000.0,Khar,Mumbai,Apartment,5,4,0,Furnished,9,1,19.06929016,72.83525848,184276412.96,-4276412.960000008,-2.3206512929727303,46069.10324,-1069.103240000004,-1,-0.00218365124549158,True
165000000,3600,45833.333333333336,Khar,Mumbai,Apartment,5,5,0,Furnished,1,1,19.07380676,72.83124542,173572513.53,-8572513.530000001,-4.938865812136979,48214.58709166667,-2381.2537583333324,-1,-0.007478373063004584,True
220000000,4750,46315.78947368421,Khar,Mumbai,Apartment,7,7,0,Furnished,0,1,19.07167053,72.83486938,230005857.0,-10005857.0,-4.350261828332484,48422.285684210525,-2106.496210526311,-1,-0.05982868934279606,True
260000000,5450,47706.42201834863,Khar,Mumbai,Apartment,9,9,0,Furnished,0,1,19.0719738,72.83562469,265736900.0,-5736900.0,-2.158864651465416,48759.064220183485,-1052.642201834853,-1,-0.06903383786800077,True
280000000,5800,48275.86206896552,Khar,Mumbai,Apartment,9,9,0,Furnished,0,1,19.07112122,72.83592224,273700000.0,6300000.0,2.301790281329924,47189.65517241379,1086.206896551732,-1,-0.07049813008128647,True
300000000,6200,48387.096774193546,Juhu,Mumbai,Apartment,10,9,0,Furnished,0,1,19.07095909,72.83562469,300350000.0,-350000.0,-0.1165307141668054,48443.54838709677,-56.451612903227215,-1,-0.07294523159622235,True
320000000,6500,49230.769230769234,Chembur,Mumbai,Apartment,10,9,0,Furnished,0,1,19.07024956,72.8334198,311650000.0,8350000.0,2.679287662441842,47946.15384615384,1284.6153846153902,-1,-0.07589270184717978,True
130000000,3300,39393.93939393939,Ville Parle,Mumbai,Apartment,6,6,0,Furnished,0,1,19.0951004,72.8605957,129000005.13,999994.8700000048,0.7751897908781151,39090.91064545455,303.028748484845,-1,-0.012125794829768388,True
280000000,3400,82352.94117647059,Bandra Kurla Complex,Mumbai,Apartment,4,4,2,Unfurnished,2,1,19.06611252,72.86910248,229317539.45,50682460.55000001,22.101432219950507,67446.33513235294,14906.606044117652,-1,-0.06361232432225594,True
180000000,2500,72000.0,Santacruz,Mumbai,Apartment,4,4,1,Unfurnished,8,1,19.08087349,72.83625031,127383918.37333332,52616081.626666665,41.305121006296005,50953.56734933333,21046.43265066667,-1,-0.012214385268252914,True
180000000,4000,45000.0,Malad,Mumbai,Apartment,6,6,0,Furnished,0,1,19.10591888,72.83231354,203975010.52,-23975010.52000001,-11.75389595954904,50993.75263,-5993.752630000003,-1,-0.04480910031258967,True
200000000,4560,43859.649122807015,Juhu,Mumbai,Apartment,6,6,0,Furnished,0,1,19.10851479,72.83197021,214166018.16,-14166018.159999996,-6.614503216573225,46966.23205263158,-3106.5829298245662,-1,-0.05242185637588703,True
228690000,5000,45738.0,Juhu,Mumbai,Apartment,7,7,0,Furnished,0,1,19.10851479,72.83437347,230657571.0,-1967571.0,-0.8530268447160575,46131.5142,-393.5141999999978,-1,-0.06086359857988033,True
241501900,5280,45738.996212121216,Juhu,Mumbai,Apartment,7,7,0,Furnished,0,1,19.10559464,72.83300781,261729765.29,-20227865.28999999,-7.728530710898415,49570.03130492424,-3831.035092803024,-1,-0.06805929295651869,True
280000000,5500,50909.09090909091,Juhu,Mumbai,Apartment,8,8,0,Furnished,0,1,19.10591888,72.83403778,276842592.0,3157408.0,1.1405065879458318,50335.01672727273,574.074181818185,-1,-0.07196539747321673,True
280000000,5750,48695.65217391304,Juhu,Mumbai,Apartment,8,9,0,Furnished,0,1,19.10608292,72.83300781,301414655.0,-21414655.0,-7.104715926967785,52419.94,-3724.287826086962,-1,-0.07737093003953577,True
279780800,6000,46630.13333333333,Juhu,Mumbai,Apartment,8,8,0,Furnished,0,1,19.10689163,72.83231354,299453807.67,-19673007.670000017,-6.569630162018108,49908.967945,-3278.834611666673,-1,-0.07245514879913617,True
340000000,7000,48571.42857142857,Kandivali,Mumbai,Apartment,9,9,0,Furnished,0,1,19.10737991,72.83300781,327018060.0,12981940.0,3.969792983298843,46716.86571428571,1854.5628571428608,-1,-0.07991474245106933,True
380000000,7500,50666.66666666666,Juhu,Mumbai,Apartment,9,9,0,Furnished,0,1,19.10640526,72.83231354,364896287.67,15103712.329999983,4.139179498493357,48652.838356,2013.8283106666568,-1,-0.08281684308727189,True
440000000,9200,47826.086956521736,Juhu,Mumbai,Apartment,10,9,0,Furnished,0,1,19.10867691,72.83163452,411425132.0,28574868.0,6.94533847776708,44720.12304347826,3105.963913043473,-1,-0.07916049155277471,True
125000000,3100,40322.58064516129,Vile Parle,Mumbai,Apartment,5,5,0,Furnished,6,1,19.10355759,72.84113312,149287802.15600002,-24287802.156000014,-16.269113621634133,48157.35553419356,-7834.774889032269,-1,-0.009564920074288219,True
200000000,4200,47619.04761904762,Vile Parle,Mumbai,Apartment,6,6,0,Furnished,6,1,19.10355759,72.84113312,192704236.1,7295763.900000006,3.785990410825228,45881.96097619047,1737.0866428571462,-1,-0.05099886518823682,True
180000000,4200,42857.142857142855,Andheri,Mumbai,Apartment,6,6,0,Furnished,7,1,19.12768555,72.83052826,185729349.76,-5729349.75999999,-3.0847842666780845,44221.27375238095,-1364.1308952380932,-1,-0.04250833464008319,True
150000000,4100,36585.365853658535,Andheri,Mumbai,Apartment,5,5,0,Furnished,4,1,19.13147163,72.82787323,160996271.15,-10996271.150000006,-6.830140270612104,39267.38320731708,-2682.0173536585426,-1,-0.0032117083020736237,True
120000000,3500,34285.71428571428,Andheri,Mumbai,Apartment,6,6,0,Furnished,8,1,19.13805389,72.8253479,120514707.2,-514707.200000003,-0.4270907775146658,34432.773485714286,-147.05920000000333,-1,-0.017997020646691175,True
240000000,7000,34285.71428571428,Andheri,Mumbai,Apartment,10,9,0,Furnished,8,1,19.13805389,72.8253479,281438442.65,-41438442.649999976,-14.723803279970992,40205.491807142855,-5919.777521428572,-1,-0.06843316708666303,True
139500000,4650,30000.0,Andheri,Mumbai,Apartment,5,5,0,Unfurnished,7,1,19.12026596,72.82816315,158812824.72,-19312824.72,-12.16074630877581,34153.29563870968,-4153.295638709678,-1,-0.010044436989098737,True
155000000,2900,53448.27586206896,Tardeo,Mumbai,Apartment,3,4,0,Semi-Furnished,13,1,18.97144699,72.81274414,191731899.57,-36731899.56999999,-19.1579490175496,66114.4481275862,-12666.172265517249,-1,-0.02203347280492196,True
160000000,2000,80000.0,Khar,Mumbai,Apartment,4,4,2,Semi-Furnished,0,1,19.07043266,72.82911682,134073732.25,25926267.75,19.33732082706305,67036.866125,12963.133875,-1,-0.011910722398478901,True
112500000,1687,66686.42560758743,Peddar Road,Mumbai,Apartment,3,3,1,Semi-Furnished,16,1,18.97031593,72.80643463,108400896.8,4099103.200000003,3.781429232603916,64256.60746887967,2429.818138707764,-1,-0.020597767616534646,True
220000000,10894,20194.60253350468,Bandra,Mumbai,Apartment,8,8,8,Unfurnished,10,1,19.06521416,72.82885742,479621366.04,-259621366.04,-54.13048384052762,44026.19478979255,-23831.59225628787,-1,-0.10661775644276283,True
100000000,4500,22222.222222222223,Andheri,Mumbai,Apartment,4,5,4,Unfurnished,21,1,19.15119553,72.82872772,126741660.0,-26741660.0,-21.099344919421128,28164.81333333333,-5942.591111111109,-1,-0.05237067935235318,True
65000000,3400,19117.647058823528,Goregaon,Mumbai,Apartment,5,5,3,Furnished,15,1,19.16967392,72.86483765,76057385.88,-11057385.879999995,-14.53821447064438,22369.819376470587,-3252.1723176470587,-1,-0.021301664811628207,True
300000000,5000,60000.0,Bandra,Mumbai,Independent Floor,6,6,0,Furnished,0,1,19.05635643,72.8288269,293543589.34,6456410.660000026,2.199472546655352,58708.71786799999,1291.2821320000076,-1,-0.07891204246286943,True
150000000,3000,50000.0,Vile Parle,Mumbai,Apartment,6,6,0,Unfurnished,6,1,19.10355759,72.84113312,145082185.68,4917814.319999993,3.389674822549856,48360.72856,1639.2714399999968,-1,-0.042461392109213736,True
215000880,1500,143333.92,Kandivali,Mumbai,Apartment,3,3,0,Furnished,15,1,19.20157623,72.87600708,132060484.60504204,82940395.39495797,62.80485464142491,88040.32307002801,55293.596929972,-1,-0.027354080622153276,True
160000000,2119,75507.31477111846,Prabhadevi,Mumbai,Apartment,3,3,0,Furnished,12,1,19.01110649,72.82633972,149381165.09,10618834.909999996,7.108550066269935,70496.06658329401,5011.248187824443,-1,-0.005346825315154846,True
250000000,10000,25000.0,Lokhandwala Complex,Mumbai,Independent House,6,7,4,Unfurnished,19,1,19.14414024,72.81971741,292725610.87,-42725610.870000005,-14.595788439220144,29272.561087,-4272.561087000002,-1,-0.10053005757570666,True
200000000,2500,80000.0,Lower Parel,Mumbai,Apartment,4,4,0,Unfurnished,7,1,19.00232315,72.82753754,181282688.12,18717311.879999995,10.32493067821792,72513.07524800001,7486.924751999992,-1,-0.032484378352899856,True
340000000,6000,56666.66666666666,Lower Parel,Mumbai,Apartment,5,5,0,Unfurnished,7,1,19.00232315,72.82753754,305770146.0725,34229853.92750001,11.194635698471329,50961.69101208333,5704.9756545833225,-1,-0.06850437875053794,True
250000000,5200,48076.92307692308,Lower Parel,Mumbai,Apartment,5,5,3,Unfurnished,7,1,18.99626923,72.82688141,206831868.47,43168131.53,20.8711219645832,39775.35932115385,8301.563755769232,-1,-0.07993785036039969,True
140000000,2700,51851.851851851854,Lower Parel,Mumbai,Apartment,3,3,3,Unfurnished,7,1,18.99626923,72.82688141,141276303.61857143,-1276303.6185714304,-0.9034095498543708,52324.55689576719,-472.7050439153391,-1,-0.013951417130989352,True
140000000,3500,40000.0,Andheri,Mumbai,Apartment,4,4,4,Semi-Furnished,6,1,19.15156555,72.83294678,135240098.0775,4759901.922500014,3.519593663539293,38640.028022142855,1359.9719778571452,-1,-0.0056695247115604586,True
220000000,5200,42307.69230769231,Andheri,Mumbai,Apartment,5,5,5,Semi-Furnished,6,1,19.15156555,72.83294678,194368119.01,25631880.99000001,13.187286639678437,37378.484425,4929.207882692317,-1,-0.07983520255168608,True
2100000,850,2470.5882352941176,Ambernath,Mumbai,Apartment,1,2,1,Furnished,55,1,23.19274521,77.47131348,2291900.09,-191900.08999999985,-8.372969259755116,2696.3530470588234,-225.76481176470588,-1,-0.03207251547654555,True
81100000,2870,28257.83972125436,Borivali,Mumbai,Apartment,7,7,0,Unfurnished,0,1,19.22641754,72.86497498,100904418.024127,-19804418.02412699,-19.62690872404775,35158.333806316026,-6900.494085061666,-1,-0.001474862002039945,True
117500000,7000,16785.714285714286,Thane,Mumbai,Apartment,5,4,5,Furnished,2,1,19.24436569,72.96923828,115413314.04,2086685.9599999932,1.8080114736821344,16487.61629142857,298.0979942857157,-1,-0.049314699451835864,True
210000000,2700,77777.77777777778,Altamount Road,Mumbai,Apartment,3,3,0,Unfurnished,8,1,18.96517944,72.80948639,234197139.51,-24197139.50999999,-10.331953481851473,86739.6813,-8961.903522222216,-1,-0.037527254193083115,True
125000000,2000,62500.0,Malabar Hill,Mumbai,Apartment,2,3,0,Semi-Furnished,13,1,18.95427322,72.80132294,117844203.68,7155796.319999993,6.07225141037161,58922.10184,3577.898159999997,-1,-0.002519811366672897,True
134500000,2303,58402.0842379505,Worli,Mumbai,Apartment,5,5,0,Unfurnished,0,1,19.00128174,72.82013702,125477714.4,9022285.599999994,7.190349013880343,54484.46131133305,3917.6229266174487,-1,-0.007227747365930792,True
160000000,5500,29090.90909090909,Oshiwara Police Station Road,Mumbai,Apartment,4,4,3,Unfurnished,12,1,19.149683,72.83291626,243751577.03,-83751577.03,-34.35939904491046,44318.46855090909,-15227.559460000004,-1,-0.0417555962579339,True
140000000,5872,23841.96185286104,Marine Lines,Mumbai,Apartment,5,5,5,Unfurnished,0,1,18.94594574,72.82582855,178258405.35,-38258405.35,-21.46232895715736,30357.357859332424,-6515.396006471383,-1,-0.06852106118100088,True
130000000,5872,22138.96457765668,Marine Lines,Mumbai,Apartment,5,5,0,Unfurnished,0,1,18.94594574,72.82582855,190358781.65,-60358781.650000006,-31.707905002763503,32418.048646117168,-10279.084068460488,-1,-0.030138595353956243,True
290000000,3200,90625.0,Vile Parle,Mumbai,Apartment,4,3,0,Semi-Furnished,6,1,19.1137085,72.83090973,252709628.92,37290371.08000001,14.756212986171963,78971.7590375,11653.2409625,-1,-0.04591691028953604,True
150000000,2000,75000.0,Cuffe Parade,Mumbai,Apartment,3,2,0,Semi-Furnished,12,1,18.91444969,72.82053375,138852463.1,11147536.900000006,8.028332123983766,69426.23155,5573.768450000003,-1,-0.005197216227976309,True
220000000,5600,39285.71428571428,Andheri,Mumbai,Apartment,4,4,4,Unfurnished,7,1,19.13183212,72.83072662,380542648.75,-160542648.75,-42.18782028173393,67954.04441964286,-28668.33013392857,-1,-0.06617113636415473,True
999999999,20000,49999.99995,Cuffe Parade,Mumbai,Independent Floor,15,15,15,Unfurnished,43,4,18.91444969,72.82053375,835149364.53,164850634.47000003,19.73906003781415,41757.4682265,8242.531723499997,-1,-0.1439320249877819,True
390000000,4600,84782.60869565218,Juhu,Mumbai,Apartment,4,4,0,Semi-Furnished,0,1,19.10496521,72.83293152,308973740.36,81026259.63999999,26.224319110611937,67168.20442608696,17614.404269565217,-1,-0.04159051916021461,True
368400000,4912,75000.0,Worli,Mumbai,Apartment,4,4,0,Unfurnished,0,1,18.99860001,72.81739807,324624472.01,43775527.99000001,13.484974721391774,66088.0439759772,8911.956024022802,-1,-0.04856431997190447,True
171000000,2594,65921.35697764071,Santacruz,Mumbai,Apartment,5,5,0,Unfurnished,3,1,19.07639122,72.82901764,156955402.42266667,14044597.577333331,8.948145371583008,60507.09422616294,5414.2627514777705,-1,-0.030624789920892015,True
420000000,6000,70000.0,Juhu,Mumbai,Villa,5,5,2,Furnished,12,1,19.10852814,72.83081818,386542486.79,33457513.20999998,8.655584923624891,64423.74779833334,5576.252201666663,-1,-0.10970219874288822,True
44000000,3400,12941.176470588236,Kharghar,Mumbai,Apartment,6,6,6,Semi-Furnished,2,1,19.05342484,73.06720734,42603164.26,1396835.740000002,3.278713598537768,12530.342429411765,410.8340411764712,-1,-0.02951393322819129,True
110000000,3600,30555.555555555555,Andheri,Mumbai,Apartment,6,6,4,Furnished,10,1,19.14121819,72.82975006,115729341.68,-5729341.680000007,-4.950638789462789,32147.03935555556,-1591.4838000000018,-1,-0.05346685335152834,True
200000000,2100,95238.09523809524,Breach Candy,Mumbai,Apartment,3,4,3,Semi-Furnished,16,1,18.97393608,72.80551147,169451885.66,30548114.340000004,18.027603659302947,80691.37412380952,14546.721114285712,-1,-0.07039640867333419,True
228700000,4875,46912.82051282052,Byculla,Mumbai,Apartment,7,5,5,Unfurnished,2,1,18.98697472,72.83722687,227632800.08,1067199.919999987,0.4688251955012312,46693.907708717954,218.9128041025688,-1,-0.0887830929705864,True
282100000,6012,46922.82102461744,Byculla,Mumbai,Apartment,7,5,5,Unfurnished,2,1,18.98697472,72.83722687,259412831.88,22687168.120000005,8.745584385931497,43149.17363273453,3773.647391882914,-1,-0.09734865181900143,True
244700000,5215,46922.33940556088,Byculla,Mumbai,Apartment,7,5,5,Unfurnished,2,1,18.98697472,72.83722687,236071947.2,8628052.800000012,3.6548403579228887,45267.87098753595,1654.4684180249317,-1,-0.09229816027659776,True
240000000,4300,55813.95348837209,Bandra,Mumbai,Apartment,6,6,0,Furnished,0,1,19.05635643,72.8288269,242238480.65,-2238480.650000006,-0.9240813614721646,56334.53038372093,-520.5768953488368,-1,-0.06568748908800914,True
200000000,3000,66666.66666666667,Worli,Mumbai,Apartment,4,4,0,Furnished,0,1,19.01440239,72.81661224,207172410.76,-7172410.75999999,-3.462049185839185,69057.47025333333,-2390.803586666661,-1,-0.010701674081604273,True
293699456,2403,122221.99583853516,Tardeo,Mumbai,Apartment,4,1,0,Unfurnished,6,1,18.96665192,72.80921173,273198961.13,20500494.870000005,7.503869994675775,113690.78698709946,8531.208851435702,-1,-0.07219782154971355,True
244199552,1998,122221.997997998,Tardeo,Mumbai,Apartment,3,1,0,Unfurnished,6,1,18.96665192,72.80921173,172506463.72,71693088.28,41.55965332195727,86339.57143143142,35882.42656656657,-1,-0.03291556703727483,True
291499456,2385,122221.99412997904,Tardeo,Mumbai,Apartment,4,1,0,Unfurnished,6,1,18.96665192,72.80921173,250277170.21,41222285.78999999,16.47065361791154,104938.01685953878,17283.977270440257,-1,-0.06780352788286781,True
503799072,4122,122221.99708879185,Tardeo,Mumbai,Apartment,5,1,0,Unfurnished,6,1,18.96665192,72.80921173,444735554.74,59063517.25999999,13.28059261970398,107893.14768073751,14328.849408054331,-1,-0.09661971182714824,True
345399360,2826,122221.9957537155,Tardeo,Mumbai,Apartment,5,1,0,Unfurnished,6,1,18.96665192,72.80921173,251571681.43,93827678.57,37.29659794642173,89020.41098018401,33201.58477353149,-1,-0.085460896176771,True
180000000,2500,72000.0,Juhu Scheme,Mumbai,Apartment,4,4,0,Semi-Furnished,7,1,19.10780334,72.82821655,172549000.0,7451000.0,4.318193672522009,69019.6,2980.399999999994,-1,-0.010619826026451284,True
360000000,12000,30000.0,Bandra,Mumbai,Apartment,8,8,0,Furnished,5,1,19.05281067,72.8361969,406998072.06,-46998072.06,-11.547492552513004,33916.506005,-3916.506005000003,-1,-0.07594058240068602,True
157500000,5000,31500.0,Bandra,Mumbai,Apartment,4,3,0,Semi-Furnished,17,1,19.06954193,72.82793427,235878181.14,-78378181.13999999,-33.22824551266166,47175.636228,-15675.636227999996,-1,-0.0004221965157500396,True
200000000,4500,44444.444444444445,Bandra,Mumbai,Apartment,4,4,0,Furnished,13,1,19.05858612,72.82415771,233742857.14,-33742857.139999986,-14.435888032201875,51942.857142222216,-7498.41269777777,-1,-0.0213915003514471,True
195000000,2013,96870.34277198212,Bandra,Mumbai,Apartment,3,3,3,Furnished,12,1,19.06009293,72.83030701,92365867.43,102634132.57,111.11694766227562,45884.68327372082,50985.6594982613,-1,-0.016035333193394452,True
102500000,1910,53664.92146596859,Worli,Mumbai,Apartment,5,5,5,Furnished,22,1,19.00128174,72.82013702,97175529.72,5324470.280000001,5.479229488474973,50877.24069109948,2787.680774869113,-1,-0.06136639434663704,True
90000000,4000,22500.0,Worli,Mumbai,Apartment,4,5,4,Unfurnished,4,1,19.00128174,72.82013702,118417426.46,-28417426.459999997,-23.997672732398943,29604.356615,-7104.356614999997,-1,-0.020826157407801027,True
120000000,5000,24000.0,Worli,Mumbai,Apartment,5,5,5,Unfurnished,4,1,19.00128174,72.82013702,142924197.12,-22924197.120000005,-16.03940940857811,28584.839424,-4584.839424000002,-1,-0.06050035188413094,True
45000000,2211,20352.7815468114,Girgaon,Mumbai,Apartment,5,5,5,Unfurnished,0,1,18.95417595,72.82385254,79081879.06,-34081879.06,-43.096951495224125,35767.47130710086,-15414.68976028946,-1,-0.014042256780854356,True
130000000,1350,96296.29629629628,Bandstand,Mumbai,Apartment,3,3,3,Furnished,13,1,19.04828072,72.82025146,107340000.0,22660000.0,21.11049003167505,79511.11111111111,16785.185185185168,-1,-0.03251420109690761,True
160000000,4678,34202.650705429674,Worli,Mumbai,Apartment,3,3,3,Semi-Furnished,4,1,19.00128174,72.82013702,228614400.58,-68614400.58000001,-30.01315770394328,48870.115557930745,-14667.46485250107,-1,-0.031978823065099804,True
30000000,4113,7293.946024799417,Chembur,Mumbai,Apartment,5,5,5,Unfurnished,0,1,19.05843353,72.89537048,50908990.4,-20908990.4,-41.07131222936214,12377.58093848772,-5083.634913688305,-1,-0.011814534039785163,True
160000000,3000,53333.333333333336,Worli,Mumbai,Apartment,4,4,0,Semi-Furnished,21,1,18.99315071,72.82222748,173808467.06,-13808467.060000002,-7.944645789455823,57936.155686666665,-4602.822353333329,-1,-0.03493254396350853,True
125000000,1600,78125.0,Juhu Scheme,Mumbai,Apartment,3,3,3,Furnished,13,1,19.10780334,72.82821655,111800000.0,13200000.0,11.80679785330948,69875.0,8250.0,-1,-0.02902577717767285,True
500000000,10000,50000.0,Juhu Scheme,Mumbai,Apartment,6,6,0,Semi-Furnished,4,1,19.10780334,72.82821655,474937867.33,25062132.670000017,5.276928708779112,47493.786733,2506.213266999999,-1,-0.08573533387976084,True
85000000,2500,34000.0,Worli,Mumbai,Apartment,4,4,4,Semi-Furnished,10,1,18.99649239,72.81742859,123241578.32,-38241578.31999999,-31.02977001860909,49296.631328,-15296.631327999996,-1,-0.010728568075614398,True
35000000,2588,13523.956723338486,Andheri,Mumbai,Apartment,5,5,5,Unfurnished,4,1,19.11208153,72.85683441,68986018.2,-33986018.2,-49.26508165969202,26656.11213292117,-13132.155409582689,-1,-0.0067551240220490305,True
800000000,7700,103896.1038961039,Juhu Scheme,Mumbai,Independent House,6,6,6,Furnished,12,1,19.10780334,72.82821655,372689766.13,427310233.87,114.6557466031808,48401.26832857143,55494.83556753247,-1,-0.12478813352962781,True
102500000,2200,46590.90909090909,Worli Sea Fase,Mumbai,Apartment,5,5,5,Semi-Furnished,12,1,19.00914383,72.81572723,113691356.51333332,-11191356.51333332,-9.8436300318229,51677.88932424242,-5086.980233333328,-1,-0.053327964125490124,True
134999584,4517,29887.00110692938,Marine Lines,Mumbai,Apartment,5,5,0,Unfurnished,0,1,18.94594574,72.82582855,194887437.9,-59887853.900000006,-30.729458268484937,43145.32607925614,-13258.324972326762,-1,-0.028023721698737902,True
671349504,5314,126336.0,Malabar Hill,Mumbai,Apartment,7,7,0,Unfurnished,0,1,18.95508194,72.79917908,592659226.51,78690277.49000001,13.27749134243374,111527.89358487017,14808.106415129849,-1,-0.11590877477595096,True
1353723136,10715,126339.07008866077,Malabar Hill,Mumbai,Apartment,4,4,0,Unfurnished,0,1,18.95508194,72.79917908,1146893225.35,206829910.6500001,18.03392905968917,107036.23195053662,19302.83813812415,-1,-0.09033889392176131,True
2147483647,24109,89073.941142312,Malabar Hill,Mumbai,Apartment,4,4,0,Unfurnished,0,1,18.95508194,72.79917908,1842468524.78,305015122.22,16.55469920477585,76422.43663279273,12651.504509519276,-1,-0.0816148860483582,True
389999232,3087,126336.0,Malabar Hill,Mumbai,Apartment,4,4,0,Unfurnished,0,1,18.95508194,72.79917908,342191956.9,47807275.10000002,13.970893861181816,110849.35435698088,15486.645643019116,-1,-0.07477769549369095,True
676781952,5357,126336.0,Malabar Hill,Mumbai,Apartment,4,4,0,Unfurnished,0,1,18.95508194,72.79917908,644718421.32,32063530.679999948,4.973261135357805,120350.64799701326,5985.352002986736,-1,-0.085335669360735,True
499000000,20000,24950.0,Worli,Mumbai,Apartment,15,15,15,Unfurnished,14,1,19.00945282,72.82041168,532734221.6,-33734221.600000024,-6.332279818383649,26636.71108,-1686.711080000001,-1,-0.1080518050175926,True
300000000,9000,33333.333333333336,Lower Parel,Mumbai,Apartment,5,6,5,Unfurnished,4,1,19.00762367,72.83289337,318053340.58,-18053340.579999983,-5.67619901337242,35339.26006444444,-2005.9267311111037,-1,-0.09949900313978555,True
55000000,4480,12276.785714285714,Thane,Mumbai,Apartment,5,5,3,Semi-Furnished,12,1,19.25787544,72.98234558,59499000.76,-4499000.759999998,-7.561472802119034,13281.026955357142,-1004.2412410714278,-1,-0.02867077062283474,True
15000000,6500,2307.692307692308,Thane,Mumbai,Villa,5,5,4,Semi-Furnished,7,1,19.24436569,72.96923828,47489999.98,-32489999.98,-68.41440301891531,7306.153843076922,-4998.461535384615,-1,-0.03359787808603887,True
75000000,5500,13636.363636363636,Thane,Mumbai,Apartment,5,5,4,Unfurnished,3,1,19.23180389,72.97255707,77325138.64,-2325138.6400000006,-3.006963428575368,14059.116116363635,-422.752480000001,-1,-0.030165793815476127,True
85000000,5868,14485.344239945469,Thane,Mumbai,Apartment,5,5,1,Semi-Furnished,8,1,19.25787544,72.98234558,78959500.0,6040500.0,7.650124430879121,13455.947511929107,1029.3967280163615,-1,-0.019499893019143677,True
159049792,3534,45005.600452744766,Matunga,Mumbai,Apartment,5,5,0,Unfurnished,0,1,19.02895164,72.85266876,151526850.5,7522941.5,4.964758044647671,42876.86771363894,2128.732739105828,-1,-0.005176367287217265,True
212422064,3855,55102.99974059663,Parel,Mumbai,Apartment,5,5,0,Unfurnished,1,1,18.99886894,72.84266663,174135647.67,38286416.33000001,21.986547178757803,45171.37423346303,9931.625507133598,-1,-0.030569931730152877,True
185586912,3368,55103.002375296914,Parel,Mumbai,Apartment,5,5,0,Unfurnished,1,1,18.99886894,72.84266663,167113556.756,18473355.243999988,11.05437260902337,49618.03941686461,5484.962958432305,-1,-0.029579023569628826,True
329286752,4390,75008.37175398633,Worli,Mumbai,Apartment,5,5,0,Unfurnished,0,1,18.99860001,72.81739807,344265909.04,-14979157.04000002,-4.351042797635709,78420.4804191344,-3412.1086651480728,-1,-0.08426619834468174,True
129899352,1791,72528.95142378559,Lower Parel,Mumbai,Apartment,5,5,0,Unfurnished,0,1,19.00179672,72.8249588,122979773.03571428,6919578.964285716,5.626599231303034,68665.42324718832,3863.528176597276,-1,-0.02709448249997526,True
145000000,3800,38157.89473684211,Goregaon,Mumbai,Apartment,6,7,0,Semi-Furnished,6,1,19.17131424,72.86444855,136037186.08,8962813.919999987,6.588502877977192,35799.25949473685,2358.635242105258,-1,-0.030857963311329284,True
145000000,3438,42175.68353694008,Mahalaxmi,Mumbai,Independent House,5,5,0,Unfurnished,1,1,18.98705864,72.82733154,169076919.12,-24076919.120000005,-14.240216373301518,49178.85954624782,-7003.176009307739,-1,-0.013913496595876373,True
376819712,3723,101213.99731399408,Worli,Mumbai,Apartment,4,4,0,Unfurnished,1,1,19.00811386,72.82206726,364393099.68,12426612.319999993,3.4102216345240075,97876.20190169218,3337.795412301901,-1,-0.056892460197427996,True
376819712,3705,101705.72523616736,Worli,Mumbai,Apartment,4,4,0,Unfurnished,1,1,19.00811386,72.82206726,362400257.6,14419454.399999976,3.978875317444028,97813.83470985157,3891.890526315809,-1,-0.056892460197427996,True
374694240,3702,101214.00324149108,Worli,Mumbai,Apartment,4,4,0,Unfurnished,1,1,19.00811386,72.82206726,344330925.28,30363314.72000003,8.81806207075634,93012.13540788762,8201.867833603465,-1,-0.056892460197427996,True
300000000,2964,101214.57489878545,Worli,Mumbai,Apartment,4,4,0,Unfurnished,1,1,19.00811386,72.82206726,263400897.99,36599102.00999999,13.894828107757428,88866.69972672065,12347.8751720648,-1,-0.04774424732997251,True
189335168,2657,71259.0018818216,Lower Parel,Mumbai,Apartment,4,4,0,Unfurnished,6,1,19.00232315,72.82753754,184847776.97333333,4487391.026666671,2.427614278160367,69570.10800652365,1688.8938752979593,-1,-0.019748722178024924,True
264370896,3710,71259.00161725067,Lower Parel,Mumbai,Apartment,5,5,0,Unfurnished,6,1,19.00232315,72.82753754,246277882.0,18093014.0,7.346585025446986,66382.17843665768,4876.823180592997,-1,-0.07471056509430873,True
192328048,2699,71259.00259355317,Lower Parel,Mumbai,Apartment,4,4,0,Unfurnished,6,1,19.00232315,72.82753754,184369683.13333336,7958364.866666645,4.316525760317805,68310.36796344326,2948.634630109911,-1,-0.019748722178024924,True
192114272,2696,71259.00296735905,Lower Parel,Mumbai,Apartment,4,4,0,Unfurnished,6,1,19.00232315,72.82753754,189106706.97333336,3007565.026666641,1.5904063239231114,70143.43730464888,1115.5656627101707,-1,-0.025371768445204612,True
270784192,3800,71258.99789473684,Lower Parel,Mumbai,Apartment,4,4,0,Unfurnished,6,1,19.00232315,72.82753754,255626641.6,15157550.400000006,5.92956598933779,67270.16884210527,3988.8290526315686,-1,-0.04043899177589805,True
213563216,2997,71258.997664331,Lower Parel,Mumbai,Apartment,3,3,0,Unfurnished,6,1,19.00232315,72.82753754,185007693.46285716,28555522.537142877,15.434775712652074,61730.96211640211,9528.035547928885,-1,-0.00855508134857208,True
161544160,2267,71259.00308778121,Lower Parel,Mumbai,Apartment,4,4,0,Unfurnished,6,1,19.00232315,72.82753754,157575006.38,3969153.620000005,2.5188979592538887,69508.16337891486,1750.8397088663478,-1,-1.9022009195790446e-05,True
43200000,5020,8605.577689243028,Kalyan,Mumbai,Apartment,5,5,5,Semi-Furnished,1,1,19.2480526,73.17763519,36910993.84,6289006.159999996,17.0383008034443,7352.787617529882,1252.790071713146,-1,-0.03398660334783177,True
190998032,2826,67585.99858457183,Lower Parel,Mumbai,Apartment,5,5,0,Unfurnished,1,1,19.00179672,72.8249588,185337932.24,5660099.75999999,3.053934880783361,65583.1324274593,2002.8661571125267,-1,-0.04490862120863515,True
191335968,2831,67586.00070646415,Lower Parel,Mumbai,Apartment,5,5,0,Unfurnished,1,1,19.00179672,72.8249588,185459589.2,5876378.800000012,3.168549453467684,65510.27523843165,2075.725468032506,-1,-0.04490862120863515,True
208502816,3085,67586.00194489466,Lower Parel,Mumbai,Apartment,4,4,0,Unfurnished,1,1,19.00179672,72.8249588,205868715.30666664,2634100.6933333576,1.2795050911011625,66732.16055321447,853.8413916801801,-1,-0.019780456900827192,True
844919295,6521,129568.9763839902,Marine Lines,Mumbai,Villa,4,4,2,Unfurnished,5,1,18.94354057,72.82717896,786783808.7875,58135486.212499976,7.389003886860819,120653.85811800338,8915.118265986821,-1,-0.10589227533751921,True
148144192,2902,51048.99793246037,Andheri,Mumbai,Apartment,5,5,0,Unfurnished,7,1,19.11968231,72.82923126,153528887.68,-5384695.680000007,-3.507285020668761,52904.50988283943,-1855.511950379056,-1,-0.020706271101157192,True
491191644,5562,88312.05393743257,Churchgate,Mumbai,Independent Floor,4,4,2,Unfurnished,5,3,18.93288994,72.82569885,416760944.4155,74430699.58449996,17.85932693114699,74930.05113547287,13382.002801959708,-1,-0.10078417391761829,True
764491964,5621,136006.39814979542,Churchgate,Mumbai,Independent Floor,4,4,2,Unfurnished,5,2,18.93288994,72.82569885,646701907.8115001,117790056.18849991,18.21396454312506,115051.04212978118,20955.35602001424,-1,-0.10640498889180361,True
147993392,2255,65628.99866962306,Lower Parel,Mumbai,Apartment,5,5,0,Unfurnished,3,1,19.00477219,72.82813263,140148458.02,7844933.979999989,5.597588507809676,62150.09224833703,3478.906421286032,-1,-0.027216635215687957,True
178309568,3493,51047.68622960206,Andheri,Mumbai,Apartment,5,5,0,Unfurnished,7,1,19.11968231,72.82923126,173692441.1081212,4617126.8918788135,2.6582198179854672,49725.86347212173,1321.8227574803386,-1,-0.026551157080409227,True
180995760,3546,51042.23350253808,Andheri,Mumbai,Apartment,5,5,0,Unfurnished,7,1,19.11968231,72.82923126,179617056.4921212,1378703.5078788102,0.7675793907352481,50653.42822676853,388.805275769555,-1,-0.02746949629906925,True
177842464,3484,51045.48335246843,Andheri,Mumbai,Apartment,5,5,0,Unfurnished,7,1,19.11968231,72.82923126,173520943.86812118,4321520.131878823,2.490489064630291,49805.092958702975,1240.390393765454,-1,-0.026551157080409227,True
163612048,3205,51049.00093603744,Andheri,Mumbai,Apartment,5,5,0,Unfurnished,7,1,19.11968231,72.82923126,162866155.5347879,745892.4652121067,0.45797880029948,50816.27317778093,232.7277582565075,-1,-0.02097275380712571,True
240000000,5000,48000.0,Khar,Mumbai,Apartment,6,3,0,Furnished,0,1,19.07167816,72.83435822,236839469.12,3160530.879999995,1.3344612246190442,47367.893824,632.1061760000011,-1,-0.03705833383671453,True
190000000,2500,76000.0,Bandra,Mumbai,Apartment,3,2,1,Semi-Furnished,8,1,19.06009293,72.83030701,162224935.41333333,27775064.586666677,17.121328799360295,64889.97416533333,11110.025834666669,-1,-0.029861112316856953,True
110000000,5000,22000.0,Andheri,Mumbai,Apartment,4,5,0,Furnished,8,1,19.13805008,72.82532501,149746736.02,-39746736.02000001,-26.542639309808717,29949.347204,-7949.3472040000015,-1,-0.002841605609350095,True
125000000,3000,41666.66666666666,Juhu,Mumbai,Apartment,5,6,2,Furnished,0,1,19.11435318,72.83339691,152095015.45904762,-27095015.459047616,-17.814532170742368,50698.3384863492,-9031.671819682546,-1,-0.030412186020961074,True
220000000,3500,62857.142857142855,Juhu,Mumbai,Apartment,4,5,0,Unfurnished,0,1,19.11704445,72.82415009,198724696.66666663,21275303.333333373,10.705918132067788,56778.48476190475,6078.658095238105,-1,-0.030229194578518248,True
140000000,3999,35008.75218804701,Vile Parle,Mumbai,Apartment,5,5,0,Furnished,6,1,19.10790825,72.83663177,187609283.04,-47609283.03999999,-25.37682691844692,46914.04927231808,-11905.297084271073,-1,-0.017396469459521557,True
199999999,9000,22222.22211111111,Thane,Mumbai,Villa,5,6,0,Semi-Furnished,3,1,19.22890091,72.97228241,161549641.01483336,38450357.98516664,23.80095538660848,17949.96011275926,4272.261998351849,-1,-0.04223516242187286,True
90000000,3000,30000.0,Andheri,Mumbai,Apartment,6,6,0,Unfurnished,8,1,19.13508415,72.81461334,140261757.87,-50261757.870000005,-35.834256345613845,46753.91929,-16753.919289999998,-1,-0.010026950516052291,True
187500000,4125,45454.545454545456,Bandra,Mumbai,Apartment,6,5,0,Semi-Furnished,2,1,19.05806732,72.82946777,206861498.44,-19361498.44,-9.359643329479113,50148.24204606061,-4693.696591515152,-1,-0.0402099579725701,True
93500000,5000,18700.0,Thane,Mumbai,Apartment,5,5,0,Semi-Furnished,6,1,19.26034355,72.98616791,84245000.0,9255000.0,10.985815181909905,16849.0,1851.0,-1,-0.0026026057802132074,True
25700000,2079,12361.712361712362,Kandivali,Mumbai,Independent Floor,4,3,0,Furnished,21,1,28.68068695,77.2038269,28090550.64,-2390550.6400000006,-8.510159414945525,13511.56836940837,-1149.8560076960075,-1,-0.0032966838033420265,True
160000000,3800,42105.26315789474,Andheri,Mumbai,Apartment,4,5,0,Furnished,8,1,19.14901733,72.82843018,150922918.69,9077081.310000002,6.014382301103378,39716.55755,2388.7056078947426,-1,-0.0020838859255004616,True
125000000,4550,27472.527472527472,Powai,Mumbai,Apartment,5,5,0,Unfurnished,11,1,19.11652565,72.90129852,127459000.0,-2459000.0,-1.9292478365592072,28012.967032967037,-540.4395604395613,-1,-0.01072063726496375,True
250000000,5000,50000.0,Juhu,Mumbai,Independent House,6,5,0,Unfurnished,0,1,19.11050224,72.82448578,262212225.18,-12212225.180000007,-4.657382077291293,52442.445036000005,-2442.4450360000046,-1,-0.06353186750795592,True
180000000,2900,62068.96551724138,Vile Parle,Mumbai,Apartment,4,4,0,Semi-Furnished,6,1,19.10562515,72.82797241,181840874.62285712,-1840874.622857124,-1.0123546901515663,62703.749869950734,-634.7843527093573,-1,-0.003175139304742558,True
145000000,3500,41428.57142857143,Juhu,Mumbai,Apartment,5,5,0,Furnished,0,1,19.10672951,72.82751465,152720019.9857143,-7720019.985714287,-5.055015044154939,43634.2914244898,-2205.719995918371,-1,-0.0011010358475904702,True
125000000,3500,35714.28571428572,Andheri,Mumbai,Apartment,5,5,0,Unfurnished,8,1,19.13805008,72.82532501,126894333.28,-1894333.2800000007,-1.4928430852936834,36255.52379428571,-541.2380799999955,-1,-0.0004923754416455983,True
210000000,3000,70000.0,Santacruz,Mumbai,Apartment,5,6,0,Furnished,24,1,19.07771492,72.83209991,189381277.0,20618723.0,10.887413648604769,63127.09233333333,6872.907666666666,-1,-0.08476739114514509,True
105000000,3750,28000.0,Parel,Mumbai,Apartment,5,5,0,Furnished,16,1,19.00181007,72.8469162,125423620.79,-20423620.790000007,-16.283711681546652,33446.298877333335,-5446.298877333335,-1,-0.013074566727285686,True
250000000,4001,62484.37890527368,Vile Parle,Mumbai,Apartment,4,4,0,Furnished,6,1,19.1133461,72.83358002,224250599.68,25749400.319999997,11.482422056727492,56048.63776055986,6435.741144713822,-1,-0.022792891882705058,True
300000000,3000,100000.0,Bandra,Mumbai,Apartment,4,5,0,Semi-Furnished,0,1,19.05420876,72.82750702,260373773.96,39626226.03999999,15.21897748660646,86791.25798666666,13208.742013333336,-1,-0.05847175327266574,True
200000000,3128,63938.6189258312,Juhu,Mumbai,Apartment,4,5,0,Unfurnished,0,1,19.10435677,72.82655334,201013348.26666665,-1013348.2666666508,-0.5041198882585305,64262.57936913896,-323.9604433077548,-1,-0.03392998132081737,True
210000000,3125,67200.0,Juhu,Mumbai,Apartment,4,5,0,Unfurnished,0,1,19.10435677,72.82655334,205258785.70666665,4741214.293333352,2.309871549230041,65682.81142613332,1517.1885738666751,-1,-0.034858312121125,True
155000000,2500,62000.0,Prabhadevi,Mumbai,Apartment,4,5,0,Unfurnished,0,1,19.01565552,72.82981873,143339043.88000005,11660956.119999977,8.135226665640554,57335.61755200001,4664.382447999989,-1,-0.007367678102198738,True
160000000,2250,71111.11111111111,Prabhadevi,Mumbai,Apartment,4,5,0,Semi-Furnished,0,1,19.01498032,72.82868195,160633793.92,-633793.9199999869,-0.3945582710420409,71392.79729777777,-281.6861866666586,-1,-0.014181948773803077,True
265000000,2977,89015.78770574403,Colaba,Mumbai,Apartment,4,4,0,Unfurnished,2,1,18.92808342,72.8315506,231862293.2,33137706.80000001,14.29197751072705,77884.54591871011,11131.241787033929,-1,-0.05183308624458727,True
170000000,2850,59649.12280701754,Prabhadevi,Mumbai,Apartment,4,5,0,Unfurnished,5,1,19.01035881,72.83055115,171290754.4,-1290754.400000006,-0.7535458668048262,60102.0190877193,-452.8962807017597,-1,-0.023681613872878038,True
125000000,2800,44642.857142857145,Lower Parel,Mumbai,Apartment,5,6,0,Semi-Furnished,11,1,18.99922371,72.82270813,139133162.12,-14133162.120000005,-10.15801114892393,49690.415042857145,-5047.5579,-1,-0.027860644493955422,True
360000000,10000,36000.0,Nerul,Mumbai,Apartment,6,6,0,Unfurnished,10,1,19.04318047,73.00961304,149968415.96816668,210031584.0318333,140.05054509371897,14996.841596816668,21003.158403183334,-1,-0.06731933863964301,True
135000000,3600,37500.0,Andheri,Mumbai,Apartment,5,5,0,Unfurnished,8,1,19.14249611,72.83035278,130624557.6,4375442.400000006,3.3496323205920704,36284.59933333333,1215.4006666666685,-1,-0.005289778249794264,True
190000000,3100,61290.32258064516,Vile Parle,Mumbai,Apartment,4,4,0,Semi-Furnished,6,1,19.10536766,72.8338623,181443967.25333336,8556032.74666664,4.715523407135739,58530.31201720431,2760.0105634408465,-1,-0.009069516803898225,True
240866704,4550,52937.73714285714,Bandra,Mumbai,Apartment,6,6,0,Furnished,0,1,19.05635643,72.8288269,242970258.16,-2103554.1599999964,-0.8657661130749471,53400.056738461535,-462.3195956043928,-1,-0.06423295141328189,True
152500000,2700,56481.48148148148,Lower Parel,Mumbai,Apartment,4,5,0,Semi-Furnished,6,1,19.00232315,72.82753754,160303785.68,-7803785.680000007,-4.868123136890853,59371.77247407408,-2890.2909925925924,-1,-0.0233195546452466,True
140000000,2200,63636.36363636364,Prabhadevi,Mumbai,Apartment,4,5,0,Semi-Furnished,13,1,19.01149178,72.8303833,135499000.0,4501000.0,3.321795732809836,61590.454545454544,2045.9090909090955,-1,-0.028464443593752997,True
85000000,4235,20070.838252656435,Thane,Mumbai,Apartment,6,6,0,Unfurnished,15,1,19.22686768,72.97250366,75602794.18666667,9397205.813333333,12.429707016028022,17851.899453758364,2218.9387988980707,-1,-0.019065293370623793,True
121000000,3200,37812.5,Byculla,Mumbai,Apartment,5,6,0,Semi-Furnished,0,1,18.97682762,72.83912659,125258213.02,-4258213.019999996,-3.3995479556458994,39143.19156875,-1330.6915687500004,-1,-0.01147267194710544,True
210000000,3100,67741.93548387097,Bandra,Mumbai,Apartment,4,4,0,Unfurnished,0,1,19.05707359,72.82776642,206273548.0,3726452.0,1.8065583474619828,66539.85419354838,1202.0812903225888,-1,-0.0076639702708297675,True
109500000,5280,20738.636363636364,Thane,Mumbai,Apartment,8,8,0,Unfurnished,15,1,19.22686768,72.97250366,103738382.36,5761617.640000001,5.553988320355375,19647.42090151515,1091.215462121214,-1,-0.04033123845025166,True
95000000,3000,31666.666666666668,Sanpada,Mumbai,Apartment,5,5,0,Unfurnished,17,1,19.05516815,73.00518036,79489334.15666667,15510665.843333334,19.512889380559084,26496.444718888888,5170.22194777778,-1,-0.0021645069310421983,True
168000000,3200,52500.0,Worli,Mumbai,Apartment,4,5,0,Unfurnished,6,1,19.00934601,72.82328033,174547459.47,-6547459.469999999,-3.751105567437566,54546.081084375,-2046.0810843750005,-1,-0.020105540390453758,True
130000000,3000,43333.333333333336,Mahalaxmi,Mumbai,Apartment,4,5,0,Semi-Furnished,12,1,18.98719406,72.82820129,141081352.02285716,-11081352.02285716,-7.854583092641347,47027.11734095238,-3693.784007619048,-1,-0.012990217202772714,True
160000000,2600,61538.46153846154,Parel,Mumbai,Apartment,4,5,0,Unfurnished,1,1,18.99886894,72.84266663,152294516.76,7705483.24000001,5.059593348421752,58574.81413846154,2963.6474000000017,-1,-0.014916989242497736,True
166500000,3400,48970.58823529412,Santacruz,Mumbai,Apartment,6,6,0,Furnished,0,1,19.08286476,72.83622742,147091163.76333335,19408836.23666665,13.195106857605037,43262.10698921569,5708.481246078431,-1,-0.02913873232121178,True
16005000,7000,2286.428571428572,Boisar,Mumbai,Independent House,5,3,0,Semi-Furnished,0,1,19.75623894,72.75804138,424018525.81,-408013525.81,-96.2254007724248,60574.07511571429,-58287.64654428572,-1,-0.04542466210862661,True
107000000,2333,45863.69481354479,Kandivali,Mumbai,Apartment,6,6,0,Semi-Furnished,0,1,19.20181656,72.86830902,94530757.33333334,12469242.666666657,13.190672558242335,40518.970138591234,5344.724674953555,-1,-0.001596598252611492,True
220000000,2700,81481.48148148147,Cumballa Hill,Mumbai,Apartment,4,3,0,Unfurnished,5,1,18.96453667,72.80555725,224447911.04,-4447911.039999992,-1.9817119345821432,83128.85594074074,-1647.3744592592702,-1,-0.04962602372989833,True
370000000,4000,92500.0,Lower Parel,Mumbai,Apartment,4,5,0,Unfurnished,0,1,18.9991703,72.81762695,324219295.12,45780704.88,14.120290053389835,81054.82378,11445.176219999994,-1,-0.07453413946679,True
140000000,2100,66666.66666666667,Tardeo,Mumbai,Apartment,4,5,0,Semi-Furnished,0,1,18.96496964,72.80918121,132039950.0,7960050.0,6.028516369477571,62876.16666666666,3790.5000000000073,-1,-0.007513766519116394,True
220000000,3200,68750.0,Tardeo,Mumbai,Apartment,5,6,0,Semi-Furnished,0,1,18.96496964,72.80918121,215118272.45,4881727.550000012,2.269322589104872,67224.460140625,1525.5398593749997,-1,-0.06900524095118243,True
250000000,5600,44642.857142857145,Andheri,Mumbai,Independent Floor,8,8,0,Semi-Furnished,8,1,19.14388466,72.82450867,272199767.28,-22199767.27999997,-8.155689294606944,48607.1013,-3964.24415714285,-1,-0.07631685939065791,True
127500000,3500,36428.57142857143,Deonar,Mumbai,Apartment,5,6,0,Unfurnished,0,1,19.03983498,72.91130066,122996500.0,4503500.0,3.661486302455761,35141.857142857145,1286.7142857142826,-1,-0.006709344983329757,True
262481018,3072,85443.03971354167,Prabhadevi,Mumbai South,Apartment,4,4,0,Furnished,0,1,19.0100534,72.830884,271148732.21,-8667714.209999979,-3.196664111004209,88264.56126627604,-2821.521552734368,-1,-0.03949602236443539,True
274120312,3088,88769.5310880829,Prabhadevi,Mumbai South,Apartment,5,5,0,Furnished,0,1,19.0100534,72.830884,245591090.16,28529221.840000004,11.616554094618628,79530.79344559586,9238.737642487044,-1,-0.07004002545958277,True
216825000,2891,75000.0,Mahalaxmi,Mumbai South,Apartment,4,4,0,Furnished,0,1,18.97950631388,72.824257264168,213446946.21,3378053.789999992,1.5826198734539352,73831.52757177448,1168.4724282255193,-1,-0.027643769727563994,True
210825000,2811,75000.0,Mahalaxmi,Mumbai South,Apartment,5,5,0,Furnished,0,1,18.97950631388,72.824257264168,196728344.01,14096655.99000001,7.165543969242914,69985.18107790822,5014.818922091785,-1,-0.058639037941688676,True
300200000,3002,100000.0,Worli,Mumbai South,Apartment,4,4,0,Furnished,0,1,19.006883725143,72.826076770318,283162742.91,17037257.089999974,6.016772162506939,94324.69783810794,5675.302161892061,-1,-0.0453822549800329,True
406229586,4062,100007.2836041359,Worli,Mumbai South,Apartment,5,5,0,Furnished,0,1,19.006883725143,72.826076770318,378232303.94,27997282.06,7.4021393118344765,93114.79663712456,6892.486967011326,-1,-0.08992768098302939,True
1029567035,10295,100006.51141330742,Worli,Mumbai South,Apartment,6,6,0,Furnished,0,1,19.006883725143,72.826076770318,929288649.63,100278385.37,10.790875946878964,90266.01744827586,9740.493965031565,-1,-0.1062647306830049,True
1191400000,11914,100000.0,Worli,Mumbai South,Apartment,7,7,0,Furnished,0,1,19.006883725143,72.826076770318,1056933996.17,134466003.83000004,12.722270673217343,88713.61391388283,11286.38608611717,-1,-0.10677769632074752,True
540100000,4334,124619.28934010152,Prabhadevi,Mumbai South,Apartment,4,4,0,Furnished,0,1,19.018933731758,72.829256858344,307930974.83,232169025.17,75.39645055135294,71050.06341255191,53569.2259275496,-1,-0.05653050817015848,True
924700000,7398,124993.24141659908,Prabhadevi,Mumbai South,Apartment,6,6,0,Furnished,0,1,19.018933731758,72.829256858344,703135561.41,221564438.59000003,31.51091350659269,95044.00667883211,29949.234737766965,-1,-0.11011059459704031,True
189000000,2520,75000.0,Worli,Mumbai South,Apartment,5,5,0,Furnished,0,1,19.006462154027,72.822703121838,144777209.986,44222790.014,30.54540836798579,57451.27380396825,17548.72619603175,-1,-0.03805146548549654,True
208841112,2504,83403.0,Andheri,Western Mumbai,Apartment,4,4,0,Furnished,0,1,19.130363885103,72.813211670794,215243229.66333333,-6402117.663333327,-2.9743642452062344,85959.75625532481,-2556.756255324813,-1,-0.01618277214996633,True
323103222,3874,83403.0,Andheri,Western Mumbai,Apartment,5,5,0,Furnished,0,1,19.130363885103,72.813211670794,297420429.79,25682792.20999998,8.635180921543908,76773.47180949923,6629.528190500772,-1,-0.07612673407027115,True
220000000,3831,57426.25946228139,Andheri,Western Mumbai,Apartment,4,4,0,Furnished,0,1,19.140629382588,72.811868265806,224848251.0,-4848251.0,-2.156232471650402,58691.790916209866,-1265.5314539284736,-1,-0.005177717455433495,True
312685985,5446,57415.71520381932,Andheri,Western Mumbai,Apartment,5,5,0,Furnished,0,1,19.140629382588,72.811868265806,308979456.74,3706528.2599999914,1.1996034620252956,56735.11875504958,680.596448769742,-1,-0.07862208355531508,True
236980000,2788,85000.0,Bandra,Western Mumbai,Apartment,4,4,0,Furnished,0,1,19.0595966,72.8282938,242765620.89,-5785620.889999986,-2.3832126100843247,87075.18683285509,-2075.186832855092,-1,-0.025379491260505538,True
242100000,2421,100000.0,Bandra,Western Mumbai,Apartment,3,3,0,Furnished,0,1,19.059348247892,72.823163818044,236955866.99,5144133.00999999,2.1709245165966213,97875.20321767865,2124.796782321355,-1,-0.0145149855256973,True
398500000,3985,100000.0,Bandra,Western Mumbai,Apartment,4,4,0,Furnished,0,1,19.059348247892,72.823163818044,385283206.42,13216793.579999983,3.430409984076041,96683.36422082812,3316.635779171891,-1,-0.05395041556157154,True
448200000,4482,100000.0,Bandra,Western Mumbai,Apartment,5,5,0,Furnished,0,1,19.059348247892,72.823163818044,410514675.73,37685324.26999998,9.180018766195348,91591.85089915217,8408.149100847833,-1,-0.09315245372578007,True
159264000,2844,56000.0,Khar,Western Mumbai,Apartment,4,4,0,Furnished,5,1,19.070477,72.82923,205798718.15,-46534718.150000006,-22.611762876036167,72362.41847749648,-16362.418477496482,-1,-0.0059179596759729725,True
172872000,3087,56000.0,Khar,Western Mumbai,Apartment,5,5,0,Furnished,5,1,19.070477,72.82923,209162009.98333332,-36290009.98333335,-17.350191837525873,67755.75315300724,-11755.753153007245,-1,-0.050294288157637035,True
208825000,8353,25000.0,Ghatkopar,Central Mumbai,Apartment,5,5,0,Furnished,0,1,19.079258,72.907518,260366766.33,-51541766.33000001,-19.79583149435968,31170.449698311983,-6170.449698311986,-1,-0.03664368098453985,True
245550000,9822,25000.0,Ghatkopar,Central Mumbai,Apartment,6,6,0,Furnished,0,1,19.079258,72.907518,259889527.37,-14339527.370000005,-5.517547211352261,26459.939663001427,-1459.939663001427,-1,-0.054445358214580186,True
304022116,3800,80005.82,Tardeo,Mumbai South,Apartment,4,4,0,Furnished,0,1,18.978248786668,72.819048075462,378107929.32,-74085813.32,-19.59382694069337,99502.0866631579,-19496.26666315789,-1,-0.05265868290382725,True
488208266,6102,80007.90986561782,Tardeo,Mumbai South,Apartment,5,5,0,Furnished,0,1,18.978248786668,72.819048075462,466951697.99,21256568.00999999,4.552198461104045,76524.36872992462,3483.541135693202,-1,-0.09338787768700807,True
245600000,4912,50000.0,Worli,Mumbai South,Apartment,4,4,0,Furnished,0,1,19.010414724945,72.819397787316,311944420.53,-66344420.52999997,-21.268026021199365,63506.60027076547,-13506.60027076547,-1,-0.027170963200292997,True
155880000,2598,60000.0,Khar,Western Mumbai,Apartment,5,5,0,Furnished,0,1,19.07514,72.837081,182672121.51,-26792121.50999999,-14.666781821184092,70312.59488452655,-10312.594884526552,-1,-0.02832496148146013,True
669000000,4460,150000.0,Worli,Mumbai South,Apartment,5,5,0,Furnished,0,1,18.994145368396,72.814725403819,551740806.66,117259193.34000003,21.252586708211133,123708.70104484304,26291.298955156963,-1,-0.10129343023095694,True
268600000,3160,85000.0,Juhu,Western Mumbai,Apartment,4,4,0,Furnished,0,1,19.093607,72.828833,291160078.27,-22560078.26999998,-7.748341875729083,92139.26527531644,-7139.265275316444,-1,-0.03725783556349327,True
366650725,3188,115009.6377038896,Pali Hill,Western Mumbai,Apartment,4,4,0,Furnished,0,1,19.067248,72.828448,320818108.88,45832616.120000005,14.286168657999104,100633.03289836888,14376.60480552072,-1,-0.042557675904071224,True
200000000,2550,78431.37254901961,Tardeo,Mumbai South,Apartment,3,3,0,Furnished,13,1,18.970969,72.812914,187859423.34,12140576.659999996,6.462585929494313,73670.36209411765,4761.01045490196,-1,-0.040570546318928646,True
357254890,4555,78431.36992316136,Tardeo,Mumbai South,Apartment,4,4,0,Furnished,13,1,18.970969,72.812914,455257616.22,-98002726.22000004,-21.526872418679297,99946.78731503844,-21515.41739187707,-1,-0.08035510068325247,True
792548993,10105,78431.36991588323,Tardeo,Mumbai South,Apartment,5,5,0,Furnished,13,1,18.970969,72.812914,689089996.4,103458996.60000002,15.013858442365862,68192.97341909945,10238.396496783782,-1,-0.1058583966877148,True
376872165,2847,132375.18967334036,Napean Sea Road,Mumbai South,Apartment,4,4,0,Furnished,0,1,18.962863659032,72.802550082412,329946936.18,46925228.81999999,14.222053207489187,115892.84727081138,16482.34240252897,-1,-0.07033889521386072,True
250000000,2634,94912.68033409264,Malabar Hill,Mumbai South,Apartment,4,4,0,Furnished,0,1,18.954498,72.800515,251875566.86,-1875566.8600000143,-0.744640253670381,95624.74064540624,-712.0603113135876,-1,-0.05553093487448002,True
390000003,3087,126336.24975704568,Malabar Hill,Mumbai South,Apartment,4,4,0,Furnished,0,1,18.959895,72.801992,340257704.95,49742298.05000001,14.619007101487831,110222.77452218982,16113.475234855854,-1,-0.07124396853425119,True
671350832,5314,126336.24990590892,Malabar Hill,Mumbai South,Apartment,7,7,0,Furnished,0,1,18.959895,72.801992,618772719.15,52578112.85000002,8.497160786633563,116441.98704365826,9894.26286225066,-1,-0.11694811212438716,True
189724373,2503,75798.79065121854,Charni Road,Mumbai South,Apartment,4,4,0,Furnished,0,1,18.955841,72.820817,194397931.93,-4673558.930000007,-2.4041196753486505,77665.9736036756,-1867.1829524570492,-1,-0.02431287477143218,True
249641822,3526,70800.28984685196,Charni Road,Mumbai South,Apartment,5,5,0,Furnished,0,1,18.955841,72.820817,238442388.95,11199433.050000012,4.696913623168097,67624.04678105502,3176.243065796938,-1,-0.07065867187434116,True
440000000,3692,119176.59804983748,Worli,Mumbai South,Apartment,4,4,0,Furnished,0,1,18.988629,72.826329,245401292.5,194598707.5,79.29815915700607,66468.38908450704,52708.20896533044,-1,-0.03506825332757846,True
151407444,2391,63323.899623588455,Worli,Mumbai South,Apartment,5,5,0,Furnished,0,1,18.988629,72.826329,141336976.91,10070467.090000004,7.125146801754954,59112.07733584274,4211.822287745716,-1,-0.018332412287788924,True
253544929,3885,65262.52998712999,Prabhadevi,Mumbai South,Apartment,5,5,0,Furnished,0,1,19.017069,72.826096,268843558.68,-15298629.680000007,-5.690532350901407,69200.4012046332,-3937.87121750322,-1,-0.06323633751889646,True
300000000,2542,118017.30920535012,Bandra,Western Mumbai,Apartment,4,4,0,Furnished,0,1,19.069899,72.826672,269530785.27,30469214.73000002,11.30453973911654,106030.99341856805,11986.31578678207,-1,-0.035820121494804846,True
141275000,5651,25000.0,Lower Parel,Mumbai South,Apartment,5,5,0,Furnished,9,1,19.008713,72.833427,171403521.8,-30128521.80000001,-17.57753952987914,30331.538099451427,-5331.538099451427,-1,-0.033297730588135455,True
165775000,6631,25000.0,Lower Parel,Mumbai South,Apartment,6,6,0,Furnished,9,1,19.008713,72.833427,207040241.47,-41265241.47,-19.931024605175278,31223.0796968783,-6223.0796968783,-1,-0.060686168547539165,True
244892332,1777,137812.2296004502,Girgaon,Mumbai South,Apartment,3,3,0,Furnished,0,1,18.957761,72.822699,218434011.48,26458320.52000001,12.112729304713866,122922.91023072592,14889.319369724268,-1,-0.026764374875022368,True
265425912,1926,137812.0,Girgaon,Mumbai South,Apartment,4,4,0,Furnished,0,1,18.957761,72.822699,226753452.23,38672459.77000001,17.054849392446673,117732.8412409138,20079.15875908619,-1,-0.045537584737427306,True
124374914,2077,59882.0,Lower Parel,Mumbai South,Apartment,5,5,0,Furnished,0,1,19.00177683185,72.824440908,130190807.4448052,-5815893.44480519,-4.467207446478782,62682.14128300683,-2800.1412830068293,-1,-0.00677080336450786,True
171681694,2867,59882.0,Lower Parel,Mumbai South,Apartment,6,6,0,Furnished,0,1,19.00177683185,72.824440908,182280161.18,-10598467.180000007,-5.814383261124132,63578.70986396931,-3696.7098639693063,-1,-0.04161746504610642,True
323100000,3231,100000.0,Worli,Mumbai South,Apartment,4,4,0,Furnished,0,1,19.006885,72.826071,300218135.07,22881864.930000007,7.62174640937823,92918.0238532962,7081.976146703804,-1,-0.04632609317333258,True
428700000,4287,100000.0,Worli,Mumbai South,Apartment,5,5,0,Furnished,0,1,19.006885,72.826071,394197019.39,34502980.610000014,8.752724884473158,91951.71900863074,8048.280991369262,-1,-0.09042958945637503,True
220000000,3882,56671.81865018032,Bandra Kurla Complex,Western Mumbai,Apartment,4,4,0,Furnished,3,1,19.066557,72.868758,216176260.47,3823739.530000001,1.7688063997807213,55686.8264992272,984.9921509531196,-1,-0.007353614132713848,True
189297997,2254,83983.1397515528,Worli,Mumbai South,Apartment,5,5,0,Furnished,0,1,19.0059812,72.8286602,140913567.13,48384429.870000005,34.336246576855785,62517.11052795031,21466.029223602483,-1,-0.03172940389964596,True
224090592,3200,70028.31,Worli,Mumbai South,Apartment,5,5,0,Furnished,0,1,19.0020147,72.8246422,231994688.96,-7904096.960000008,-3.4070163396554367,72498.3403,-2470.0302999999985,-1,-0.062269632320770985,True
312455692,5680,55009.80492957746,Mahalaxmi,Mumbai South,Apartment,4,4,0,Furnished,1,1,18.987029,72.827261,421686074.87,-109230382.87,-25.90324636725892,74240.50613908451,-19230.70120950705,-1,-0.04456518785853303,True
371382367,6750,55019.60992592593,Mahalaxmi,Mumbai South,Apartment,5,5,0,Furnished,1,1,18.987029,72.827261,414710906.17,-43328539.17000002,-10.447889969944171,61438.65276592593,-6419.042840000002,-1,-0.08099465906192982,True
534240413,9710,55019.60998970134,Mahalaxmi,Mumbai South,Apartment,6,6,0,Furnished,1,1,18.987029,72.827261,546835822.84,-12595409.840000032,-2.303325662643238,56316.76857260557,-1297.1585829042233,-1,-0.08796735670921774,True
211692320,3200,66153.85,Tardeo,Mumbai South,Apartment,5,5,0,Furnished,0,1,18.966451742895,72.814457886659,218150920.07,-6458600.069999993,-2.960610969656954,68172.162521875,-2018.312521874992,-1,-0.06366173848887213,True
239360000,3200,74800.0,Tardeo,Mumbai South,Apartment,5,5,0,Furnished,0,1,18.9655841,72.814864,228397049.27,10962950.72999999,4.799952873751935,71374.07789687501,3425.922103124991,-1,-0.07122008748401809,True
585000000,7875,74285.71428571429,Bandra Kurla Complex,Western Mumbai,Apartment,4,4,0,Furnished,11,1,19.067027,72.869268,301112463.47,283887536.53,94.27957025043033,38236.50329777778,36049.21098793651,-1,-0.049732160171359285,True
105000003,2700,38888.89,Andheri,Western Mumbai,Apartment,5,5,0,Furnished,0,1,19.118749170412,72.8,170952891.13,-65952888.13,-38.57956873033903,63315.8856037037,-24426.995603703705,-1,-0.0041201005526089185,True
202199561,3386,59716.34997046663,Bandra Kurla Complex,Western Mumbai,Apartment,4,4,0,Furnished,8,1,19.06759,72.870012,199843820.01,2355740.990000009,1.1787910128429944,59020.62020378027,695.7297666863597,-1,-0.02368165837861913,True
240000000,4019,59716.34735008709,Bandra Kurla Complex,Western Mumbai,Apartment,5,5,0,Furnished,8,1,19.06759,72.870012,222771723.2,17228276.800000012,7.733601263447968,55429.64000995272,4286.707340134366,-1,-0.0619429391064642,True
270420315,3795,71257.0,Worli,Mumbai South,Apartment,5,5,0,Furnished,5,1,19.002542,72.826529,263061663.42,7358651.580000013,2.7973105181241515,69317.96137549407,1939.0386245059344,-1,-0.07471056509430873,True
534240000,7632,70000.0,Worli,Mumbai South,Villa,4,4,0,Furnished,5,1,19.002542,72.826529,555682885.78,-21442885.77999997,-3.858835017008137,72809.60243448637,-2809.602434486369,-1,-0.0687455076536525,True
265650000,3795,70000.0,Worli,Mumbai South,Villa,5,5,0,Furnished,5,1,19.002542,72.826529,264339296.99,1310703.0099999905,0.4958411499632514,69654.62371277998,345.3762872200168,-1,-0.07471056509430873,True
402487089,2973,135380.790110999,Bandra,Western Mumbai,Apartment,4,4,0,Furnished,0,1,19.045201,72.822303,359179284.55,43307804.44999999,12.05743379779222,120813.75195089135,14567.038160107635,-1,-0.05798318320526741,True
600000000,4000,150000.0,Malabar Hill,Mumbai South,Apartment,4,4,0,Furnished,0,1,18.9470399,72.796304764419,550297258.03,49702741.97000003,9.03198066948944,137574.3145075,12425.685492499992,-1,-0.08020423652616226,True
284541543,4516,63007.42759078831,Marine Lines,Mumbai South,Apartment,5,5,0,Furnished,0,1,18.94592,72.826232,281056777.66,3484765.339999974,1.2398794894800806,62235.7789326838,771.6486581045174,-1,-0.07753299974283101,True
706730000,2437,290000.0,Kandivali,Western Mumbai,Apartment,4,4,0,Furnished,0,1,19.2068723,72.8327827,466420211.71,240309788.29,51.52216440384756,191391.14144850225,98608.85855149776,-1,-0.05155142359035325,True
