price,area,price_per_sqft,locality,city,property_type,bedroom_num,bathroom_num,balcony_num,furnished,age,total_floors,latitude,longitude,area_per_bedroom,bathroom_per_bedroom,age_group,confidence_predicted_price,prediction_std,lower_price_estimate,upper_price_estimate,prediction_range,uncertainty_percent,confidence_level,estimated_price_range
39500000,1612,24503.722084367244,Powai,Mumbai,Apartment,3,3,0,Unfurnished,0,1,19.11178398,72.89842987,537.3333333333334,1.0,New,39804946.76,7498556.566734075,25107775.889201213,54502117.63079879,29394341.741597574,18.838252973797157,Low Confidence,"₹25,107,776 - ₹54,502,118"
16500000,1743,9466.437177280552,Ulwe,Mumbai,Apartment,3,3,0,Unfurnished,0,1,18.96770859,73.02297974,581.0,1.0,New,19180473.333333332,2848869.0708107715,13596689.95454422,24764256.712122444,11167566.757578224,14.852965415925285,Low Confidence,"₹13,596,690 - ₹24,764,257"
75000000,1250,60000.0,Breach Candy,Mumbai,Apartment,2,2,2,Furnished,12,1,18.97393608,72.80551147,625.0,1.0,Moderate,66175745.162222214,19875572.284614693,27219623.484377414,105131866.84006701,77912243.3556896,30.034527357254564,Low Confidence,"₹27,219,623 - ₹105,131,867"
1851000,675,2742.222222222222,Boisar,Mumbai,Apartment,2,2,0,Unfurnished,9,1,19.83357811,72.71849823,337.5,1.0,Recent,2427889.6133333333,750521.201495084,956868.0584029688,3898911.168263698,2942043.1098607294,30.912492782761554,Low Confidence,"₹956,868 - ₹3,898,911"
18000000,700,25714.285714285717,Chembur,Mumbai,Apartment,2,1,0,Furnished,0,1,19.04831886,72.90625,350.0,0.5,New,18619637.45222222,5416020.728096726,8004236.825152637,29235038.079291806,21230801.25413917,29.08768090675328,Low Confidence,"₹8,004,237 - ₹29,235,038"
8000000,950,8421.052631578947,Kalyan,Mumbai,Apartment,2,2,0,Semi-Furnished,0,1,19.24255753,73.14861298,475.0,1.0,New,7343470.266666667,1143592.8640089985,5102028.25320903,9584912.280124303,4482884.026915273,15.572921554540397,Low Confidence,"₹5,102,028 - ₹9,584,912"
16000000,1060,15094.33962264151,Koper Khairane,Mumbai,Apartment,2,2,0,Unfurnished,1,1,19.09300041,73.0094223,530.0,1.0,New,15905923.588888887,2843884.8288890347,10331909.32426638,21479937.853511393,11148028.529245013,17.87940708375863,Low Confidence,"₹10,331,909 - ₹21,479,938"
3800000,630,6031.746031746032,Dombivli,Mumbai,Apartment,1,1,0,Unfurnished,8,1,19.22516441,73.0796814,630.0,1.0,Recent,4291605.266666667,466671.77655889187,3376928.5846112384,5206281.948722094,1829353.3641108559,10.874061046191244,Low Confidence,"₹3,376,929 - ₹5,206,282"
15000000,750,20000.0,Kurla,Mumbai,Apartment,2,2,0,Unfurnished,0,1,19.10021591,72.88400269,375.0,1.0,New,16783003.746666666,2688252.8077304494,11514028.243514985,22051979.249818347,10537951.006303363,16.017709632367648,Low Confidence,"₹11,514,028 - ₹22,051,979"
16957615,719,23585.0,Malad,Mumbai,Apartment,2,2,0,Unfurnished,7,1,19.20220566,72.81529236,359.5,1.0,Recent,16340604.31,802376.0605525754,14767947.231316952,17913261.388683047,3145314.157366095,4.910320605839182,High Confidence,"₹14,767,947 - ₹17,913,261"
4200000,480,8750.0,Thane,Mumbai,Apartment,1,1,0,Semi-Furnished,0,1,19.22049332,72.97232056,480.0,1.0,New,8739633.246666666,2111273.1190400952,4601537.93334808,12877728.559985252,8276190.626637172,24.15745671988403,Low Confidence,"₹4,601,538 - ₹12,877,729"
12500000,1160,10775.862068965518,Kharghar,Mumbai,Apartment,2,2,0,Semi-Furnished,9,1,19.04643822,73.08153534,580.0,1.0,Recent,14080527.377777778,2316205.8303263145,9540763.950338202,18620290.805217355,9079526.854879154,16.449709362319805,Low Confidence,"₹9,540,764 - ₹18,620,291"
17000000,1000,17000.0,Andheri,Mumbai,Apartment,2,2,0,Unfurnished,0,1,19.11567116,72.88295746,500.0,1.0,New,19473421.364,3194138.434776028,13212910.031838985,25733932.696161017,12521022.664322032,16.40255389677413,Low Confidence,"₹13,212,910 - ₹25,733,933"
13500000,650,20769.23076923077,Andheri,Mumbai,Apartment,1,1,0,Semi-Furnished,0,1,19.12849045,72.83838654,650.0,1.0,New,14613832.745714286,3295334.848644391,8154976.44237128,21072689.049057294,12917712.606686015,22.549422221975238,Low Confidence,"₹8,154,976 - ₹21,072,689"
19500000,2400,8125.0,Koper Khairane,Mumbai,Apartment,3,3,0,Unfurnished,0,1,19.11110687,73.00367737,800.0,1.0,New,31627496.993333332,5773021.940819003,20312373.989328086,42942619.99733858,22630246.00801049,18.25317362937662,Low Confidence,"₹20,312,374 - ₹42,942,620"
17988056,1033,17413.41335914811,Kharghar,Mumbai,Apartment,3,3,0,Unfurnished,0,1,19.07039261,73.07056427,344.3333333333333,1.0,New,16768799.13,1707678.734869617,13421748.80965555,20115849.45034445,6694100.6406889,10.183667426813628,Low Confidence,"₹13,421,749 - ₹20,115,849"
17400000,800,21750.0,Sion,Mumbai,Apartment,2,2,0,Unfurnished,0,1,19.0364151,72.86945343,400.0,1.0,New,17894649.866666667,2729580.749713544,12544671.597228121,23244628.136105213,10699956.538877092,15.253613622237348,Low Confidence,"₹12,544,672 - ₹23,244,628"
11400000,1605,7102.803738317757,Kalamboli,Mumbai,Apartment,3,3,0,Unfurnished,0,1,19.03845215,73.09728241,535.0,1.0,New,12300010.729999999,2377703.007970304,7639712.834378202,16960308.625621796,9320595.791243594,19.330901900524637,Low Confidence,"₹7,639,713 - ₹16,960,309"
8922700,1047,8522.158548233047,Mira Road,Mumbai,Apartment,2,2,0,Semi-Furnished,0,1,19.288414,72.86901093,523.5,1.0,New,9401764.666666666,427672.83510282607,8563525.909865126,10240003.423468206,1676477.51360308,4.548857052539422,High Confidence,"₹8,563,526 - ₹10,240,003"
2500000,608,4111.8421052631575,Neral,Mumbai,Apartment,1,1,0,Unfurnished,0,1,19.03455544,73.33093262,608.0,1.0,New,1982481.1420634922,291112.30377349275,1411901.0266674464,2553061.257459538,1141160.2307920917,14.684240752498889,Low Confidence,"₹1,411,901 - ₹2,553,061"
12800000,896,14285.714285714286,Thane,Mumbai,Apartment,2,2,0,Unfurnished,0,1,19.18265724,72.97151947,448.0,1.0,New,15947907.78,1887478.255718813,12248450.398791127,19647365.16120887,7398914.762417745,11.835271947621038,Low Confidence,"₹12,248,450 - ₹19,647,365"
7200000,560,12857.142857142857,Thane,Mumbai,Apartment,1,1,0,Semi-Furnished,16,1,19.23618507,72.97013855,560.0,1.0,Moderate,8710066.86,1920015.6300585354,4946836.22508527,12473297.49491473,7526461.2698294595,22.04363825122848,Low Confidence,"₹4,946,836 - ₹12,473,297"
6000000,300,20000.0,Lower Parel,Mumbai,Apartment,1,1,0,Unfurnished,0,1,19.00025749,72.82381439,300.0,1.0,New,6480365.371111111,2097089.3345677922,2370070.2753582383,10590660.466863982,8220590.191505744,32.360665093305215,Low Confidence,"₹2,370,070 - ₹10,590,660"
4500000,585,7692.307692307692,Vasai,Mumbai,Apartment,1,1,1,Unfurnished,21,1,19.38999557,72.82585144,585.0,1.0,Old,3634887.895555555,1013810.0087607953,1647820.278384396,5621955.512726714,3974135.234342318,27.891094248061947,Low Confidence,"₹1,647,820 - ₹5,621,956"
45000000,1887,23847.376788553254,Dadar,Mumbai,Apartment,4,2,0,Furnished,0,1,19.02109528,72.83779144,471.75,0.5,New,90021094.00444445,17426747.741651516,55864668.43080748,124177519.57808143,68312851.14727396,19.35851583939997,Low Confidence,"₹55,864,668 - ₹124,177,520"
17602000,677,26000.0,Jogeshwari,Mumbai,Apartment,2,2,0,Unfurnished,3,1,19.13855171,72.85887909,338.5,1.0,New,14156464.518095238,2030307.0135781148,10177062.771482132,18135866.264708344,7958803.4932262115,14.34190726775681,Low Confidence,"₹10,177,063 - ₹18,135,866"
7600000,420,18095.23809523809,Airoli,Mumbai,Apartment,1,1,0,Unfurnished,19,1,19.14834213,73.00051117,420.0,1.0,Moderate,6011835.891111111,1683028.6754213737,2713099.687285219,9310572.094937004,6597472.407651786,27.995253129078932,Low Confidence,"₹2,713,100 - ₹9,310,572"
12500000,900,13888.888888888889,Thane,Mumbai,Apartment,2,2,0,Unfurnished,0,1,19.24134827,72.96921539,450.0,1.0,New,12522575.48,2745569.44609959,7141259.365644804,17903891.594355196,10762632.22871039,21.924958252274713,Low Confidence,"₹7,141,259 - ₹17,903,892"
22172000,964,23000.0,Borivali,Mumbai,Apartment,3,3,0,Unfurnished,0,1,19.22916985,72.86089325,321.3333333333333,1.0,New,23398546.613333333,1531905.2046881206,20396012.412144616,26401080.81452205,6005068.402377434,6.547010077177981,Medium Confidence,"₹20,396,012 - ₹26,401,081"
8000000,865,9248.554913294798,Kalyan,Mumbai,Apartment,2,2,0,Unfurnished,0,1,19.25814056,73.13052368,432.5,1.0,New,7012765.555555555,1420909.1873002725,4227783.54844702,9797747.56266409,5569964.014217069,20.261752315028122,Low Confidence,"₹4,227,784 - ₹9,797,748"
41000000,1950,21025.641025641027,Belapur,Mumbai,Apartment,3,2,0,Unfurnished,13,1,19.0110836,73.03444672,650.0,0.6666666666666666,Moderate,33209353.19333333,7202540.053037131,19092374.689380556,47326331.69728611,28233957.00790555,21.688287667352153,Low Confidence,"₹19,092,375 - ₹47,326,332"
11000000,900,12222.222222222224,Kandivali,Mumbai,Apartment,2,2,1,Unfurnished,0,1,19.2054615,72.82296753,450.0,1.0,New,16080899.306666667,3370593.917334318,9474535.228691403,22687263.38464193,13212728.155950528,20.960232714951267,Low Confidence,"₹9,474,535 - ₹22,687,263"
4800000,351,13675.213675213676,Bhandup,Mumbai,Apartment,1,1,1,Unfurnished,1,1,19.15069008,72.93463135,351.0,1.0,New,5434879.413333333,1317258.6545916747,2853052.4503336507,8016706.376333015,5163653.925999364,24.237127531478578,Low Confidence,"₹2,853,052 - ₹8,016,706"
19500000,920,21195.652173913044,Andheri,Mumbai,Apartment,2,2,2,Semi-Furnished,2,1,19.12552261,72.84477997,460.0,1.0,New,19492149.494949494,1488571.1081784659,16574550.122919701,22409748.866979286,5835198.744059585,7.6367724789108635,Medium Confidence,"₹16,574,550 - ₹22,409,749"
9139060,1015,9004.0,Bhayandar,Mumbai,Apartment,2,2,0,Unfurnished,0,1,19.29522705,72.86496735,507.5,1.0,New,9427953.412809527,516466.0413066091,8415679.971848574,10440226.85377048,2024546.881921906,5.478029204142009,Medium Confidence,"₹8,415,680 - ₹10,440,227"
5318496,708,7512.0,Ulwe,Mumbai,Apartment,1,1,0,Unfurnished,0,1,18.97583961,73.0349884,708.0,1.0,New,5088391.9399999995,442092.12893237587,4221891.367292543,5954892.512707456,1733001.145414913,8.688248353218953,Medium Confidence,"₹4,221,891 - ₹5,954,893"
8297646,1004,8264.58764940239,Taloja,Mumbai,Apartment,2,2,0,Unfurnished,0,1,19.07214928,73.10264587,502.0,1.0,New,5461708.502222224,555359.5671830301,4373203.750543485,6550213.253900963,2177009.5033574775,10.168238875382475,Low Confidence,"₹4,373,204 - ₹6,550,213"
4000000,900,4444.444444444444,Karjat,Mumbai,Independent House,1,1,0,Semi-Furnished,0,1,18.91919708,73.32769775,900.0,1.0,New,4182736.52,1442870.0847203697,1354711.1539480756,7010761.886051925,5656050.732103849,34.49583969301441,Low Confidence,"₹1,354,711 - ₹7,010,762"
21400000,1300,16461.53846153846,Vajreshwari,Mumbai,Apartment,3,3,0,Unfurnished,0,1,19.19189644,72.96941376,433.3333333333333,1.0,New,21919025.626666665,3776554.544009899,14516978.720407262,29321072.532926068,14804093.812518805,17.229573103903604,Low Confidence,"₹14,516,979 - ₹29,321,073"
17000000,840,20238.09523809524,Thane,Mumbai,Apartment,2,2,0,Semi-Furnished,3,1,19.22890091,72.97228241,420.0,1.0,New,13375508.9,3016890.525513642,7462403.469993263,19288614.330006737,11826210.860013474,22.555332646174246,Low Confidence,"₹7,462,403 - ₹19,288,614"
9000000,1080,8333.333333333334,Thane,Mumbai,Apartment,2,2,0,Semi-Furnished,1,1,19.26965141,72.9697876,540.0,1.0,New,9367335.506666666,806255.9220086613,7787073.89952969,10947597.113803642,3160523.214273952,8.607099867778354,Medium Confidence,"₹7,787,074 - ₹10,947,597"
55000000,1100,50000.0,Fort,Mumbai,Apartment,3,3,0,Semi-Furnished,0,1,18.92918777,72.82983398,366.6666666666667,1.0,New,45002276.524444446,9906592.952399248,25585354.33774192,64419198.71114697,38833844.373405054,22.013537352978492,Low Confidence,"₹25,585,354 - ₹64,419,199"
39000000,780,50000.0,Santacruz,Mumbai,Apartment,2,2,0,Unfurnished,0,1,19.08456612,72.83725739,390.0,1.0,New,37849000.0,2623766.186229253,32706418.274990663,42991581.72500934,10285163.450018674,6.93219420917132,Medium Confidence,"₹32,706,418 - ₹42,991,582"
12145998,642,18919.0,Thane,Mumbai,Apartment,2,2,0,Unfurnished,0,1,19.25310516,72.97840118,321.0,1.0,New,12382774.29484127,1346721.152866072,9743200.83522377,15022347.754458772,5279146.919235002,10.875762739430074,Low Confidence,"₹9,743,201 - ₹15,022,348"
8500000,938,9061.83368869936,Dombivli,Mumbai,Apartment,2,1,0,Unfurnished,0,1,19.2192955,73.08330536,469.0,0.5,New,7517985.6866666665,2262485.823819671,3083513.4719801117,11952457.901353221,8868944.42937311,30.09430874326145,Low Confidence,"₹3,083,513 - ₹11,952,458"
42500000,6000,7083.333333333333,Manpada,Mumbai,Villa,4,3,4,Semi-Furnished,17,1,19.23563194,72.97525024,1500.0,0.75,Moderate,76188427.72888888,64843867.67971597,0.0,203282408.3811322,203282408.3811322,85.10986459841155,Low Confidence,"₹0 - ₹203,282,408"
41000000,1375,29818.18181818182,Mahalaxmi,Mumbai,Apartment,2,2,0,Unfurnished,9,1,18.98710442,72.8290863,687.5,1.0,Recent,39826902.68444445,11047279.395446336,18174235.069369633,61479570.29951927,43305335.23014964,27.73823383398873,Low Confidence,"₹18,174,235 - ₹61,479,570"
17900000,637,28100.470957613816,Jogeshwari,Western Mumbai,Apartment,2,2,0,Furnished,0,1,19.118436730268,72.855957648283,318.5,1.0,New,17810234.153333332,3291650.023208889,11358600.10784391,24261868.198822755,12903268.090978846,18.481789710736788,Low Confidence,"₹11,358,600 - ₹24,261,868"
25944000,1081,24000.0,Kanjurmarg,Mumbai,Apartment,3,3,0,Unfurnished,1,1,19.13684273,72.93132019,360.3333333333333,1.0,New,28524899.159111116,1382319.4296900241,25815553.07691867,31234245.241303563,5418692.164384894,4.846009873617725,High Confidence,"₹25,815,553 - ₹31,234,245"
11004191,534,20607.09925093633,Vikhroli,Mumbai,Apartment,2,2,0,Unfurnished,0,1,19.08842278,72.9363327,267.0,1.0,New,10801041.804444443,2030650.1864917995,6820967.4389205165,14781116.16996837,7960148.731047854,18.800502981631105,Low Confidence,"₹6,820,967 - ₹14,781,116"
10900008,401,27182.06483790524,Kanjurmarg,Mumbai,Apartment,1,1,0,Unfurnished,0,1,19.1307621,72.93123627,401.0,1.0,New,10729480.060301585,1152606.3280323243,8470371.65735823,12988588.463244941,4518216.805886712,10.742424810470515,Low Confidence,"₹8,470,372 - ₹12,988,588"
122462760,2065,59304.0,Bandra,Mumbai,Apartment,4,4,0,Unfurnished,0,1,19.0533371,72.84757233,516.25,1.0,New,119406389.14666666,12920969.513540367,94081288.90012754,144731489.3932058,50650200.49307825,10.821003470483948,Low Confidence,"₹94,081,289 - ₹144,731,489"
8500000,1100,7727.272727272727,Kamothe,Mumbai,Apartment,2,2,0,Unfurnished,0,1,19.02422333,73.09594727,550.0,1.0,New,9228314.666666666,1732762.283730293,5832100.590555292,12624528.74277804,6792428.152222749,18.776584309474778,Low Confidence,"₹5,832,101 - ₹12,624,529"
2300000,399,5764.411027568923,Taloja,Mumbai,Apartment,1,1,1,Semi-Furnished,1,1,19.09020424,73.09255219,399.0,1.0,New,2542513.616,769878.8629501847,1033551.0446176378,4051476.187382362,3017925.142764724,30.28022576183461,Low Confidence,"₹1,033,551 - ₹4,051,476"
19451984,915,21258.998907103825,Thane,Mumbai,Apartment,3,3,0,Unfurnished,0,1,19.22858429,72.97820282,305.0,1.0,New,17874125.92,1804020.1730306859,14338246.380859857,21410005.459140144,7071759.078280287,10.092914087687516,Low Confidence,"₹14,338,246 - ₹21,410,005"
2971360,820,3623.609756097561,Neral,Mumbai,Apartment,2,2,0,Unfurnished,0,1,19.03328133,73.33013916,410.0,1.0,New,2809782.0977777774,285117.0460668532,2250952.687486745,3368611.5080688098,1117658.8205820648,10.147300970148141,Low Confidence,"₹2,250,953 - ₹3,368,612"
8700000,1000,8700.0,Thane,Mumbai,Apartment,2,2,0,Semi-Furnished,0,1,19.22933769,72.96694946,500.0,1.0,New,15342796.497777777,3094629.5781717226,9277322.5245612,21408270.470994353,12130947.946433153,20.16991868868197,Low Confidence,"₹9,277,323 - ₹21,408,270"
14800000,598,24749.163879598666,Kurla,Mumbai,Apartment,2,2,0,Semi-Furnished,0,1,19.06384659,72.88349915,299.0,1.0,New,11905434.606666667,1192201.2054146952,9568720.244053865,14242148.96927947,4673428.725225605,10.013924269065324,Low Confidence,"₹9,568,720 - ₹14,242,149"
43983096,1516,29012.5963060686,Chembur,Mumbai,Apartment,4,4,0,Unfurnished,0,1,19.05843353,72.89537048,379.0,1.0,New,46974553.708,7077062.697079922,33103510.82172335,60845596.594276644,27742085.772553295,15.065736954249473,Low Confidence,"₹33,103,511 - ₹60,845,597"
7800000,850,9176.470588235294,Kalyan,Mumbai,Apartment,2,2,0,Furnished,8,1,19.26093102,73.12546539,425.0,1.0,Recent,6538779.04,1740311.9538114176,3127767.6105296216,9949790.469470378,6822022.858940756,26.61524335300704,Low Confidence,"₹3,127,768 - ₹9,949,790"
6800000,1200,5666.666666666667,Kharghar,Mumbai,Apartment,2,2,0,Unfurnished,0,1,19.06671524,73.06954956,600.0,1.0,New,11925111.11111111,2478762.943162389,7066735.742512828,16783486.479709394,9716750.737196567,20.786078385909757,Low Confidence,"₹7,066,736 - ₹16,783,486"
19899796,728,27334.884615384617,Kandivali,Mumbai,Apartment,2,2,0,Unfurnished,0,1,19.20511246,72.83838654,364.0,1.0,New,20084863.373333335,1550656.060927041,17045577.493916333,23124149.252750337,6078571.758834004,7.720520832548189,Medium Confidence,"₹17,045,577 - ₹23,124,149"
9800000,2758,3553.299492385787,Karjat,Mumbai,Villa,2,2,0,Semi-Furnished,0,1,18.91101456,73.32439423,1379.0,1.0,New,13656378.646666666,8903918.840236437,0.0,31108059.573530085,31108059.573530085,65.1997068227876,Low Confidence,"₹0 - ₹31,108,060"
68500000,1291,53059.64368706429,Byculla,Mumbai,Apartment,3,2,0,Unfurnished,1,1,18.97328949,72.83251953,430.3333333333333,0.6666666666666666,New,56868663.04711111,10850086.83094956,35602492.85844997,78134833.23577225,42532340.37732228,19.079201531362074,Low Confidence,"₹35,602,493 - ₹78,134,833"
20700000,924,22402.597402597403,Andheri,Mumbai,Apartment,2,2,0,Semi-Furnished,0,1,19.13772964,72.82433319,462.0,1.0,New,27086859.082337663,3506992.039014874,20213154.68586851,33960563.478806816,13747408.792938307,12.947208195510765,Low Confidence,"₹20,213,155 - ₹33,960,563"
39000000,1560,25000.0,Mulund,Mumbai,Apartment,3,3,0,Semi-Furnished,0,1,19.17477226,72.94526672,520.0,1.0,New,30317001.333333332,5405581.546771657,19722061.501660883,40911941.16500578,21189879.663344897,17.83019859826393,Low Confidence,"₹19,722,062 - ₹40,911,941"
9000000,1135,7929.515418502203,Kamothe,Mumbai,Apartment,2,2,0,Unfurnished,0,1,19.01863861,73.09423065,567.5,1.0,New,8970074.777777778,1080198.9867967856,6852884.763656078,11087264.791899478,4234380.0282434,12.042251748813083,Low Confidence,"₹6,852,885 - ₹11,087,265"
21500000,1000,21500.0,Powai,Mumbai,Apartment,2,2,0,Unfurnished,9,1,19.10664749,72.8968811,500.0,1.0,Recent,22839587.205333333,2745226.121643916,17458944.00691126,28220230.403755408,10761286.396844149,12.019596050329975,Low Confidence,"₹17,458,944 - ₹28,220,230"
4800000,669,7174.8878923766815,Kalyan,Mumbai,Apartment,1,1,1,Unfurnished,1,1,19.2509861,73.15472412,669.0,1.0,New,4180656.933333333,1214862.9029142598,1799525.6436213837,6561788.223045282,4762262.579423899,29.059138845569464,Low Confidence,"₹1,799,526 - ₹6,561,788"
41700000,1496,27874.33155080214,Mulund,Mumbai,Apartment,4,4,0,Unfurnished,2,1,19.17459869,72.94195557,374.0,1.0,New,36392982.00666667,4413961.242332341,27741617.97169528,45044346.041638054,17302728.069942772,12.128605568853267,Low Confidence,"₹27,741,618 - ₹45,044,346"
12181264,599,20336.0,Thane,Mumbai,Apartment,2,2,0,Unfurnished,0,1,19.20824814,72.98790741,299.5,1.0,New,11656820.593888888,2009034.614304707,7719112.749851663,15594528.437926114,7875415.688074451,17.234842023372543,Low Confidence,"₹7,719,113 - ₹15,594,528"
100000000,2400,41666.66666666666,Goregaon,Mumbai,Apartment,6,4,0,Semi-Furnished,0,1,19.15316391,72.87567139,400.0,0.6666666666666666,New,72780699.8320635,24752856.652803272,24265100.792569086,121296298.8715579,97031198.07898882,34.010193237930935,Low Confidence,"₹24,265,101 - ₹121,296,299"
25900000,1450,17862.068965517243,Goregaon,Mumbai,Apartment,2,2,0,Unfurnished,0,1,19.1522274,72.84477997,725.0,1.0,New,26032582.586666666,3628818.53989189,18920098.24847856,33145066.92485477,14224968.676376209,13.939525699422898,Low Confidence,"₹18,920,098 - ₹33,145,067"
7200000,725,9931.03448275862,Mira Road,Mumbai,Apartment,1,2,0,Semi-Furnished,0,1,19.27859879,72.87359619,725.0,2.0,New,6629659.0,529816.8723269704,5591217.930239138,7668100.069760862,2076882.1395217236,7.991615742634281,Medium Confidence,"₹5,591,218 - ₹7,668,100"
6200000,480,12916.666666666666,Bhayandar,Mumbai,Apartment,1,1,0,Semi-Furnished,0,1,19.3073616,72.86156464,480.0,1.0,New,5276213.193333333,1167706.7757920828,2987507.912780851,7564918.473885816,4577410.561104964,22.131531327572553,Low Confidence,"₹2,987,508 - ₹7,564,918"
26100000,1970,13248.730964467006,Kharghar,Mumbai,Apartment,3,3,0,Unfurnished,0,1,19.0415554,73.07211304,656.6666666666666,1.0,New,24344666.666666664,2206004.700978841,20020897.452748135,28668435.880585194,8647538.427837059,9.061552294734678,Medium Confidence,"₹20,020,897 - ₹28,668,436"
9500000,1025,9268.292682926827,Kharghar,Mumbai,Apartment,2,2,0,Unfurnished,0,1,19.04911423,73.07756042,512.5,1.0,New,9296710.2,1208509.537331815,6928031.506829642,11665388.893170357,4737357.386340715,12.999324614117963,Low Confidence,"₹6,928,032 - ₹11,665,389"
29710464,691,42996.32995658466,Mahim,Mumbai,Apartment,2,2,0,Unfurnished,0,1,19.03657532,72.84221649,345.5,1.0,New,30576454.104000002,2858364.5129361544,24974059.65864514,36178848.549354866,11204788.890709728,9.348253735419974,Medium Confidence,"₹24,974,060 - ₹36,178,849"
65998920,1560,42307.0,Nerul,Mumbai,Apartment,3,3,0,Unfurnished,0,1,19.00825882,73.01303101,520.0,1.0,New,54506324.08,15477118.589994965,24171171.643609866,84841476.51639013,60670304.87278026,28.395087820046154,Low Confidence,"₹24,171,172 - ₹84,841,477"
9750000,665,14661.654135338344,Borivali,Mumbai,Apartment,1,2,0,Semi-Furnished,0,1,19.22635841,72.84619904,665.0,2.0,New,12013616.873333333,2011133.5621559366,8071795.0915076975,15955438.655158969,7883643.563651271,16.740450302024005,Low Confidence,"₹8,071,795 - ₹15,955,439"
86000000,2520,34126.98412698413,Juhu,Mumbai,Apartment,5,5,0,Unfurnished,0,1,19.1140976,72.83042908,504.0,1.0,New,137633546.8711111,37698224.572972015,63745026.708085954,211522067.03413624,147777040.32605028,27.390287782291228,Low Confidence,"₹63,745,027 - ₹211,522,067"
7900000,600,13166.666666666666,Vikhroli,Mumbai,Apartment,1,1,0,Unfurnished,0,1,19.12093544,72.9409256,600.0,1.0,New,8876632.72,2199361.878402425,4565883.438331248,13187382.001668753,8621498.563337505,24.776984108478747,Low Confidence,"₹4,565,883 - ₹13,187,382"
72000000,2750,26181.81818181818,Vikhroli,Mumbai,Apartment,4,5,0,Semi-Furnished,8,1,19.10345078,72.92726898,687.5,1.25,Recent,71970529.33333333,24797280.778635982,23367859.007206805,120573199.65945986,97205340.65225306,34.45477059615158,Low Confidence,"₹23,367,859 - ₹120,573,200"
109900000,2875,38226.086956521736,Byculla,Mumbai,Apartment,4,4,0,Unfurnished,0,1,18.98055077,72.83454132,718.75,1.0,New,137756185.52177778,43183571.26405566,53116385.844228685,222395985.19932687,169279599.3550982,31.347827395546464,Low Confidence,"₹53,116,386 - ₹222,395,985"
39345176,1122,35067.001782531195,Wadala,Mumbai,Apartment,3,2,0,Unfurnished,0,1,19.00528526,72.85163879,374.0,0.6666666666666666,New,45373229.320317455,7688391.179153609,30303982.609176382,60442476.03145853,30138493.422282144,16.944774031569455,Low Confidence,"₹30,303,983 - ₹60,442,476"
16400000,1122,14616.75579322638,Mulund,Mumbai,Apartment,2,2,0,Semi-Furnished,0,1,19.17367935,72.93929291,561.0,1.0,New,19740567.406666666,3844806.642469526,12204746.387426395,27276388.425906938,15071642.038480543,19.47667745948924,Low Confidence,"₹12,204,746 - ₹27,276,388"
6000000,685,8759.12408759124,Kalyan,Mumbai,Apartment,1,2,0,Unfurnished,0,1,19.22605324,73.12375641,685.0,2.0,New,4166615.555555555,1269104.3868788187,1679170.9572730702,6654060.15383804,4974889.196564971,30.45887891400633,Low Confidence,"₹1,679,171 - ₹6,654,060"
17641100,670,26330.0,Goregaon,Mumbai,Apartment,2,2,0,Unfurnished,0,1,19.16504288,72.84308624,335.0,1.0,New,18168760.78,2095531.4475072345,14061519.142885821,22276002.41711418,8214483.274228359,11.53370597412442,Low Confidence,"₹14,061,519 - ₹22,276,002"
7200000,391,18414.322250639387,Vikhroli,Mumbai,Apartment,1,2,0,Semi-Furnished,0,1,19.12000084,72.93900299,391.0,2.0,New,7685987.08,847510.636629947,6024866.232205304,9347107.927794697,3322241.6955893924,11.026698689557868,Low Confidence,"₹6,024,866 - ₹9,347,108"
14971552,536,27932.0,Wadala,Mumbai,Apartment,2,2,0,Unfurnished,0,1,19.01773453,72.86863708,268.0,1.0,New,15590915.56,2132402.7563346056,11411406.157584174,19770424.96241583,8359018.804831656,13.677213170248262,Low Confidence,"₹11,411,406 - ₹19,770,425"
3000000,615,4878.048780487805,Ambernath,Mumbai,Apartment,1,1,0,Unfurnished,8,1,19.20943451,73.20275879,615.0,1.0,Recent,2312071.075555556,223272.61664410168,1874456.7469331166,2749685.4041779954,875228.6572448788,9.656823226788243,Medium Confidence,"₹1,874,457 - ₹2,749,685"
12500000,437,28604.118993135013,Borivali,Mumbai,Apartment,1,2,0,Unfurnished,0,1,19.23534966,72.84618378,437.0,2.0,New,11257581.531111112,1887179.1423838611,7558710.4120387435,14956452.65018348,7397742.238144737,16.76362846823281,Low Confidence,"₹7,558,710 - ₹14,956,453"
10500000,1200,8750.0,Kharghar,Mumbai,Apartment,2,2,0,Semi-Furnished,11,1,19.07247925,73.0797348,600.0,1.0,Moderate,10622966.666666666,2310988.1073303316,6093429.976299216,15152503.357034117,9059073.380734902,21.754639545108226,Low Confidence,"₹6,093,430 - ₹15,152,503"
25000000,1250,20000.0,Kharghar,Mumbai,Apartment,2,2,0,Unfurnished,0,1,19.03519058,73.06549072,625.0,1.0,New,14890666.666666666,2865038.607457538,9275190.996049892,20506142.33728344,11230951.341233548,19.24049924420804,Low Confidence,"₹9,275,191 - ₹20,506,142"
8500000,1500,5666.666666666667,Bhiwandi,Mumbai,Apartment,3,3,0,Furnished,8,1,19.26701164,73.0819931,500.0,1.0,Recent,7874671.244444444,1806655.3068400472,4333626.843037952,11415715.645850936,7082088.802812984,22.94261246924609,Low Confidence,"₹4,333,627 - ₹11,415,716"
9084900,1100,8259.0,Ulwe,Mumbai,Apartment,2,2,0,Unfurnished,0,1,18.96730042,73.01540375,550.0,1.0,New,10506543.073333334,1725492.0371171895,7124578.680583643,13888507.466083026,6763928.785499383,16.423023491872055,Low Confidence,"₹7,124,579 - ₹13,888,507"
5100000,850,6000.0,Naigaon,Mumbai,Apartment,2,1,0,Unfurnished,1,1,19.36510086,72.86039734,425.0,0.5,New,5040316.984126984,107848.75821912795,4828933.418017494,5251700.550236475,422767.13221898116,2.139721738905833,High Confidence,"₹4,828,933 - ₹5,251,701"
12500000,1080,11574.074074074077,Kolshet,Mumbai,Apartment,2,2,0,Semi-Furnished,7,1,19.24021149,72.99583435,540.0,1.0,Recent,12871535.833333334,1744081.1612666808,9453136.75725064,16289934.909416027,6836798.152165387,13.549907204935444,Low Confidence,"₹9,453,137 - ₹16,289,935"
17239390,652,26440.78220858896,Kandivali,Mumbai,Apartment,2,2,0,Unfurnished,0,1,19.21458435,72.87258148,326.0,1.0,New,16519036.06888889,3458332.651243409,9740704.072451808,23297368.06532597,13556663.992874164,20.935438586254172,Low Confidence,"₹9,740,704 - ₹23,297,368"
15987990,493,32430.0,Seawoods,Mumbai,Apartment,2,2,0,Unfurnished,0,1,19.01807976,73.00849152,246.5,1.0,New,18511508.22222222,3460625.437348501,11728682.365019158,25294334.079425283,13565651.714406125,18.694454259508568,Low Confidence,"₹11,728,682 - ₹25,294,334"
2443500,458,5335.152838427947,Neral,Mumbai,Apartment,1,1,0,Unfurnished,0,1,19.02205086,73.31723022,458.0,1.0,New,1771841.7133333334,351843.3163249676,1082228.813336397,2461454.6133302697,1379225.7999938726,19.857491426988204,Low Confidence,"₹1,082,229 - ₹2,461,455"
6200000,678,9144.542772861358,Bhayandar,Mumbai,Apartment,1,2,0,Unfurnished,0,1,19.30556297,72.86444855,678.0,2.0,New,6608989.093333334,397879.74632479675,5829144.790536732,7388833.396129935,1559688.6055932026,6.0202814788444545,Medium Confidence,"₹5,829,145 - ₹7,388,833"
6800000,1050,6476.190476190476,Naigaon,Mumbai,Apartment,2,1,0,Unfurnished,0,1,19.36089325,72.84857941,525.0,0.5,New,5664328.666666667,406179.3860413022,4868217.070025715,6460440.263307619,1592223.1932819039,7.170830118520115,Medium Confidence,"₹4,868,217 - ₹6,460,440"
4400000,700,6285.714285714285,Ulwe,Mumbai,Apartment,1,1,0,Semi-Furnished,0,1,18.95769882,73.01872253,700.0,1.0,New,4247617.666666667,351371.18984444864,3558930.1345715476,4936305.198761786,1377375.0641902387,8.272194378553577,Medium Confidence,"₹3,558,930 - ₹4,936,305"
4999000,522,9576.62835249042,Dombivali,Mumbai,Apartment,2,2,0,Unfurnished,0,1,19.19014359,73.08583832,261.0,1.0,New,5110143.513166666,628897.6317248154,3877504.1549860276,6342782.871347304,2465278.716361277,12.306848723610475,Low Confidence,"₹3,877,504 - ₹6,342,783"
15200000,1000,15200.0,Malad,Mumbai,Apartment,2,2,0,Unfurnished,7,1,19.20220566,72.81529236,500.0,1.0,Recent,16210666.666666666,1650218.03273251,12976239.322510947,19445094.010822386,6468854.688311439,10.179828298646015,Low Confidence,"₹12,976,239 - ₹19,445,094"
13394207,368,36397.301630434784,Chembur,Mumbai,Apartment,1,1,0,Unfurnished,0,1,19.05270958,72.9071579,368.0,1.0,New,12035660.65,2001915.1179355956,8111907.018846232,15959414.281153768,7847507.262307536,16.633196765443827,Low Confidence,"₹8,111,907 - ₹15,959,414"
17499639,993,17623.0,Thane,Mumbai,Apartment,2,2,0,Unfurnished,2,1,19.23519135,72.97426605,496.5,1.0,New,15198215.113333333,3562401.546410846,8215908.082368075,22180522.14429859,13964614.061930515,23.43960471572458,Low Confidence,"₹8,215,908 - ₹22,180,522"
14013000,1290,10862.790697674418,Kharghar,Mumbai,Apartment,2,2,0,Unfurnished,0,1,19.04701805,73.06959534,645.0,1.0,New,12714666.666666666,1265879.7555674694,10233542.345754426,15195790.987578906,4962248.64182448,9.956059319165291,Medium Confidence,"₹10,233,542 - ₹15,195,791"
29000000,1450,20000.0,Goregaon,Mumbai,Apartment,4,5,0,Unfurnished,0,1,19.16111565,72.83587646,362.5,1.25,New,37317916.91277778,6331704.981883136,24907775.148286834,49728058.67726873,24820283.528981894,16.96693038006936,Low Confidence,"₹24,907,775 - ₹49,728,059"
21000000,1100,19090.90909090909,Vikhroli,Mumbai,Apartment,2,1,0,Semi-Furnished,0,1,19.088974,72.92391205,550.0,0.5,New,23224350.186666667,7552740.152005224,8420979.48873643,38027720.88459691,29606741.39586048,32.52078138376215,Low Confidence,"₹8,420,979 - ₹38,027,721"
10000000,750,13333.333333333334,Jogeshwari,Mumbai,Apartment,1,1,1,Unfurnished,7,1,19.14152908,72.84140778,750.0,1.0,Recent,13191649.98,2449829.2966255927,8389984.558613839,17993315.401386164,9603330.842772326,18.57106048401682,Low Confidence,"₹8,389,985 - ₹17,993,315"
80000000,3800,21052.63157894737,Powai,Mumbai,Apartment,4,3,0,Unfurnished,11,1,19.11752129,72.90710449,950.0,0.75,Moderate,99932984.6,37928754.725707375,25592625.337613538,174273343.86238647,148680718.52477294,37.95418987787079,Low Confidence,"₹25,592,625 - ₹174,273,344"
28586400,1050,27225.14285714286,Andheri,Mumbai,Apartment,3,2,0,Unfurnished,3,1,19.12613869,72.83355713,350.0,0.6666666666666666,New,32891329.822222225,8228350.495639411,16763762.85076898,49018896.79367547,32255133.942906488,25.01677657946237,Low Confidence,"₹16,763,763 - ₹49,018,897"
28200000,1380,20434.78260869565,Thane,Mumbai,Apartment,3,2,0,Furnished,7,1,19.25847816,72.98677063,460.0,0.6666666666666666,Recent,27826666.666666668,7777254.585577661,12583247.678934453,43070085.65439888,30486837.975464426,27.948926397619765,Low Confidence,"₹12,583,248 - ₹43,070,086"
62599992,1992,31425.698795180724,Vashi,Mumbai,Apartment,4,4,0,Unfurnished,0,1,19.06329918,73.00029755,498.0,1.0,New,57353117.22833333,9670394.516898839,38399143.975211605,76307090.48145506,37907946.50624345,16.861148938773834,Low Confidence,"₹38,399,144 - ₹76,307,090"
14600000,625,23360.0,Goregaon,Mumbai,Apartment,2,2,0,Unfurnished,0,1,19.15676117,72.87097168,312.5,1.0,New,15226267.593777778,2352824.316517149,10614731.933404166,19837803.25415139,9223071.320747223,15.452403565261339,Low Confidence,"₹10,614,732 - ₹19,837,803"
60000000,2275,26373.62637362637,Bandra,Mumbai,Apartment,4,4,4,Unfurnished,18,1,19.06954193,72.82793427,568.75,1.0,Moderate,124635467.86,51278612.897423394,24129386.581050143,225141549.13894987,201012162.5578997,41.142873515766325,Low Confidence,"₹24,129,387 - ₹225,141,549"
21500000,1050,20476.19047619048,Ghansoli,Mumbai,Apartment,3,2,0,Semi-Furnished,1,1,19.11846924,72.99710846,350.0,0.6666666666666666,New,22566374.395555556,4190804.3516227035,14352397.866375057,30780350.924736053,16427953.058360996,18.571013128489447,Low Confidence,"₹14,352,398 - ₹30,780,351"
187500000,2500,75000.0,Prabhadevi,Mumbai,Apartment,4,4,0,Unfurnished,1,1,19.01035881,72.83055115,625.0,1.0,New,132103531.03111109,42401523.9429654,48996544.102898896,215210517.9593233,166213973.8564244,32.0971919614924,Low Confidence,"₹48,996,544 - ₹215,210,518"
33580000,1552,21636.59793814433,Bandra Kurla Complex,Mumbai,Apartment,2,2,2,Unfurnished,4,1,19.06706429,72.85186768,776.0,1.0,New,29727182.222222228,6769835.777272551,16458304.098768027,42996060.34567643,26537756.246908404,22.77321720795937,Low Confidence,"₹16,458,304 - ₹42,996,060"
8959726,443,20225.115124153497,Vikhroli,Mumbai,Apartment,1,1,0,Unfurnished,0,1,19.11802101,72.93362427,443.0,1.0,New,8338419.92952381,568328.6563165558,7224495.763143361,9452344.095904259,2227848.3327608984,6.815783579144015,Medium Confidence,"₹7,224,496 - ₹9,452,344"
22500000,1000,22500.0,Malad,Mumbai,Apartment,2,2,0,Furnished,11,1,19.18694305,72.83223724,500.0,1.0,Moderate,20054631.666666668,2183858.876815814,15774268.268107671,24334995.065225665,8560726.797117993,10.889548674412522,Low Confidence,"₹15,774,268 - ₹24,334,995"
22000000,1700,12941.176470588236,Koper Khairane,Mumbai,Apartment,3,3,0,Semi-Furnished,0,1,19.0953083,73.00067902,566.6666666666666,1.0,New,23080444.444444444,5240373.448194625,12809312.485982979,33351576.40290591,20542263.916922934,22.704820354774423,Low Confidence,"₹12,809,312 - ₹33,351,576"
4800000,875,5485.714285714285,Nala Sopara,Mumbai,Apartment,2,2,0,Semi-Furnished,0,1,19.42894554,72.80891418,437.5,1.0,New,4911834.24,810219.7878072968,3323803.455897698,6499865.024102302,3176061.568204604,16.49525916834068,Low Confidence,"₹3,323,803 - ₹6,499,865"
52000000,3000,17333.333333333332,Kharghar,Mumbai,Apartment,5,5,0,Furnished,0,1,19.0662384,73.0579071,600.0,1.0,New,50428122.75333333,18749399.83939381,13679299.068121463,87176946.4385452,73497647.37042373,37.18044379939656,Low Confidence,"₹13,679,299 - ₹87,176,946"
18245500,1234,14785.656401944894,Kharghar,Mumbai,Apartment,2,2,0,Semi-Furnished,0,1,19.08071327,73.07395935,617.0,1.0,New,18150326.8,694746.3709904687,16788623.912858684,19512029.687141318,2723405.7742826343,3.8277347766017558,High Confidence,"₹16,788,624 - ₹19,512,030"
4599999,850,5411.7635294117645,Naigaon,Mumbai,Apartment,2,3,0,Unfurnished,1,1,19.36510086,72.86039734,425.0,1.5,New,5243116.234920635,415895.4978660321,4427961.059103212,6058271.410738057,1630310.3516348451,7.932219680655764,Medium Confidence,"₹4,427,961 - ₹6,058,271"
28247476,843,33508.275207591934,Powai,Mumbai,Apartment,2,2,0,Unfurnished,0,1,19.12106323,72.8949585,421.5,1.0,New,25556642.184,3889172.1250684974,17933864.818865746,33179419.549134254,15245554.730268508,15.217852553037478,Low Confidence,"₹17,933,865 - ₹33,179,420"
9200000,700,13142.857142857143,Ghansoli,Mumbai,Apartment,1,1,0,Unfurnished,3,1,19.11830139,72.99414825,700.0,1.0,New,10058077.777777776,608962.893008867,8864510.507480396,11251645.048075156,2387134.5405947603,6.054465937361352,Medium Confidence,"₹8,864,511 - ₹11,251,645"
19800000,969,20433.43653250774,Bandra,Mumbai,Apartment,2,2,0,Semi-Furnished,0,1,19.06140518,72.85464478,484.5,1.0,New,25759819.302222222,9477834.198345553,7183264.273464937,44336374.33097951,37153110.05751458,36.793092712136875,Low Confidence,"₹7,183,264 - ₹44,336,374"
25000000,1150,21739.130434782608,Santacruz,Mumbai,Apartment,2,2,2,Unfurnished,4,1,19.08771706,72.84185791,575.0,1.0,New,21224540.0,5654796.590724911,10141138.682179175,32307941.317820825,22166802.63564165,26.64272860907662,Low Confidence,"₹10,141,139 - ₹32,307,941"
4600000,1220,3770.4918032786886,Palghar,Mumbai,Apartment,3,3,0,Semi-Furnished,0,1,19.70327568,72.7763443,406.6666666666667,1.0,New,5783539.953333333,2536720.515919184,811567.7421317333,10755512.164534934,9943944.422403201,43.861035566239146,Low Confidence,"₹811,568 - ₹10,755,512"
2400000,620,3870.967741935484,Ambernath,Mumbai,Apartment,1,1,1,Unfurnished,1,1,19.18820763,73.17377472,620.0,1.0,New,2493013.3333333335,128096.83767455864,2241943.5314911986,2744083.1351754684,502139.6036842698,5.1382331559087255,Medium Confidence,"₹2,241,944 - ₹2,744,083"
12500000,513,24366.471734892788,Vikhroli,Mumbai,Apartment,1,2,0,Semi-Furnished,0,1,19.10897064,72.9233551,513.0,2.0,New,8219299.017777776,1104461.706691377,6054554.072662678,10384043.962892875,4329489.890230197,13.437419715507401,Low Confidence,"₹6,054,554 - ₹10,384,044"
8220000,1180,6966.101694915255,Kalyan,Mumbai,Apartment,2,2,0,Semi-Furnished,11,1,19.26094437,73.13653564,590.0,1.0,Moderate,10127216.0,2211204.0029266444,5793256.154263777,14461175.845736224,8667919.691472448,21.834273140087507,Low Confidence,"₹5,793,256 - ₹14,461,176"
6100000,500,12200.0,Thane,Mumbai,Apartment,1,2,0,Semi-Furnished,0,1,19.24670029,72.97599792,500.0,2.0,New,5502449.973333334,1043307.1414165113,3457567.9761569714,7547331.970509696,4089763.9943527244,18.960774681691206,Low Confidence,"₹3,457,568 - ₹7,547,332"
8499000,913,9308.871851040523,Kalyan,Mumbai,Apartment,2,2,0,Furnished,0,1,19.2570858,73.12992859,456.5,1.0,New,7149073.333333333,986135.9277277933,5216246.914986858,9081899.751679808,3865652.8366929498,13.793898618018465,Low Confidence,"₹5,216,247 - ₹9,081,900"
22800000,1000,22800.0,Chembur,Mumbai,Apartment,2,2,0,Unfurnished,0,1,19.05451012,72.89835358,500.0,1.0,New,21883180.133333333,5501446.08577386,11100345.805216568,32666014.4614501,21565668.656233534,25.140066719068123,Low Confidence,"₹11,100,346 - ₹32,666,014"
13553600,839,16154.469606674613,Jogeshwari,Mumbai,Apartment,3,3,0,Unfurnished,0,1,19.13460922,72.85787201,279.6666666666667,1.0,New,22636796.3,4079444.7902260707,14641084.511156902,30632508.0888431,15991423.577686198,18.021299198712455,Low Confidence,"₹14,641,085 - ₹30,632,508"
25000000,1853,13491.635186184563,Mulund,Mumbai,Apartment,4,4,3,Unfurnished,0,1,19.17339706,72.93873596,463.25,1.0,New,36853837.12,10320345.687760385,16625959.571989644,57081714.668010354,40455755.09602071,28.003449557114624,Low Confidence,"₹16,625,960 - ₹57,081,715"
3300000,679,4860.088365243005,Taloja,Mumbai,Apartment,1,2,0,Unfurnished,0,1,19.06951523,73.09985352,679.0,2.0,New,3943333.3333333335,525378.1706753927,2913592.118809564,4973074.547857103,2059482.429047539,13.323199594473186,Low Confidence,"₹2,913,592 - ₹4,973,075"
14800000,1210,12231.404958677684,Thane,Mumbai,Apartment,3,3,0,Unfurnished,0,1,19.23421669,72.97676849,403.3333333333333,1.0,New,22542135.5,3716087.749714031,15258603.5105605,29825667.489439502,14567063.978879003,16.48507413911176,Low Confidence,"₹15,258,604 - ₹29,825,667"
14162904,406,34884.0,Goregaon,Mumbai,Apartment,1,1,0,Unfurnished,0,1,19.16130066,72.85127258,406.0,1.0,New,12459359.693333333,2329984.6754802205,7892589.729392101,17026129.657274567,9133539.927882466,18.700677505337072,Low Confidence,"₹7,892,590 - ₹17,026,130"
8100000,600,13500.0,Thane,Mumbai,Apartment,2,2,0,Unfurnished,0,1,19.28232574,72.95376587,300.0,1.0,New,8798463.28577778,865765.8027298985,7101562.312427178,10495364.25912838,3393801.9467012025,9.839966078273694,Medium Confidence,"₹7,101,562 - ₹10,495,364"
18500000,1250,14800.0,Ghansoli,Mumbai,Apartment,2,2,0,Unfurnished,1,1,19.11989021,73.00995636,625.0,1.0,New,19224833.333333332,2065095.83447247,15177245.497767292,23272421.168899372,8095175.67113208,10.741813979171749,Low Confidence,"₹15,177,245 - ₹23,272,421"
13706940,780,17573.0,Kandivali,Mumbai,Apartment,2,2,0,Unfurnished,0,1,19.2049942,72.82299042,390.0,1.0,New,14337274.52,3386369.3499893104,7699990.594020952,20974558.445979048,13274567.851958096,23.619338147326697,Low Confidence,"₹7,699,991 - ₹20,974,558"
7000000,700,10000.0,Airoli,Mumbai,Apartment,1,1,0,Unfurnished,0,1,19.14820671,73.00053406,700.0,1.0,New,8160380.000000002,1013211.2090371479,6174486.030287192,10146273.969712812,3971787.9394256203,12.416225825723162,Low Confidence,"₹6,174,486 - ₹10,146,274"
14900000,1390,10719.424460431655,Kharghar,Mumbai,Apartment,2,2,0,Unfurnished,0,1,19.04701805,73.06959534,695.0,1.0,New,13224652.053333333,2038542.3232820067,9229109.0997006,17220195.006966066,7991085.907265466,15.414714240199483,Low Confidence,"₹9,229,109 - ₹17,220,195"
7400163,381,19423.0,Thane,Mumbai,Apartment,1,1,0,Unfurnished,0,1,19.23200035,72.98709869,381.0,1.0,New,8113751.48768254,332671.67796854506,7461714.998864192,8765787.976500887,1304072.9776366958,4.10009695852249,High Confidence,"₹7,461,715 - ₹8,765,788"
10100000,1800,5611.111111111111,Kalyan,Mumbai,Apartment,3,3,3,Semi-Furnished,14,1,19.25872993,73.13725281,600.0,1.0,Moderate,17315933.333333332,4104855.676986573,9270416.20643965,25361450.460227013,16091034.253787363,23.70565650703152,Low Confidence,"₹9,270,416 - ₹25,361,450"
43260000,1236,35000.0,Andheri,Mumbai,Apartment,3,3,0,Unfurnished,0,1,19.13839912,72.82879639,412.0,1.0,New,46343577.72,9636013.497956693,27456991.26400488,65230164.17599512,37773172.91199024,20.79255416182118,Low Confidence,"₹27,456,991 - ₹65,230,164"
66495000,2145,31000.0,Bandra,Mumbai,Apartment,3,3,0,Unfurnished,2,1,19.0533371,72.84757233,715.0,1.0,New,66403137.333333336,4528242.222268981,57527782.57768613,75278492.08898054,17750709.51129441,6.819319694998619,Medium Confidence,"₹57,527,783 - ₹75,278,492"
12000000,1409,8516.6784953868,Kharghar,Mumbai,Apartment,3,3,0,Semi-Furnished,0,1,19.08944893,73.07676697,469.6666666666667,1.0,New,11083612.033333333,2169217.187336335,6831946.346154117,15335277.72051255,8503331.374358434,19.571392257438617,Low Confidence,"₹6,831,946 - ₹15,335,278"
9900000,774,12790.697674418603,Thane,Mumbai,Apartment,2,2,0,Unfurnished,3,1,19.28334618,72.95620728,387.0,1.0,New,9830442.86,1344843.9994939282,7194548.620991901,12466337.099008098,5271788.478016198,13.680400961040002,Low Confidence,"₹7,194,549 - ₹12,466,337"
2200000,451,4878.048780487805,Ambernath,Mumbai,Apartment,1,1,1,Unfurnished,3,1,19.18979263,73.17630768,451.0,1.0,New,2422050.317142857,142729.67746403115,2142300.149313356,2701800.4849723577,559500.335659002,5.89292784108633,Medium Confidence,"₹2,142,300 - ₹2,701,800"
12650000,550,23000.0,Malad,Mumbai,Apartment,1,1,0,Unfurnished,0,1,19.18553543,72.85794067,550.0,1.0,New,8920384.702222222,1970392.1636128607,5058416.061541015,12782353.34290343,7723937.281362414,22.08864560652863,Low Confidence,"₹5,058,416 - ₹12,782,353"
6106128,545,11203.904587155965,Panvel,Mumbai,Apartment,1,1,0,Unfurnished,4,1,19.00459099,73.11952209,545.0,1.0,New,5842306.9,998291.0867094817,3885656.370049416,7798957.429950585,3913301.0599011686,17.08727569086591,Low Confidence,"₹3,885,656 - ₹7,798,957"
5300000,650,8153.846153846154,Dombivli,Mumbai,Apartment,1,1,0,Unfurnished,8,1,19.23376656,73.08879089,650.0,1.0,Recent,4795587.555555556,592704.0802657376,3633887.5582347102,5957287.552876402,2323399.9946416914,12.35936313119977,Low Confidence,"₹3,633,888 - ₹5,957,288"
2900000,620,4677.419354838709,Badlapur,Mumbai,Apartment,1,1,0,Unfurnished,0,1,19.1680088,73.22844696,620.0,1.0,New,2688424.0,335484.89875204023,2030873.5984460013,3345974.4015539987,1315100.8031079974,12.478868614178428,Low Confidence,"₹2,030,874 - ₹3,345,974"
7550000,410,18414.634146341465,Borivali,Mumbai,Apartment,1,1,0,Semi-Furnished,0,1,19.24913406,72.84872437,410.0,1.0,New,8270463.857777777,1963106.6047472355,4422774.912473196,12118152.803082358,7695377.890609162,23.73635431465038,Low Confidence,"₹4,422,775 - ₹12,118,153"
33500000,1699,19717.480871100648,Thane,Mumbai,Apartment,3,3,1,Semi-Furnished,0,1,19.21763992,72.98793793,566.3333333333334,1.0,New,22260645.333333332,4311341.767428893,13810415.469172703,30710875.197493963,16900459.72832126,19.36755068359605,Low Confidence,"₹13,810,415 - ₹30,710,875"
102500000,3200,32031.25,Vile Parle,Mumbai,Apartment,4,4,0,Furnished,6,1,19.1133461,72.83358002,800.0,1.0,Recent,179171648.84,52397890.142175354,76471784.16133632,281871513.5186637,205399729.3573274,29.24452081644155,Low Confidence,"₹76,471,784 - ₹281,871,514"
9200000,352,26136.36363636364,Kanjurmarg,Mumbai,Apartment,1,1,0,Unfurnished,1,1,19.13327599,72.93379211,352.0,1.0,New,9422548.388222223,891204.5753538336,7675787.420528709,11169309.355915736,3493521.9353870274,9.45821171338107,Medium Confidence,"₹7,675,787 - ₹11,169,309"
9437195,944,9997.028601694916,Bhiwandi,Mumbai,Apartment,3,3,0,Unfurnished,6,1,19.26701164,73.0819931,314.6666666666667,1.0,Recent,9087212.517777776,811138.4986346726,7497381.060453818,10677043.975101735,3179662.9146479173,8.92615306451567,Medium Confidence,"₹7,497,381 - ₹10,677,044"
2304000,720,3200.0,Neral,Mumbai,Apartment,2,1,0,Unfurnished,1,1,19.02330017,73.3647995,360.0,0.5,New,2398105.5449735443,73429.19318122308,2254184.326338347,2542026.7636087416,287842.4372703945,3.0619666984687757,High Confidence,"₹2,254,184 - ₹2,542,027"
4900000,720,6805.555555555556,Kalyan,Mumbai,Apartment,1,1,0,Unfurnished,0,1,19.2572937,73.14887238,720.0,1.0,New,7478971.822222222,7961551.780888807,0.0,23083613.312764283,23083613.312764283,106.4524906649962,Low Confidence,"₹0 - ₹23,083,613"
8800000,680,12941.176470588236,Seawoods,Mumbai,Apartment,1,1,0,Unfurnished,17,1,19.01310158,73.02355194,680.0,1.0,Moderate,7936392.986666666,894918.8635287046,6182352.014150405,9690433.959182927,3508081.945032522,11.276141000479564,Low Confidence,"₹6,182,352 - ₹9,690,434"
6499800,600,10833.0,Ulwe,Mumbai,Apartment,1,1,0,Unfurnished,0,1,18.98457527,73.02407837,600.0,1.0,New,3497786.6666666665,1191643.9601752793,1162164.504723119,5833408.8286102135,4671244.323887095,34.06851457041251,Low Confidence,"₹1,162,165 - ₹5,833,409"
13000000,850,15294.117647058823,Thane,Mumbai,Apartment,2,2,0,Semi-Furnished,0,1,19.21686745,72.9930954,425.0,1.0,New,12377427.165714286,2157791.441631422,8148155.9401167,16606698.391311873,8458542.451195173,17.43327924892619,Low Confidence,"₹8,148,156 - ₹16,606,698"
7500000,1350,5555.555555555556,Ulwe,Mumbai,Apartment,2,2,0,Unfurnished,0,1,18.97115326,73.03806305,675.0,1.0,New,12423573.466666667,2740548.9787213504,7052097.46837282,17795049.464960515,10742951.996587696,22.059264881190895,Low Confidence,"₹7,052,097 - ₹17,795,049"
2200000,550,4000.0,Haji Malang Road Kalyan E,Mumbai,Apartment,1,1,1,Unfurnished,5,1,19.21962547,73.12590027,550.0,1.0,New,2385873.3333333335,762653.5106382769,891072.4524823108,3880674.214184356,2989601.761702045,31.965381396537268,Low Confidence,"₹891,072 - ₹3,880,674"
9204000,569,16175.746924428822,Mira Road,Mumbai,Apartment,2,2,0,Unfurnished,0,1,19.26572227,72.8765564,284.5,1.0,New,10160238.321492065,476440.97928610235,9226414.002091303,11094062.640892826,1867648.6388015226,4.689269721934391,High Confidence,"₹9,226,414 - ₹11,094,063"
2500000,555,4504.504504504504,Kalyan,Mumbai,Apartment,1,1,0,Unfurnished,0,1,19.2226181,73.13422394,555.0,1.0,New,3431557.066666667,458605.20686904015,2532690.8612033483,4330423.2721299855,1797732.4109266372,13.364347378157357,Low Confidence,"₹2,532,691 - ₹4,330,423"
10700000,755,14172.185430463576,Borivali,Mumbai,Apartment,1,2,0,Unfurnished,0,1,19.22669792,72.86328125,755.0,2.0,New,9983866.666666664,996027.7275628787,8031652.320643422,11936081.012689907,3904428.692046485,9.976372489912515,Medium Confidence,"₹8,031,652 - ₹11,936,081"
62000000,1600,38750.0,Chembur,Mumbai,Apartment,3,3,1,Unfurnished,0,1,19.04338264,72.91216278,533.3333333333334,1.0,New,36924286.68444444,10521189.842801964,16302754.592552595,57545818.77633629,41243064.183783695,28.49395557107501,Low Confidence,"₹16,302,755 - ₹57,545,819"
5500000,795,6918.238993710692,Naigaon,Mumbai,Apartment,2,2,0,Unfurnished,7,1,19.34823418,72.83101654,397.5,1.0,Recent,5449070.346666667,1167716.5046441199,3160345.997564192,7737794.695769141,4577448.6982049495,21.429646349829955,Low Confidence,"₹3,160,346 - ₹7,737,795"
9200000,640,14375.0,Thane,Mumbai,Apartment,1,1,0,Unfurnished,0,1,19.21998787,72.97707367,640.0,1.0,New,8600645.58,1434015.0152517015,5789976.150106665,11411315.009893335,5621338.859786671,16.67334157550184,Low Confidence,"₹5,789,976 - ₹11,411,315"
10057203,351,28653.0,Ghatkopar,Mumbai,Apartment,1,1,0,Unfurnished,0,1,19.08528137,72.90939331,351.0,1.0,New,6696243.48,3287705.8335699346,252340.04620292876,13140146.913797073,12887806.867594145,49.09776419255792,Low Confidence,"₹252,340 - ₹13,140,147"
4700000,395,11898.73417721519,Shil Phata,Mumbai,Apartment,1,1,0,Unfurnished,0,1,19.15498734,73.07739258,395.0,1.0,New,3840266.066666667,684826.5819868039,2498005.9659725316,5182526.167360802,2684520.2013882706,17.832789970754035,Low Confidence,"₹2,498,006 - ₹5,182,526"
47500000,1700,27941.176470588234,Vikhroli,Mumbai,Apartment,3,3,0,Semi-Furnished,8,1,19.10345078,72.92726898,566.6666666666666,1.0,Recent,45865676.666666664,9855185.713773001,26549512.667671584,65181840.665661745,38632327.99799016,21.487060542890354,Low Confidence,"₹26,549,513 - ₹65,181,841"
9585290,737,13005.820895522387,Mira Road,Mumbai,Apartment,3,3,0,Unfurnished,0,1,19.28560066,72.86910248,245.66666666666666,1.0,New,12911786.351825396,1407245.3061433146,10153585.551784499,15669987.151866293,5516401.600081794,10.898920318212717,Low Confidence,"₹10,153,586 - ₹15,669,987"
9800000,1100,8909.09090909091,Kharghar,Mumbai,Apartment,2,2,0,Unfurnished,11,1,19.0344696,73.0736084,550.0,1.0,Moderate,11498888.88888889,2127806.788313982,7328387.583793486,15669390.193984294,8341002.610190809,18.504455594575163,Low Confidence,"₹7,328,388 - ₹15,669,390"
5260079,382,13769.840314136123,Kharghar,Mumbai,Apartment,1,1,0,Unfurnished,0,1,19.08797264,73.08130646,382.0,1.0,New,6111447.433333334,1730105.6683559855,2720440.323355602,9502454.543311065,6782014.219955463,28.309262040274856,Low Confidence,"₹2,720,440 - ₹9,502,455"
21500000,682,31524.926686217008,Ghatkopar,Mumbai,Apartment,2,2,0,Unfurnished,0,1,19.08183289,72.9118042,341.0,1.0,New,16235485.853333334,3314744.8996351166,9738585.850048505,22732385.856618162,12993800.006569657,20.416665873627434,Low Confidence,"₹9,738,586 - ₹22,732,386"
18000000,587,30664.395229982965,Andheri,Mumbai,Apartment,2,2,0,Unfurnished,0,1,19.1235218,72.85321808,293.5,1.0,New,17637364.975555554,4632352.406714377,8557954.258395376,26716775.692715734,18158821.43432036,26.26442449387746,Low Confidence,"₹8,557,954 - ₹26,716,776"
36500000,1500,24333.33333333333,Goregaon,Mumbai,Apartment,3,3,0,Unfurnished,1,1,19.15450859,72.84287262,500.0,1.0,New,40858611.02222222,5147331.860916547,30769840.57482579,50947381.46961865,20177540.89479286,12.597911999791208,Low Confidence,"₹30,769,841 - ₹50,947,381"
5450000,744,7325.268817204301,Mira Road,Mumbai,Apartment,1,2,0,Unfurnished,0,1,19.28247452,72.88643646,744.0,2.0,New,6809496.0,757702.6550373613,5324398.796126772,8294593.203873228,2970194.4077464566,11.1271473694582,Low Confidence,"₹5,324,399 - ₹8,294,593"
9372000,426,22000.0,Kandivali,Mumbai,Apartment,1,1,0,Unfurnished,0,1,19.20166016,72.84098053,426.0,1.0,New,8843826.322222222,1827764.07094133,5261408.743177215,12426243.901267229,7164835.158090014,20.667118556462796,Low Confidence,"₹5,261,409 - ₹12,426,244"
43185000,864,49982.63888888889,Parel,Mumbai,Apartment,2,2,0,Unfurnished,3,1,18.9938488,72.83582306,432.0,1.0,New,41631549.355714284,8324319.930465406,25315882.29200209,57947216.41942648,32631334.12742439,19.995220113812127,Low Confidence,"₹25,315,882 - ₹57,947,216"
11500000,888,12950.450450450451,Kamothe,Mumbai,Apartment,2,2,0,Unfurnished,6,1,19.01280975,73.09484863,444.0,1.0,Recent,8457450.946666667,2566248.8401209856,3427603.2200295357,13487298.673303798,10059695.453274261,30.34305320011842,Low Confidence,"₹3,427,603 - ₹13,487,299"
20000000,895,22346.3687150838,Mazagaon,Mumbai,Apartment,2,2,2,Unfurnished,4,1,18.9891758,72.84268951,447.5,1.0,New,20200297.777777776,2857017.0712479986,14600544.3181317,25800051.237423852,11199506.919292152,14.143440372403745,Low Confidence,"₹14,600,544 - ₹25,800,051"
15400000,650,23692.30769230769,Wadala,Mumbai,Apartment,2,1,0,Semi-Furnished,0,1,19.03173256,72.88062286,325.0,0.5,New,20871448.466666665,5287900.480552088,10507163.524784574,31235733.408548757,20728569.883764185,25.335570212087955,Low Confidence,"₹10,507,164 - ₹31,235,733"
14000000,1500,9333.333333333334,Koper Khairane,Mumbai,Apartment,2,2,0,Unfurnished,14,1,19.10652924,73.01084137,750.0,1.0,Moderate,15061784.0,3674588.4670818127,7859590.604519648,22263977.395480353,14404386.790960707,24.396767787148008,Low Confidence,"₹7,859,591 - ₹22,263,977"
26166000,890,29400.0,Mulund,Mumbai,Apartment,2,2,0,Unfurnished,1,1,19.17459869,72.94195557,445.0,1.0,New,22635330.562222224,2265354.9251353783,18195234.90895688,27075426.215487566,8880191.306530684,10.00804878421434,Low Confidence,"₹18,195,235 - ₹27,075,426"
54500000,1500,36333.333333333336,Dadar,Mumbai,Apartment,3,3,0,Unfurnished,0,1,19.01995087,72.8474884,500.0,1.0,New,77679684.15333334,19562289.250214588,39337597.22291274,116021771.08375393,76684173.86084118,25.183275992214682,Low Confidence,"₹39,337,597 - ₹116,021,771"
32500000,890,36516.85393258427,Dadar,Mumbai,Apartment,2,2,0,Furnished,0,1,19.02011108,72.83763123,445.0,1.0,New,32107466.666666668,5866827.670517991,20608484.432451405,43606448.90088193,22997964.468430527,18.272471420514826,Low Confidence,"₹20,608,484 - ₹43,606,449"
14999999,750,19999.998666666663,Malad,Mumbai,Apartment,2,2,0,Unfurnished,7,1,19.20186806,72.82007599,375.0,1.0,Recent,14879817.94,953389.8499819699,13011173.834035339,16748462.04596466,3737288.2119293213,6.407268246334269,Medium Confidence,"₹13,011,174 - ₹16,748,462"
44999500,1300,34615.0,Nerul,Mumbai,Apartment,3,3,0,Unfurnished,0,1,19.00825882,73.01303101,433.3333333333333,1.0,New,54053073.60666667,4807091.529353315,44631174.20913418,63474973.00419916,18843798.795064986,8.89328063808832,Medium Confidence,"₹44,631,174 - ₹63,474,973"
25000000,1650,15151.515151515152,Nerul,Mumbai,Apartment,4,4,0,Furnished,0,1,19.04203987,73.01899719,412.5,1.0,New,36009856.346666664,12464145.819028111,11580130.541371565,60439582.15196176,48859451.61059019,34.613150630304816,Low Confidence,"₹11,580,131 - ₹60,439,582"
86271856,1603,53818.99937616968,Mahalaxmi,Mumbai,Apartment,4,4,0,Unfurnished,0,1,18.98426056,72.81542206,400.75,1.0,New,78203475.19333333,17613686.747443248,43680649.168344565,112726301.2183221,69045652.04997754,22.522895183237043,Low Confidence,"₹43,680,649 - ₹112,726,301"
89300000,2982,29946.34473507713,Chembur,Mumbai,Apartment,4,4,0,Unfurnished,0,1,19.04581451,72.89766693,745.5,1.0,New,79217171.5,21308723.15691274,37452074.11245103,120982268.88754897,83530194.77509794,26.89912143216669,Low Confidence,"₹37,452,074 - ₹120,982,269"
24500000,1050,23333.33333333333,Mulund,Mumbai,Apartment,2,2,0,Unfurnished,0,1,19.1582737,72.94545746,525.0,1.0,New,16270408.046666667,3689264.096537592,9039450.417452987,23501365.675880346,14461915.25842736,22.674686989755088,Low Confidence,"₹9,039,450 - ₹23,501,366"
8514675,983,8661.927772126144,Panvel,Mumbai,Apartment,2,2,0,Semi-Furnished,0,1,18.99072647,73.11613464,491.5,1.0,New,7877276.166666667,1436611.762776292,5061517.111625135,10693035.221708199,5631518.110083064,18.2374177619344,Low Confidence,"₹5,061,517 - ₹10,693,035"
18500000,414,44685.99033816425,Lower Parel,Mumbai,Apartment,1,2,0,Semi-Furnished,0,1,19.00004578,72.82814026,414.0,2.0,New,14184360.533333333,5106114.575365343,4176375.96561726,24192345.10104941,20015969.135432146,35.998200718079204,Low Confidence,"₹4,176,376 - ₹24,192,345"
15000000,971,15447.99176107106,Mulund,Mumbai,Apartment,2,2,2,Unfurnished,1,1,19.17565727,72.94585419,485.5,1.0,New,15438500.0,2384454.2177753523,10764969.73316031,20112030.26683969,9347060.533679381,15.444856804581741,Low Confidence,"₹10,764,970 - ₹20,112,030"
15753500,643,24500.0,Kandivali,Mumbai,Apartment,2,2,0,Unfurnished,3,1,19.20785141,72.82970428,321.5,1.0,New,15085404.666666666,1557448.3590225414,12032805.882982485,18138003.450350847,6105197.567368362,10.324206698040681,Low Confidence,"₹12,032,806 - ₹18,138,003"
41000000,1410,29078.01418439716,Mulund,Mumbai,Apartment,3,3,0,Unfurnished,0,1,19.16644478,72.93601227,470.0,1.0,New,32218688.881111108,4039797.367665474,24300686.04048678,40136691.72173543,15836005.681248654,12.538677109340385,Low Confidence,"₹24,300,686 - ₹40,136,692"
26500000,1315,20152.091254752853,Wadala,Mumbai,Apartment,3,3,0,Furnished,12,1,19.02757454,72.87947845,438.3333333333333,1.0,Moderate,35989526.88666666,9462468.181041704,17443089.251824923,54535964.5215084,37092875.26968348,26.292282782265037,Low Confidence,"₹17,443,089 - ₹54,535,965"
12400000,950,13052.631578947368,Borivali,Mumbai,Apartment,2,2,0,Unfurnished,0,1,19.22235489,72.85861206,475.0,1.0,New,18746546.97079365,6076244.850818588,6837107.063189216,30655986.878398083,23818879.815208867,32.41260836080975,Low Confidence,"₹6,837,107 - ₹30,655,987"
2400000,743,3230.148048452221,Neral,Mumbai,Apartment,2,2,0,Unfurnished,1,1,19.02330017,73.3647995,371.5,1.0,New,2484859.5320586823,88868.39894212584,2310677.4701321158,2659041.593985249,348364.12385313306,3.5763952768991825,High Confidence,"₹2,310,677 - ₹2,659,042"
10350000,450,23000.0,Malad,Mumbai,Apartment,1,1,0,Unfurnished,0,1,19.18553543,72.85794067,450.0,1.0,New,8817573.1,1522879.1680744216,5832729.930574134,11802416.269425865,5969686.338851731,17.27095597397907,Low Confidence,"₹5,832,730 - ₹11,802,416"
6975000,725,9620.689655172411,Goregaon,Mumbai,Apartment,2,2,0,Furnished,14,1,19.15259552,72.8908844,362.5,1.0,Moderate,7230229.325396826,1562020.6061124566,4168668.9374164105,10291789.713377241,6123120.775960831,21.60402576202832,Low Confidence,"₹4,168,669 - ₹10,291,790"
9000000,1100,8181.818181818182,Kharghar,Mumbai,Apartment,2,2,0,Semi-Furnished,13,1,19.04774475,73.06534576,550.0,1.0,Moderate,13588177.577777777,3205040.7046767897,7306297.796611269,19870057.358944286,12563759.562333018,23.58697983104328,Low Confidence,"₹7,306,298 - ₹19,870,057"
6700000,407,16461.916461916462,Mira Road,Mumbai,Apartment,1,1,0,Unfurnished,0,1,19.26114082,72.87133026,407.0,1.0,New,8348312.405333333,972848.9761853681,6441528.412010011,10255096.398656655,3813567.986646644,11.65324114564594,Low Confidence,"₹6,441,528 - ₹10,255,096"
9242000,1015,9105.418719211822,Mira Road,Mumbai,Apartment,2,2,0,Semi-Furnished,0,1,19.29054642,72.87618256,507.5,1.0,New,9767947.333333334,661317.354951128,8471765.317629123,11064129.349037545,2592364.0314084217,6.770279695247415,Medium Confidence,"₹8,471,765 - ₹11,064,129"
9600000,1150,8347.826086956522,Dahisar,Mumbai,Apartment,2,2,1,Unfurnished,1,1,19.25393295,72.86724854,575.0,1.0,New,18776332.204444442,6271267.166107498,6484648.558873747,31068015.850015137,24583367.29114139,33.39985199358084,Low Confidence,"₹6,484,649 - ₹31,068,016"
4524931,360,12569.252777777778,Bhandup,Mumbai,Apartment,1,1,0,Unfurnished,0,1,19.16239929,72.93759918,360.0,1.0,New,7363686.506666667,1222948.3361785468,4966707.767756715,9760665.245576618,4793957.477819903,16.607827276071006,Low Confidence,"₹4,966,708 - ₹9,760,665"
27194304,691,39354.998552822,Deonar,Mumbai,Apartment,2,2,0,Unfurnished,0,1,19.05100822,72.91959381,345.5,1.0,New,26440482.746666666,2208075.074182737,22112655.6012685,30768309.892064832,8655654.290796332,8.351114823957243,Medium Confidence,"₹22,112,656 - ₹30,768,310"
44255824,1353,32709.40428677014,Sion,Mumbai,Apartment,3,3,0,Unfurnished,0,1,19.04315567,72.87034607,451.0,1.0,New,35839400.505777776,9001679.226399219,18196109.222035307,53482691.78952025,35286582.567484945,25.11671261060305,Low Confidence,"₹18,196,109 - ₹53,482,692"
3800000,355,10704.225352112677,Dombivali,Mumbai,Apartment,1,2,0,Unfurnished,0,1,19.20101738,73.09404755,355.0,2.0,New,2579006.656888889,954677.7430676271,707838.2804763401,4450175.033301438,3742336.752825098,37.017265562985216,Low Confidence,"₹707,838 - ₹4,450,175"
12046024,582,20697.635738831614,Kharghar,Mumbai,Apartment,2,2,0,Unfurnished,0,1,19.06882095,73.0704422,291.0,1.0,New,12038093.684444444,202983.1819704312,11640246.647782398,12435940.72110649,795694.0733240917,1.686173802025855,High Confidence,"₹11,640,247 - ₹12,435,941"
9759863,551,17713.0,Thane,Mumbai,Apartment,2,2,0,Unfurnished,0,1,19.2326889,72.98698425,275.5,1.0,New,10435883.390857143,595654.205500694,9268401.148075784,11603365.633638503,2334964.4855627194,5.707750682827153,Medium Confidence,"₹9,268,401 - ₹11,603,366"
16500000,600,27500.0,Wadala,Mumbai,Apartment,2,2,0,Semi-Furnished,0,1,19.02817535,72.87861633,300.0,1.0,New,16159672.733333332,2220048.6155316182,11808377.44689136,20510968.019775305,8702590.572883945,13.73820282233945,Low Confidence,"₹11,808,377 - ₹20,510,968"
4400000,694,6340.057636887608,Ambernath,Mumbai,Apartment,2,2,2,Unfurnished,0,1,19.1929512,73.19554138,347.0,1.0,New,4373773.80952381,335384.7886993827,3716419.62367302,5031127.9953745995,1314708.3717015795,7.668087178378741,Medium Confidence,"₹3,716,420 - ₹5,031,128"
45000000,1650,27272.727272727272,Andheri,Mumbai,Apartment,3,3,0,Unfurnished,15,1,19.1211071,72.8269043,550.0,1.0,Moderate,53189375.88666666,20811086.897804648,12399645.566969551,93979106.20636377,81579460.63939422,39.12639798998187,Low Confidence,"₹12,399,646 - ₹93,979,106"
17918140,532,33680.71428571428,Borivali,Mumbai,Apartment,2,2,0,Unfurnished,0,1,19.23934746,72.83852386,266.0,1.0,New,14189744.377777778,2517234.4134044605,9255964.927505035,19123523.82805052,9867558.900545485,17.739815083255774,Low Confidence,"₹9,255,965 - ₹19,123,524"
87100000,1470,59251.70068027211,Prabhadevi,Mumbai,Apartment,3,3,0,Semi-Furnished,0,1,19.01035881,72.83055115,490.0,1.0,New,87231008.02666667,17052239.97729051,53808617.67117727,120653398.38215607,66844780.710978806,19.54836974035381,Low Confidence,"₹53,808,618 - ₹120,653,398"
79585968,1342,59304.0,Bandra,Mumbai,Apartment,3,3,0,Unfurnished,0,1,19.0533371,72.84757233,447.3333333333333,1.0,New,77963780.76222223,4721248.717228486,68710133.2764544,87217428.24799006,18507294.971535653,6.055694927914774,Medium Confidence,"₹68,710,133 - ₹87,217,428"
2789000,620,4498.387096774193,Virar,Mumbai,Apartment,1,2,0,Unfurnished,0,1,19.47081566,72.80725861,620.0,2.0,New,3565605.2584444443,756151.7684070881,2083547.7923665515,5047662.724522337,2964114.932155786,21.206827834244674,Low Confidence,"₹2,083,548 - ₹5,047,663"
4296382,422,10181.0,Dombivali,Mumbai,Apartment,1,1,0,Unfurnished,0,1,19.17311859,73.07537842,422.0,1.0,New,4375369.082777778,573995.0784732427,3250338.728970222,5500399.436585333,2250060.707615111,13.118780784290593,Low Confidence,"₹3,250,339 - ₹5,500,399"
13500000,1045,12918.66028708134,Ghansoli,Mumbai,Apartment,2,2,0,Semi-Furnished,16,1,19.11956978,73.00511169,522.5,1.0,Moderate,13985036.133333333,2061375.1620064343,9944740.815800723,18025331.450865943,8080590.63506522,14.739862967483845,Low Confidence,"₹9,944,741 - ₹18,025,331"
5200000,600,8666.666666666666,Thane,Mumbai,Apartment,1,2,0,Semi-Furnished,6,1,19.26664734,72.96237946,600.0,2.0,Recent,5841158.355555555,605088.9291312825,4655184.054458241,7027132.656652869,2371948.6021946277,10.359057096197013,Low Confidence,"₹4,655,184 - ₹7,027,133"
7800000,550,14181.818181818182,Airoli,Mumbai,Apartment,1,1,0,Unfurnished,0,1,19.14827919,73.00052643,550.0,1.0,New,7887728.88888889,1314186.7415569006,5311922.875437365,10463534.902340416,5151612.026903051,16.661155068452466,Low Confidence,"₹5,311,923 - ₹10,463,535"
14700000,700,21000.0,Thane,Mumbai,Apartment,2,2,0,Unfurnished,2,1,19.22338867,72.98991394,350.0,1.0,New,11761520.966666667,2564641.8389049536,6734822.962412958,16788218.970920376,10053396.00850742,21.80535873016259,Low Confidence,"₹6,734,823 - ₹16,788,219"
2750000,590,4661.016949152542,Nala Sopara,Mumbai,Apartment,1,1,0,Semi-Furnished,0,1,19.4257164,72.8159256,590.0,1.0,New,2750970.0,391634.34574442863,1983366.68234092,3518573.31765908,1535206.63531816,14.23622743048556,Low Confidence,"₹1,983,367 - ₹3,518,573"
9500000,450,21111.11111111111,Kurla,Mumbai,Apartment,1,2,0,Unfurnished,0,1,19.06423187,72.8844986,450.0,2.0,New,9404377.682222223,1351171.5373328389,6756081.469049859,12052673.895394586,5296592.426344727,14.367474201797068,Low Confidence,"₹6,756,081 - ₹12,052,674"
3999000,705,5672.340425531915,Dombivali,Mumbai,Apartment,1,2,0,Semi-Furnished,0,1,19.18997955,73.08537292,705.0,2.0,New,4027562.0,380441.03260470385,3281897.5760947806,4773226.42390522,1491328.8478104393,9.44593857536405,Medium Confidence,"₹3,281,898 - ₹4,773,226"
24500000,1900,12894.736842105263,Kharghar,Mumbai,Apartment,4,4,0,Unfurnished,0,1,19.03447914,73.07565308,475.0,1.0,New,25279906.17888889,9450855.943509746,6756228.529609788,43803583.82816799,37047355.298558205,37.38485371200508,Low Confidence,"₹6,756,229 - ₹43,803,584"
25000000,1278,19561.815336463224,Kandivali,Mumbai,Apartment,3,3,0,Unfurnished,0,1,19.21496964,72.83346558,426.0,1.0,New,30094166.26,5863752.994234227,18601210.391300917,41587122.12869909,22985911.73739817,19.484683322256046,Low Confidence,"₹18,601,210 - ₹41,587,122"
11000000,550,20000.0,Kandivali,Mumbai,Apartment,2,2,0,Semi-Furnished,0,1,19.20567703,72.87064362,275.0,1.0,New,14363427.98277778,2072617.9280662518,10301096.843767926,18425759.121787634,8124662.278019708,14.429827827670305,Low Confidence,"₹10,301,097 - ₹18,425,759"
17500000,800,21875.0,Malad,Mumbai,Apartment,2,2,0,Semi-Furnished,20,1,19.17980957,72.83959961,400.0,1.0,Moderate,18259776.0,2019799.9132481746,14300968.170033578,22218583.829966422,7917615.659932844,11.061471472860207,Low Confidence,"₹14,300,968 - ₹22,218,584"
15000000,884,16968.325791855204,Mulund,Mumbai,Apartment,2,2,2,Unfurnished,1,1,19.17288589,72.94555664,442.0,1.0,New,14966833.333333334,2089542.4073758863,10871330.214876596,19062336.451790072,8191006.236913476,13.961152374979473,Low Confidence,"₹10,871,330 - ₹19,062,336"
3399000,630,5395.238095238095,Kalyan,Mumbai,Apartment,1,1,0,Unfurnished,0,1,19.24708176,73.12012482,630.0,1.0,New,3957458.7466666666,480481.0208887782,3015715.9457246615,4899201.547608672,1883485.6018840102,12.141150461605777,Low Confidence,"₹3,015,716 - ₹4,899,202"
106800000,2187,48834.01920438957,Andheri,Western Mumbai,Apartment,4,4,0,Furnished,0,1,19.137357,72.834072,546.75,1.0,New,88172329.04222222,89607105.07156146,0.0,263802254.98248267,263802254.98248267,101.62724070570053,Low Confidence,"₹0 - ₹263,802,255"
6813000,458,14875.545851528384,Thane,Mumbai,Apartment,1,1,0,Unfurnished,0,1,19.22450066,72.9905014,458.0,1.0,New,7662603.935555557,1536481.528625537,4651100.139449504,10674107.73166161,6023007.592212106,20.051689237075756,Low Confidence,"₹4,651,100 - ₹10,674,108"
15595300,728,21422.115384615383,Kandivali,Mumbai,Apartment,2,2,0,Unfurnished,3,1,19.21716499,72.83750916,364.0,1.0,New,17635345.1,3849437.5002842955,10090447.599442784,25180242.60055722,15089795.001114435,21.827968086001874,Low Confidence,"₹10,090,448 - ₹25,180,243"
11500000,565,20353.98230088496,Mulund,Mumbai,Apartment,1,2,0,Semi-Furnished,0,1,19.15052414,72.96657562,565.0,2.0,New,11122666.666666666,909076.2099821751,9340877.295101603,12904456.038231729,3563578.743130125,8.173185776631879,Medium Confidence,"₹9,340,877 - ₹12,904,456"
16500000,1600,10312.5,Ghansoli,Mumbai,Apartment,3,3,0,Semi-Furnished,0,1,19.12588501,72.99964142,533.3333333333334,1.0,New,24006671.533333335,4715939.041258092,14763431.012467476,33249912.054199196,18486481.041731723,19.64428527590756,Low Confidence,"₹14,763,431 - ₹33,249,912"
8500000,506,16798.418972332016,Vikhroli,Mumbai,Apartment,1,2,0,Unfurnished,0,1,19.11508751,72.936203,506.0,2.0,New,7813645.98,1029776.0096270277,5795285.001131026,9832006.958868975,4036721.9577379487,13.179199726515222,Low Confidence,"₹5,795,285 - ₹9,832,007"
34000000,1400,24285.714285714286,Kandivali,Mumbai,Apartment,3,3,0,Unfurnished,4,1,19.21030617,72.86837769,466.6666666666667,1.0,New,28866589.444444448,6076942.690592226,16955781.770883687,40777397.11800521,23821615.34712152,21.051820833519947,Low Confidence,"₹16,955,782 - ₹40,777,397"
12500000,1310,9541.984732824429,Kharghar,Mumbai,Apartment,2,2,0,Semi-Furnished,3,1,19.07021141,73.07829285,655.0,1.0,New,14516400.0,3075034.1526558693,8489333.060794495,20543466.939205505,12054133.87841101,21.183173187952033,Low Confidence,"₹8,489,333 - ₹20,543,467"
4300000,531,8097.928436911488,Nalasopara,Mumbai,Independent Floor,2,2,1,Unfurnished,1,4,19.40540504,72.75317383,265.5,1.0,New,4297733.333333333,27668.19272899648,4243503.6755845,4351962.991082166,108459.3154976666,0.6437857024399641,High Confidence,"₹4,243,504 - ₹4,351,963"
32500000,850,38235.294117647056,Dadar,Mumbai,Apartment,2,2,0,Semi-Furnished,0,1,19.01447678,72.84549713,425.0,1.0,New,33193117.746666666,4763285.731515377,23857077.712896526,42529157.78043681,18672080.06754028,14.350220933957667,Low Confidence,"₹23,857,078 - ₹42,529,158"
40000000,1400,28571.42857142857,Thane,Mumbai,Apartment,3,3,0,Semi-Furnished,0,1,19.25937271,72.98062134,466.6666666666667,1.0,New,39514500.0,4140006.310381664,31400087.631651938,47628912.36834806,16228824.736696124,10.477182579512998,Low Confidence,"₹31,400,088 - ₹47,628,912"
6534000,594,11000.0,Thane,Mumbai,Apartment,1,1,0,Unfurnished,2,1,19.27861023,72.96547699,594.0,1.0,New,5289653.593333334,836414.8277348196,3650280.530973087,6929026.65569358,3278746.1247204933,15.812279820912497,Low Confidence,"₹3,650,281 - ₹6,929,027"
6106000,710,8600.0,Bhayandar,Mumbai,Apartment,1,2,0,Unfurnished,0,1,19.2989769,72.86113739,710.0,2.0,New,6733910.52,549895.8681241599,5656114.618476646,7811706.421523353,2155591.803046707,8.166070316659923,Medium Confidence,"₹5,656,115 - ₹7,811,706"
15000000,1609,9322.560596643878,Thane,Mumbai,Apartment,3,3,3,Unfurnished,1,1,19.21895027,72.95924377,536.3333333333334,1.0,New,18124333.333333332,4846024.957518166,8626124.416597728,27622542.250068936,18996417.83347121,26.73767287542438,Low Confidence,"₹8,626,124 - ₹27,622,542"
4400000,450,9777.777777777776,Thane,Mumbai,Apartment,1,2,0,Semi-Furnished,0,1,19.25825119,72.96395874,450.0,2.0,New,4278033.033333333,597045.2462705687,3107824.3506430183,5448241.716023648,2340417.36538063,13.956069100414739,Low Confidence,"₹3,107,824 - ₹5,448,242"
12500000,1350,9259.25925925926,Thakurli,Mumbai,Apartment,3,3,0,Semi-Furnished,8,1,19.22316933,73.10082245,450.0,1.0,Recent,9408088.266666668,1387685.2866288985,6688225.104874026,12127951.428459309,5439726.323585283,14.749917807909366,Low Confidence,"₹6,688,225 - ₹12,127,951"
14400000,1625,8861.538461538461,Kalamboli,Mumbai,Apartment,3,3,0,Semi-Furnished,11,1,19.0367775,73.09087372,541.6666666666666,1.0,Moderate,14605305.68888889,2996052.49695562,8733042.794855874,20477568.582921907,11744525.788066033,20.513452855936404,Low Confidence,"₹8,733,043 - ₹20,477,569"
19000000,1072,17723.880597014926,Powai,Mumbai,Apartment,2,2,0,Semi-Furnished,2,1,19.11077309,72.90171051,536.0,1.0,New,24563874.95555556,6313151.25375469,12190098.498196365,36937651.41291475,24747552.91471839,25.700958277866736,Low Confidence,"₹12,190,098 - ₹36,937,651"
3500000,790,4430.379746835443,Ambernath,Mumbai,Apartment,2,2,2,Unfurnished,0,1,19.18613625,73.17800903,395.0,1.0,New,3682454.68,428352.7009179059,2842883.386200905,4522025.9737990955,1679142.5875981906,11.632259949982762,Low Confidence,"₹2,842,883 - ₹4,522,026"
9199498,574,16027.0,Mira Road,Mumbai,Apartment,2,2,0,Unfurnished,0,1,19.29221153,72.8674469,287.0,1.0,New,8886722.25,866338.2401386659,7188699.299328215,10584745.200671785,3396045.901343569,9.748681412189583,Medium Confidence,"₹7,188,699 - ₹10,584,745"
4700000,689,6821.4804063860665,Ulwe,Mumbai,Apartment,1,1,0,Unfurnished,0,1,18.98827171,73.04088593,689.0,1.0,New,6208563.890793651,1633241.4252048833,3007410.69739208,9409717.084195223,6402306.386803143,26.30626750296844,Low Confidence,"₹3,007,411 - ₹9,409,717"
6800000,608,11184.21052631579,Ghansoli,Mumbai,Apartment,1,1,0,Unfurnished,0,1,19.12588501,72.99964142,608.0,1.0,New,7171039.675873017,1012857.1563883165,5185839.649351916,9156239.702394117,3970400.0530422004,14.124272102357448,Low Confidence,"₹5,185,840 - ₹9,156,240"
6119118,570,10735.294736842105,Dombivali,Mumbai,Apartment,2,2,0,Unfurnished,0,1,19.18674469,73.07466125,285.0,1.0,New,4403810.229444443,1114689.1101105795,2219019.5736277075,6588600.885261179,4369581.311633471,25.311924266346093,Low Confidence,"₹2,219,020 - ₹6,588,601"
9100000,617,14748.784440842788,Mira Road,Mumbai,Apartment,2,2,0,Unfurnished,0,1,19.29340935,72.86810303,308.5,1.0,New,9716475.314333333,852549.5449376731,8045478.206255494,11387472.422411172,3341994.216155678,8.774267595575818,Medium Confidence,"₹8,045,478 - ₹11,387,472"
14737873,753,19572.20849933599,Thane,Mumbai,Apartment,2,2,0,Unfurnished,0,1,19.21686745,72.9930954,376.5,1.0,New,13116271.973888889,1289932.3536088571,10588004.560815528,15644539.38696225,5056534.826146722,9.834595959711566,Medium Confidence,"₹10,588,005 - ₹15,644,539"
30000000,900,33333.333333333336,Andheri,Mumbai,Apartment,2,2,0,Unfurnished,1,1,19.13183212,72.83072662,450.0,1.0,New,34526214.81333333,7024207.066826945,20758768.96235252,48293660.66431414,27534891.70196162,20.34456167524723,Low Confidence,"₹20,758,769 - ₹48,293,661"
6100000,675,9037.037037037036,Mira Road,Mumbai,Apartment,1,2,0,Semi-Furnished,0,1,19.29268074,72.87174225,675.0,2.0,New,6428199.406666666,545810.0864285685,5358411.637266672,7497987.17606666,2139575.538799988,8.490870489526358,Medium Confidence,"₹5,358,412 - ₹7,497,987"
21174804,757,27972.0,Mulund,Mumbai,Apartment,2,2,0,Unfurnished,0,1,19.16165924,72.94767761,378.5,1.0,New,19454486.549084656,2226204.524346642,15091125.681365237,23817847.416804075,8726721.735438839,11.443142016263526,Low Confidence,"₹15,091,126 - ₹23,817,847"
13500000,950,14210.526315789471,Koper Khairane,Mumbai,Apartment,2,2,0,Unfurnished,0,1,19.09459686,73.01269531,475.0,1.0,New,11259166.666666666,2515934.9101720066,6327934.242729533,16190399.090603799,9862464.847874265,22.345658294770246,Low Confidence,"₹6,327,934 - ₹16,190,399"
33000000,1092,30219.78021978022,Andheri,Mumbai,Apartment,3,3,0,Unfurnished,0,1,19.11742783,72.84921265,364.0,1.0,New,34929617.80190476,6420654.620141883,22345134.74642667,47514100.85738285,25168966.110956177,18.381691596384307,Low Confidence,"₹22,345,135 - ₹47,514,101"
2100000,600,3500.0,Thane,Mumbai,Apartment,1,1,0,Semi-Furnished,0,1,19.2293396,72.96694183,600.0,1.0,New,7780541.266666667,1446868.2591751039,4944679.478683463,10616403.05464987,5671723.575966408,18.5959846440731,Low Confidence,"₹4,944,679 - ₹10,616,403"
5200000,880,5909.090909090909,Badlapur,Mumbai,Apartment,2,2,2,Furnished,3,1,19.1654644,73.22589111,440.0,1.0,New,3678369.9288888886,645828.2386878952,2412546.581060614,4944193.276717164,2531646.6956565497,17.557457547043892,Low Confidence,"₹2,412,547 - ₹4,944,193"
10200000,1080,9444.444444444443,Mira Road,Mumbai,Apartment,2,2,0,Semi-Furnished,0,1,19.28331757,72.88362885,540.0,1.0,New,10059075.372775372,487554.16591757117,9103469.207576932,11014681.537973812,1911212.3303968795,4.846908367314992,High Confidence,"₹9,103,469 - ₹11,014,682"
5500020,620,8871.0,Dombivali,Mumbai,Apartment,2,2,0,Unfurnished,0,1,19.20000076,73.084198,310.0,1.0,New,5977915.588888888,803275.2001886225,4403496.196519189,7552334.981258588,3148838.7847393993,13.437379438439457,Low Confidence,"₹4,403,496 - ₹7,552,335"
3000000,742,4043.126684636119,Kalyan,Mumbai,Apartment,2,2,0,Unfurnished,0,1,19.23029709,73.13528442,371.0,1.0,New,3569425.1133333333,786144.8512814709,2028581.2048216504,5110269.021845017,3081687.817023366,22.024410831449657,Low Confidence,"₹2,028,581 - ₹5,110,269"
3751440,348,10780.0,Dombivali,Mumbai,Apartment,1,1,0,Unfurnished,0,1,19.20687675,73.10365295,348.0,1.0,New,3696245.01,213755.92427319582,3277283.398424536,4115206.6215754636,837923.2231509276,5.783056147384446,Medium Confidence,"₹3,277,283 - ₹4,115,207"
12500000,600,20833.33333333333,Kandivali,Mumbai,Apartment,1,2,0,Semi-Furnished,20,1,19.20732117,72.87328339,600.0,2.0,Moderate,10512108.1,1670488.7800588673,7237950.09108462,13786266.10891538,6548316.017830759,15.891092102247953,Low Confidence,"₹7,237,950 - ₹13,786,266"
5199999,422,12322.27251184834,Panvel,Mumbai,Apartment,1,1,0,Unfurnished,0,1,18.9893055,73.1174469,422.0,1.0,New,5542256.225777778,261750.84923577687,5029224.561275655,6055287.8902799,1026063.3290042449,4.722821150316698,High Confidence,"₹5,029,225 - ₹6,055,288"
7500000,1033,7260.406582768635,Kamothe,Mumbai,Apartment,2,2,0,Unfurnished,23,1,19.01450539,73.09926605,516.5,1.0,Old,9141867.861666666,1712217.6666368477,5785921.2350584455,12497814.488274887,6711893.253216442,18.72940729997262,Low Confidence,"₹5,785,921 - ₹12,497,814"
54000000,2500,21600.0,Kandivali,Mumbai,Apartment,4,4,4,Furnished,12,1,19.21189117,72.87024689,625.0,1.0,Moderate,40634159.08222222,20510978.03446915,432642.1346626878,80835676.02978176,80403033.89511907,50.477181016508034,Low Confidence,"₹432,642 - ₹80,835,676"
11077430,658,16835.0,Mira Road,Mumbai,Apartment,2,2,0,Unfurnished,0,1,19.28332329,72.88627625,329.0,1.0,New,9092555.91802381,941185.085252419,7247833.150929069,10937278.68511855,3689445.5341894813,10.351160814823755,Low Confidence,"₹7,247,833 - ₹10,937,279"
23000000,1200,19166.666666666668,Kandivali,Mumbai,Apartment,2,2,0,Semi-Furnished,0,1,19.20948601,72.82009125,600.0,1.0,New,19231270.666666668,5544888.338130858,8363289.523930186,30099251.80940315,21735962.285472967,28.83266755608482,Low Confidence,"₹8,363,290 - ₹30,099,252"
3720000,439,8473.80410022779,Virar,Mumbai,Apartment,1,1,0,Unfurnished,2,1,19.4390831,72.79434204,439.0,1.0,New,3345531.3466666667,504459.21150293836,2356791.2921209075,4334271.401212426,1977480.1090915184,15.07859766448036,Low Confidence,"₹2,356,791 - ₹4,334,271"
2300000,640,3593.75,Ambernath,Mumbai,Apartment,1,2,0,Semi-Furnished,0,1,19.20794678,73.18566895,640.0,2.0,New,2595720.0,378162.33057599305,1854521.8320710538,3336918.167928946,1482396.3358578924,14.568687322823456,Low Confidence,"₹1,854,522 - ₹3,336,918"
7800000,1100,7090.909090909091,Panvel,Mumbai,Apartment,2,2,0,Unfurnished,0,1,19.0892334,73.07676697,550.0,1.0,New,8698700.0,1103622.131891165,6535600.621493317,10861799.378506683,4326198.757013366,12.687207650466908,Low Confidence,"₹6,535,601 - ₹10,861,799"
18829241,618,30468.02750809061,Borivali,Mumbai,Apartment,2,2,0,Unfurnished,0,1,19.22264481,72.86534882,309.0,1.0,New,17736805.728888888,2573607.86952597,12692534.304617986,22781077.15315979,10088542.848541804,14.509985105910003,Low Confidence,"₹12,692,534 - ₹22,781,077"
13800000,853,16178.194607268464,Ghatkopar,Mumbai,Apartment,2,2,0,Unfurnished,0,1,19.0817337,72.9102478,426.5,1.0,New,22504055.333333332,3984085.7952951905,14695247.174554758,30312863.492111906,15617616.317557149,17.70385708834401,Low Confidence,"₹14,695,247 - ₹30,312,863"
35000000,1145,30567.68558951965,Goregaon,Mumbai,Apartment,3,3,0,Unfurnished,4,1,19.17251015,72.84655762,381.6666666666667,1.0,New,29864780.311111115,4893614.417081905,20273296.053630583,39456264.56859165,19182968.514961064,16.385904621107315,Low Confidence,"₹20,273,296 - ₹39,456,265"
50000000,1250,40000.0,Byculla,Mumbai,Apartment,2,2,0,Semi-Furnished,0,1,18.9732933,72.83237457,625.0,1.0,New,28128773.333333332,3861087.893580718,20561041.061915126,35696505.60475154,15135464.542836417,13.726470926498695,Low Confidence,"₹20,561,041 - ₹35,696,506"
43500000,1650,26363.636363636364,Santacruz,Mumbai,Apartment,3,4,0,Unfurnished,8,1,19.07212448,72.86820221,550.0,1.3333333333333333,Recent,39130859.053333335,11773087.472751362,16055607.606740665,62206110.499926,46150502.89318533,30.08645288544587,Low Confidence,"₹16,055,608 - ₹62,206,110"
7985409,516,15475.598837209302,Kamothe,Mumbai,Apartment,2,2,0,Unfurnished,0,1,19.019701,73.09054565,258.0,1.0,New,8184609.246666667,867204.8066577659,6484887.825617446,9884330.667715888,3399442.842098443,10.595555395768601,Low Confidence,"₹6,484,888 - ₹9,884,331"
140000000,3650,38356.16438356164,Ville Parle,Mumbai,Apartment,4,4,0,Furnished,0,1,19.09693718,72.85613251,912.5,1.0,New,139459559.96,24652055.857438263,91141530.47942102,187777589.440579,96636058.96115798,17.676849019535844,Low Confidence,"₹91,141,530 - ₹187,777,589"
5100000,1120,4553.571428571428,Ambernath,Mumbai,Apartment,2,1,0,Unfurnished,0,1,19.18672943,73.19139099,560.0,0.5,New,5546380.0,912887.2998714938,3757120.8922518725,7335639.107748128,3578518.215496255,16.459155338644194,Low Confidence,"₹3,757,121 - ₹7,335,639"
7600000,710,10704.225352112677,Mira Road,Mumbai,Apartment,1,2,0,Semi-Furnished,0,1,19.29859543,72.87253571,710.0,2.0,New,6755209.333333333,528426.5924858649,5719493.212061038,7790925.454605628,2071432.2425445896,7.822505068471575,Medium Confidence,"₹5,719,493 - ₹7,790,925"
11000000,1120,9821.42857142857,Ulwe,Mumbai,Apartment,2,2,0,Unfurnished,1,1,18.96458817,73.02150726,560.0,1.0,New,9670033.333333334,2204715.589871451,5348790.77718529,13991275.889481377,8642485.112296086,22.79946215150707,Low Confidence,"₹5,348,791 - ₹13,991,276"
8900000,990,8989.89898989899,Mira Road,Mumbai,Apartment,2,2,0,Unfurnished,5,1,19.28919983,72.87090302,495.0,1.0,New,9321047.416666666,1102721.6137823283,7159713.053653303,11482381.779680029,4322668.726026726,11.830447421719873,Low Confidence,"₹7,159,713 - ₹11,482,382"
8099000,759,10670.619235836628,Dombivali,Mumbai,Apartment,3,3,0,Unfurnished,0,1,19.18878937,73.0960083,253.0,1.0,New,8508760.050698413,258706.2857531056,8001695.730622326,9015824.3707745,1014128.640152174,3.0404698711872897,High Confidence,"₹8,001,696 - ₹9,015,824"
20000000,1717,11648.223645894,Sanpada,Mumbai,Apartment,3,3,3,Unfurnished,7,1,19.06459808,73.01309967,572.3333333333334,1.0,Recent,26311378.333333332,8249029.153721493,10143281.192039207,42479475.47462746,32336194.28258825,31.351566038146206,Low Confidence,"₹10,143,281 - ₹42,479,475"
3400000,680,5000.0,Kalyan,Mumbai,Apartment,1,1,0,Semi-Furnished,5,1,19.2226181,73.13422394,680.0,1.0,New,4199122.228888888,736069.6033156716,2756425.806390172,5641818.651387604,2885392.844997432,17.529130213255065,Low Confidence,"₹2,756,426 - ₹5,641,819"
19000000,1875,10133.333333333334,Kharghar,Mumbai,Apartment,3,3,0,Unfurnished,8,1,19.07116699,73.07059479,625.0,1.0,Recent,17702500.0,2269712.2614992415,13253863.967461487,22151136.03253851,8897272.065077024,12.821422180478697,Low Confidence,"₹13,253,864 - ₹22,151,136"
6500000,685,9489.05109489051,Kamothe,Mumbai,Apartment,1,1,0,Semi-Furnished,0,1,19.01400185,73.10150146,685.0,1.0,New,5614033.333333333,545191.005265331,4545458.963013284,6682607.703653382,2137148.740640098,9.711217816044277,Medium Confidence,"₹4,545,459 - ₹6,682,608"
9300000,1050,8857.142857142857,Panvel,Mumbai,Apartment,2,2,0,Unfurnished,1,1,19.00725746,73.11084747,525.0,1.0,New,10450219.111111112,1492914.071739473,7524107.530501746,13376330.691720478,5852223.161218733,14.285959517845361,Low Confidence,"₹7,524,108 - ₹13,376,331"
27287500,740,36875.0,Andheri,Western Mumbai,Apartment,3,3,0,Furnished,0,1,19.125026307919,72.832487042546,246.66666666666666,1.0,New,31006393.253333334,7427874.158139548,16447759.90337982,45565026.60328685,29117266.699907027,23.955943851486232,Low Confidence,"₹16,447,760 - ₹45,565,027"
12000000,931,12889.36627282492,Panvel,Mumbai,Apartment,3,3,0,Unfurnished,4,1,19.00123024,73.13420105,310.3333333333333,1.0,New,10817961.386666667,1101851.769573185,8658331.918303225,12977590.855030108,4319258.936726883,10.18539196240095,Low Confidence,"₹8,658,332 - ₹12,977,591"
2800000,620,4516.129032258064,Naigaon,Mumbai,Apartment,1,2,0,Unfurnished,0,1,19.34781075,72.87174988,620.0,2.0,New,3266225.6523333336,568697.2795788641,2151578.98435876,4380872.320307907,2229293.3359491467,17.4114510175559,Low Confidence,"₹2,151,579 - ₹4,380,872"
14000000,1260,11111.111111111111,Kharghar,Mumbai,Apartment,2,2,0,Semi-Furnished,1,1,19.08071327,73.07395935,630.0,1.0,New,17083143.573333338,1645633.9231148912,13857701.08402815,20308586.062638525,6450884.978610374,9.633086065516148,Medium Confidence,"₹13,857,701 - ₹20,308,586"
3300000,544,6066.176470588235,Taloja,Mumbai,Apartment,1,1,1,Semi-Furnished,0,1,19.07893753,73.11753845,544.0,1.0,New,3364291.68,400066.9580444476,2580160.442232883,4148422.9177671173,1568262.4755342342,11.891565776616835,Low Confidence,"₹2,580,160 - ₹4,148,423"
9000000,658,13677.811550151975,Vikhroli,Mumbai,Apartment,1,2,0,Unfurnished,0,1,19.1213398,72.9385376,658.0,2.0,New,8841743.046666667,973111.087334831,6934445.315490399,10749040.777842935,3814595.4623525366,11.005873866711083,Low Confidence,"₹6,934,445 - ₹10,749,041"
12500000,625,20000.0,Lower Parel,Mumbai,Apartment,1,1,1,Unfurnished,1,1,18.99854851,72.83093262,625.0,1.0,New,16785760.80666667,4948553.751658338,7086595.453416325,26484926.15991701,19398330.706500687,29.48066405004985,Low Confidence,"₹7,086,595 - ₹26,484,926"
6705668,366,18321.49726775956,Thane,Mumbai,Apartment,1,1,0,Unfurnished,0,1,19.2383709,72.99481201,366.0,1.0,New,6798390.656888889,630348.8981909223,5562906.816434681,8033874.497343097,2470967.6809084155,9.272031132135403,Medium Confidence,"₹5,562,907 - ₹8,033,874"
3300000,1000,3300.0,Badlapur,Mumbai,Apartment,2,2,0,Unfurnished,0,1,19.14500046,73.24726868,500.0,1.0,New,3385602.8733333335,813056.4301571798,1792012.270225261,4979193.476441406,3187181.2062161444,24.015115197391,Low Confidence,"₹1,792,012 - ₹4,979,193"
35000000,826,42372.8813559322,Parel,Mumbai South,Apartment,2,2,0,Furnished,0,1,19.005651207494,72.84802639182,413.0,1.0,New,33957456.48,6553074.741017083,21113429.987606514,46801482.97239348,25688052.98478697,19.297896309980292,Low Confidence,"₹21,113,430 - ₹46,801,483"
27200000,1514,17965.653896961692,Thane,Mumbai,Apartment,4,4,0,Unfurnished,0,1,19.23359489,72.98983002,378.5,1.0,New,27015120.441777773,3717272.866830813,19729265.62278938,34300975.26076616,14571709.637976784,13.759971475389774,Low Confidence,"₹19,729,266 - ₹34,300,975"
19500000,668,29191.616766467065,Kanjurmarg,Mumbai,Apartment,2,2,0,Unfurnished,1,1,19.13327599,72.93379211,334.0,1.0,New,18123516.53115873,2768405.8269697214,12697441.110298077,23549591.952019386,10852150.84172131,15.275213406902347,Low Confidence,"₹12,697,441 - ₹23,549,592"
2050000,535,3831.77570093458,Bhiwandi,Mumbai,Apartment,1,1,0,Unfurnished,0,1,19.23742676,73.01324463,535.0,1.0,New,2189528.0,603720.0833410574,1006236.6366515276,3372819.3633484724,2366582.726696945,27.57306978221139,Low Confidence,"₹1,006,237 - ₹3,372,819"
4500000,650,6923.076923076923,Vasai,Mumbai,Apartment,1,1,0,Furnished,0,1,19.39834595,72.84216309,650.0,1.0,New,3523885.688888889,822875.9346733412,1911048.85692914,5136722.520848637,3225673.6639194973,23.351379906219407,Low Confidence,"₹1,911,049 - ₹5,136,723"
9900000,985,10050.761421319798,Mira Road,Mumbai,Apartment,2,2,0,Semi-Furnished,0,1,19.2932663,72.8660202,492.5,1.0,New,9460252.0,647117.1938909778,8191902.299973683,10728601.700026317,2536699.400052633,6.840380085974219,Medium Confidence,"₹8,191,902 - ₹10,728,602"
25299000,1520,16644.07894736842,Thane,Mumbai,Apartment,3,2,0,Semi-Furnished,3,1,19.22069359,72.97767639,506.6666666666667,0.6666666666666666,New,25969854.46,6055944.757314712,14100202.735663166,37839506.18433683,23739303.448673666,23.31913244505226,Low Confidence,"₹14,100,203 - ₹37,839,506"
25950000,750,34600.0,Chembur,Mumbai,Apartment,2,2,0,Unfurnished,1,1,19.05210495,72.88897705,375.0,1.0,New,21215359.2,5416636.006186803,10598752.627873866,31831965.77212613,21233213.144252263,25.53167238472589,Low Confidence,"₹10,598,753 - ₹31,831,966"
16900000,800,21125.0,Chembur,Mumbai,Apartment,2,2,0,Unfurnished,0,1,19.05044937,72.89464569,400.0,1.0,New,22275563.84,4422051.144058318,13608343.597645696,30942784.082354303,17334440.484708607,19.85157895809437,Low Confidence,"₹13,608,344 - ₹30,942,784"
12000000,1000,12000.0,Vikhroli,Mumbai,Apartment,2,2,0,Unfurnished,0,1,19.08892822,72.92391205,500.0,1.0,New,17911058.753333334,5643979.185451121,6848859.549849138,28973257.95681753,22124398.406968392,31.51114215624327,Low Confidence,"₹6,848,860 - ₹28,973,258"
23100000,595,38823.52941176471,Vile Parle E,Mumbai,Apartment,1,2,0,Unfurnished,1,1,19.09637833,72.85639954,595.0,2.0,New,20363866.666666668,2979046.2694553044,14524935.97853427,26202797.354799066,11677861.376264796,14.629079625293679,Low Confidence,"₹14,524,936 - ₹26,202,797"
53700000,1600,33562.5,Sion,Mumbai,Apartment,3,3,0,Unfurnished,0,1,19.04315186,72.86658478,533.3333333333334,1.0,New,52502822.86666667,8484604.665998226,35872997.721310146,69132648.0120232,33259650.29071305,16.160282824306933,Low Confidence,"₹35,872,998 - ₹69,132,648"
2800000,530,5283.018867924528,Dombivali,Mumbai,Apartment,1,1,0,Semi-Furnished,11,1,19.21337318,73.09128571,530.0,1.0,Moderate,3634460.546666667,960702.0172465529,1751484.5928634233,5517436.50046991,3765951.9076064867,26.433139248895067,Low Confidence,"₹1,751,485 - ₹5,517,437"
15500000,750,20666.666666666668,Ulwe,Mumbai,Apartment,2,2,0,Unfurnished,0,1,18.96642494,73.01301575,375.0,1.0,New,13408004.153333334,2343183.8697351255,8815363.768652488,18000644.53801418,9185280.769361693,17.476007934802077,Low Confidence,"₹8,815,364 - ₹18,000,645"
9900000,650,15230.76923076923,Kurla,Mumbai,Apartment,1,2,0,Unfurnished,0,1,19.06170464,72.88166046,650.0,2.0,New,8700169.946666667,901611.2391666801,6933011.917899974,10467327.97543336,3534316.057533387,10.36314514191896,Low Confidence,"₹6,933,012 - ₹10,467,328"
12500000,392,31887.755102040817,Mulund,Mumbai,Apartment,1,1,0,Furnished,1,1,19.16602707,72.93453979,392.0,1.0,New,8319786.253333335,1655053.516421559,5075881.36114708,11563691.14551959,6487809.78437251,19.89298121401207,Low Confidence,"₹5,075,881 - ₹11,563,691"
6100000,609,10016.420361247949,Greater Khanda,Mumbai,Apartment,1,1,0,Unfurnished,6,1,19.00531578,73.11338043,609.0,1.0,Recent,4564859.58,1380662.8507389459,1858760.3925516661,7270958.767448334,5412198.374896668,30.24546158633309,Low Confidence,"₹1,858,760 - ₹7,270,959"
2120000,585,3623.931623931624,Vevoor,Mumbai,Apartment,1,1,0,Semi-Furnished,2,1,19.67333984,72.76306915,585.0,1.0,New,2080619.1,275654.3110507738,1540336.6503404835,2620901.5496595167,1080564.8993190331,13.248667718698428,Low Confidence,"₹1,540,337 - ₹2,620,902"
14500000,1065,13615.023474178404,Thane,Mumbai,Apartment,2,2,2,Unfurnished,12,1,19.21897125,72.9599762,532.5,1.0,Moderate,13365444.444444446,1429624.849349138,10563379.739720136,16167509.149168756,5604129.40944862,10.696425811289679,Low Confidence,"₹10,563,380 - ₹16,167,509"
6396984,591,10824.0,Thane,Mumbai,Apartment,2,2,0,Unfurnished,4,1,19.27489662,72.96329498,295.5,1.0,New,7919476.793333333,1580348.9275127035,4821992.895408435,11016960.691258231,6194967.795849796,19.955218870557857,Low Confidence,"₹4,821,993 - ₹11,016,961"
7800000,690,11304.347826086956,Mira Road,Mumbai,Apartment,2,2,2,Semi-Furnished,11,1,19.27747536,72.87630463,345.0,1.0,Moderate,8830843.18888889,1658800.346791442,5579594.509177664,12082091.868600117,6502497.359422453,18.78416716626303,Low Confidence,"₹5,579,595 - ₹12,082,092"
6200000,390,15897.435897435897,Thane,Mumbai,Apartment,1,1,0,Unfurnished,0,1,19.21763039,72.97776794,390.0,1.0,New,8180532.270396826,1251639.5349606175,5727318.781874016,10633745.758919636,4906426.97704562,15.300221227535141,Low Confidence,"₹5,727,319 - ₹10,633,746"
9600000,650,14769.23076923077,Andheri,Mumbai,Apartment,2,2,0,Semi-Furnished,8,1,19.13805008,72.82532501,325.0,1.0,Recent,18230469.71888889,3370039.922650257,11625191.470494386,24835747.967283394,13210556.496789008,18.48575475352949,Low Confidence,"₹11,625,191 - ₹24,835,748"
3700008,468,7906.0,Vasai,Mumbai,Apartment,1,1,0,Unfurnished,0,1,19.40727043,72.84675598,468.0,1.0,New,4053300.4488888886,341681.85366404476,3383604.015707361,4722996.882070417,1339392.8663630555,8.42971938479686,Medium Confidence,"₹3,383,604 - ₹4,722,997"
17000000,1245,13654.618473895582,Airoli,Mumbai,Apartment,2,2,0,Unfurnished,3,1,19.14817429,73.00055695,622.5,1.0,New,17585333.333333332,3420007.5373536153,10882118.560120247,24288548.106546417,13406429.54642617,19.4480677308,Low Confidence,"₹10,882,119 - ₹24,288,548"
9200000,450,20444.444444444445,Bhandup,Mumbai,Apartment,1,2,0,Unfurnished,0,1,19.15442848,72.93182373,450.0,2.0,New,6954421.1466666665,563933.1896465792,5849112.094959371,8059730.198373962,2210618.1034145914,8.10898819259571,Medium Confidence,"₹5,849,112 - ₹8,059,730"
12500000,850,14705.882352941177,Thane,Mumbai,Apartment,2,2,0,Unfurnished,0,1,19.24025345,72.96539307,425.0,1.0,New,12760827.72,2713123.581745379,7443105.499779058,18078549.940220945,10635444.440441888,21.261344806756618,Low Confidence,"₹7,443,105 - ₹18,078,550"
8000000,1035,7729.468599033817,Dombivali,Mumbai,Apartment,2,2,0,Semi-Furnished,10,1,19.21970749,73.08624268,517.5,1.0,Recent,8616132.198555553,2074761.7675943181,4549599.13407069,12682665.263040416,8133066.128969726,24.07996673892887,Low Confidence,"₹4,549,599 - ₹12,682,665"
5995000,972,6167.6954732510285,Dombivali,Mumbai,Apartment,2,2,0,Semi-Furnished,0,1,19.20798492,73.10583496,486.0,1.0,New,6144680.153333333,815834.4498276813,4545644.6316710785,7743715.674995588,3198071.0433245096,13.277085698026312,Low Confidence,"₹4,545,645 - ₹7,743,716"
36000000,1321,27252.08175624527,Chembur,Mumbai,Apartment,3,3,0,Unfurnished,0,1,19.05332565,72.89992523,440.3333333333333,1.0,New,38327999.16444444,12595280.822502105,13641248.752340313,63014749.57654856,49373500.824208245,32.86182711615771,Low Confidence,"₹13,641,249 - ₹63,014,750"
2700000,610,4426.229508196721,Naigaon,Mumbai,Apartment,1,2,0,Semi-Furnished,9,1,19.36193085,72.86332703,610.0,2.0,Recent,2938662.8888888895,238231.12339931336,2471729.8870262355,3405595.8907515435,933866.003725308,8.106786399354188,Medium Confidence,"₹2,471,730 - ₹3,405,596"
102100000,1537,66428.1067013663,Dadar,Mumbai,Apartment,3,3,0,Unfurnished,0,1,19.02828598,72.83857727,512.3333333333334,1.0,New,73433803.19333333,20620940.070354033,33016760.65543942,113850845.73122723,80834085.07578781,28.08099155107644,Low Confidence,"₹33,016,761 - ₹113,850,846"
6800000,500,13600.0,Thane,Mumbai,Apartment,1,2,0,Semi-Furnished,0,1,19.22190094,72.98513794,500.0,2.0,New,7485026.893333334,761233.6203915772,5993008.997365842,8977044.789300825,2984035.791934984,10.170085308171476,Low Confidence,"₹5,993,009 - ₹8,977,045"
150000000,2000,75000.0,Cuffe Parade,Mumbai,Apartment,3,2,0,Semi-Furnished,12,1,18.91444969,72.82053375,666.6666666666666,0.6666666666666666,Moderate,135401472.55333334,51557004.60064287,34349743.53607333,236453201.57059336,202103458.03452003,38.07713729282749,Low Confidence,"₹34,349,744 - ₹236,453,202"
8100000,700,11571.42857142857,Taloja,Mumbai,Apartment,3,3,0,Unfurnished,0,1,19.09263229,73.08007812,233.33333333333334,1.0,New,7743558.153333333,953299.0613307221,5875091.993125118,9612024.313541548,3736932.32041643,12.31086591530742,Low Confidence,"₹5,875,092 - ₹9,612,024"
15000000,1200,12500.0,Chembur,Mumbai,Independent House,2,2,0,Semi-Furnished,0,1,19.06367683,72.89260864,600.0,1.0,New,22585333.333333332,11299683.69272147,437953.295599252,44732713.37106741,44294760.07546816,50.03106895059391,Low Confidence,"₹437,953 - ₹44,732,713"
22000000,1050,20952.380952380958,Ghansoli,Mumbai,Apartment,2,2,0,Furnished,1,1,19.12588501,72.99964142,525.0,1.0,New,19252000.0,3755009.45404935,11892181.470063273,26611818.529936727,14719637.059873454,19.504516175199203,Low Confidence,"₹11,892,181 - ₹26,611,819"
12500000,2025,6172.83950617284,Panvel,Mumbai,Apartment,3,3,0,Unfurnished,4,1,18.96840477,73.13047791,675.0,1.0,New,17045467.894222222,3447362.89713334,10288636.615840875,23802299.17260357,13513662.556762695,20.22451315813905,Low Confidence,"₹10,288,637 - ₹23,802,299"
2450000,733,3342.4283765347886,Neral,Mumbai,Apartment,1,2,0,Unfurnished,2,1,19.02330017,73.3647995,733.0,2.0,New,2539737.6666666665,181088.2330004416,2184804.729985801,2894670.603347532,709865.873361731,7.130194404610093,Medium Confidence,"₹2,184,805 - ₹2,894,671"
3900057,301,12957.0,Naigaon,Mumbai,Apartment,1,1,0,Unfurnished,0,1,19.35886765,72.85591125,301.0,1.0,New,3604055.015555556,310000.1676251051,2996454.6870103497,4211655.344100762,1215200.6570904125,8.601427178195262,Medium Confidence,"₹2,996,455 - ₹4,211,655"
4990983,511,9767.090019569472,Dombivali,Mumbai,Apartment,2,2,0,Unfurnished,0,1,19.18029976,73.07579803,255.5,1.0,New,5165308.583666667,477413.1006146912,4229578.906461872,6101038.2608714625,1871459.3544095904,9.242683043648725,Medium Confidence,"₹4,229,579 - ₹6,101,038"
5300000,705,7517.730496453901,Kalyan,Mumbai,Apartment,1,1,0,Unfurnished,0,1,19.21675682,73.13159943,705.0,1.0,New,4044871.1177777774,404540.49082298984,3251971.7557647172,4837770.4797908375,1585798.7240261203,10.001319672337086,Low Confidence,"₹3,251,972 - ₹4,837,770"
13500000,1007,13406.156901688182,Thane,Mumbai,Apartment,2,2,0,Semi-Furnished,20,1,19.22510719,72.96453857,503.5,1.0,Moderate,14697307.42984127,3284644.400096258,8259404.405652605,21135210.454029936,12875806.048377331,22.348613280192726,Low Confidence,"₹8,259,404 - ₹21,135,210"
11500000,950,12105.263157894737,Mira Road,Mumbai,Apartment,2,2,0,Unfurnished,7,1,19.28025436,72.8841095,475.0,1.0,Recent,9803063.533333333,1694258.4022017221,6482317.065017957,13123810.00164871,6641492.936630752,17.28294829917953,Low Confidence,"₹6,482,317 - ₹13,123,810"
9000000,1085,8294.930875576038,Kalamboli,Mumbai,Apartment,2,2,0,Semi-Furnished,9,1,19.0375576,73.09220886,542.5,1.0,Recent,8713379.2,541124.4826439602,7652775.214017837,9773983.18598216,2121207.971964323,6.210271241769901,Medium Confidence,"₹7,652,775 - ₹9,773,983"
7000000,657,10654.4901065449,Kalyan,Mumbai,Apartment,2,2,0,Unfurnished,4,1,19.24110794,73.1370163,328.5,1.0,New,7954224.6466666665,1703216.1817164663,4615920.930502392,11292528.36283094,6676607.432328548,21.412724148169787,Low Confidence,"₹4,615,921 - ₹11,292,528"
5643146,467,12083.824411134903,Dombivali,Mumbai,Apartment,1,1,0,Unfurnished,0,1,19.18132591,73.09023285,467.0,1.0,New,5501852.08,584387.3329110018,4356452.907494437,6647251.252505563,2290798.3450111263,10.621647481860357,Low Confidence,"₹4,356,453 - ₹6,647,251"
9500166,702,13533.0,Panvel,Mumbai,Apartment,2,2,0,Unfurnished,0,1,18.98999977,73.11467743,351.0,1.0,New,9518846.193333333,1555209.7762102052,6470635.031961331,12567057.354705336,6096422.322744004,16.338217307255366,Low Confidence,"₹6,470,635 - ₹12,567,057"
47000000,1350,34814.81481481482,Wadala,Mumbai,Apartment,3,3,0,Semi-Furnished,0,1,19.03582573,72.87728882,450.0,1.0,New,44070131.833333336,10220207.662994612,24038524.813863896,64101738.852802776,40063214.03893888,23.190780780157212,Low Confidence,"₹24,038,525 - ₹64,101,739"
6300000,600,10500.0,Ghansoli,Mumbai,Apartment,1,2,1,Unfurnished,6,1,19.12399673,72.9980545,600.0,2.0,Recent,7004940.0,1855887.6770250222,3367400.1530309566,10642479.846969044,7275079.693938088,26.49398391742145,Low Confidence,"₹3,367,400 - ₹10,642,480"
20000000,1500,13333.333333333334,Koper Khairane,Mumbai,Apartment,2,2,0,Unfurnished,0,1,19.1065712,73.01069641,750.0,1.0,New,15195552.266666668,2105696.7481506444,11068386.640291404,19322717.89304193,8254331.252750527,13.857322927115664,Low Confidence,"₹11,068,387 - ₹19,322,718"
9958020,422,23597.203791469197,Kandivali,Mumbai,Apartment,1,1,0,Unfurnished,0,1,19.20679283,72.83343506,422.0,1.0,New,9938758.755555551,120153.05071885159,9703258.776146602,10174258.734964501,470999.9588178992,1.2089341704937613,High Confidence,"₹9,703,259 - ₹10,174,259"
6600013,630,10476.211111111112,Mira Road,Mumbai,Apartment,1,1,0,Unfurnished,11,1,19.29605293,72.87081146,630.0,1.0,Moderate,6057217.111111111,618934.0268641704,4844106.418457337,7270327.803764885,2426221.3853075486,10.218125180436791,Low Confidence,"₹4,844,106 - ₹7,270,328"
22500000,1250,18000.0,Bandra,Mumbai,Apartment,2,2,2,Unfurnished,4,1,19.0582943,72.8438797,625.0,1.0,New,27592344.888888888,8150331.9654109655,11617694.236683397,43566995.54109438,31949301.30441098,29.538381019197136,Low Confidence,"₹11,617,694 - ₹43,566,996"
8400000,1050,8000.0,Kharghar,Mumbai,Apartment,2,2,0,Unfurnished,13,1,19.07045555,73.0766449,525.0,1.0,Moderate,9254666.666666666,1256587.2653960634,6791755.626490382,11717577.706842951,4925822.08035257,13.57787709331577,Low Confidence,"₹6,791,756 - ₹11,717,578"
14720175,654,22507.9128440367,Goregaon,Mumbai,Apartment,3,3,0,Unfurnished,0,1,19.15131569,72.84375,218.0,1.0,New,21910852.046666667,4618445.575598309,12858698.718493981,30963005.37483935,18104306.656345367,21.078347687081024,Low Confidence,"₹12,858,699 - ₹30,963,005"
17500000,1650,10606.060606060606,Thane,Mumbai,Apartment,3,3,3,Semi-Furnished,12,1,19.22167778,72.97745514,550.0,1.0,Moderate,18448666.666666668,3081162.911773556,12409587.359590499,24487745.973742835,12078158.614152336,16.70127694019562,Low Confidence,"₹12,409,587 - ₹24,487,746"
13952500,960,14533.854166666666,Borivali,Mumbai,Apartment,2,2,0,Furnished,0,1,19.22158241,72.8679657,480.0,1.0,New,14300462.722222222,2375385.377796173,9644707.381741723,18956218.062702723,9311510.680961,16.610549070590142,Low Confidence,"₹9,644,707 - ₹18,956,218"
125000000,3100,40322.58064516129,Vile Parle,Mumbai,Apartment,5,5,0,Furnished,6,1,19.10355759,72.84113312,620.0,1.0,Recent,147527022.69333333,28214598.803927332,92226409.03763576,202827636.3490309,110601227.31139515,19.125037765167573,Low Confidence,"₹92,226,409 - ₹202,827,636"
6724400,756,8894.708994708995,Mira Road,Mumbai,Apartment,1,2,0,Unfurnished,0,1,19.28962517,72.87621307,756.0,2.0,New,6834666.746,345640.8673871356,6157210.6459212145,7512122.846078786,1354912.2001575716,5.057172210911709,Medium Confidence,"₹6,157,211 - ₹7,512,123"
42720848,1381,30934.71976828385,Chincholi Bunder,Western Mumbai,Apartment,4,4,0,Furnished,0,1,19.178841597142,72.842839637035,345.25,1.0,New,39950417.61833333,6820445.461331055,26582344.514124468,53318490.7225422,26736146.20841773,17.072275755638504,Low Confidence,"₹26,582,345 - ₹53,318,491"
19000000,810,23456.79012345679,Chembur,Mumbai,Apartment,2,2,0,Semi-Furnished,1,1,19.06293297,72.89239502,405.0,1.0,New,19203345.757777777,4610299.940628209,10167157.874146488,28239533.641409066,18072375.767262578,24.007795301820966,Low Confidence,"₹10,167,158 - ₹28,239,534"
10561519,480,22003.16458333333,Vikhroli,Mumbai,Apartment,1,1,0,Unfurnished,3,1,19.09123993,72.92190552,480.0,1.0,New,16230792.571333336,3799772.048889398,8783239.355510116,23678345.787156556,14895106.43164644,23.410884170872333,Low Confidence,"₹8,783,239 - ₹23,678,346"
4600000,810,5679.0123456790125,Kalyan,Mumbai,Apartment,1,2,0,Unfurnished,0,1,19.25814056,73.13052368,810.0,2.0,New,5930034.933333334,1319393.1690251883,3344024.3220439646,8516045.544622703,5172021.222578738,22.24933215163277,Low Confidence,"₹3,344,024 - ₹8,516,046"
7000000,500,14000.0,Chembur,Mumbai,Apartment,1,2,0,Unfurnished,0,1,19.05240822,72.89631653,500.0,2.0,New,9124010.653333334,2673581.7461666167,3883790.4308467656,14364230.875819903,10480440.444973137,29.30270302994287,Low Confidence,"₹3,883,790 - ₹14,364,231"
41500000,1337,31039.640987284965,Mulund,Mumbai,Apartment,3,3,0,Unfurnished,0,1,19.16906929,72.9380722,445.6666666666667,1.0,New,31282919.13555556,3463961.0218228674,24493555.53278274,38072282.73832838,13578727.205545641,11.07301082361523,Low Confidence,"₹24,493,556 - ₹38,072,283"
24100000,700,34428.57142857143,Malad,Mumbai,Apartment,2,3,0,Unfurnished,0,1,19.11169052,72.92162323,350.0,1.5,New,16957185.469555557,4658189.454875053,7827134.138000453,26087236.801110663,18260102.66311021,27.470298436248353,Low Confidence,"₹7,827,134 - ₹26,087,237"
7426900,533,13934.146341463416,Thane,Mumbai,Apartment,1,1,0,Furnished,0,1,19.22813988,72.98466492,533.0,1.0,New,8129128.12,907109.5658475874,6351193.370938729,9907062.86906127,3555869.498122542,11.158755926306982,Low Confidence,"₹6,351,193 - ₹9,907,063"
2700000,480,5625.0,Neral,Mumbai,Apartment,1,2,0,Semi-Furnished,0,1,19.0234623,73.31830597,480.0,2.0,New,1650538.12,175129.338407967,1307284.616720385,1993791.6232796153,686507.0065592304,10.610438879652595,Low Confidence,"₹1,307,285 - ₹1,993,792"
21000000,960,21875.0,Thane,Mumbai,Apartment,3,3,0,Unfurnished,0,1,19.2238369,72.99047852,320.0,1.0,New,22203471.791666668,3158319.8046223605,16013164.974606842,28393778.608726494,12380613.634119652,14.224441268719653,Low Confidence,"₹16,013,165 - ₹28,393,779"
15150934,646,23453.458204334365,Kanjurmarg,Mumbai,Apartment,2,2,0,Unfurnished,3,1,19.13681221,72.93067169,323.0,1.0,New,14872031.046666667,2135518.0704404116,10686415.62860346,19057646.464729875,8371230.836126415,14.359290023934253,Low Confidence,"₹10,686,416 - ₹19,057,646"
9249680,420,22023.04761904762,Vikhroli,Mumbai,Apartment,1,1,0,Unfurnished,0,1,19.11852646,72.93106842,420.0,1.0,New,8701217.881999997,617856.2868706582,7490219.559733507,9912216.204266487,2421996.6445329795,7.100802384788028,Medium Confidence,"₹7,490,220 - ₹9,912,216"
5800000,950,6105.263157894737,Naigaon,Mumbai,Apartment,2,2,0,Semi-Furnished,0,1,19.35938072,72.85646057,475.0,1.0,New,5457637.4,411874.23969205335,4650363.890203576,6264910.909796425,1614547.0195928495,7.546749802250573,Medium Confidence,"₹4,650,364 - ₹6,264,911"
6400000,250,25600.0,Jogeshwari,Mumbai,Apartment,1,1,0,Unfurnished,4,1,19.1301136,72.84272766,250.0,1.0,New,6463207.046666667,1926483.5383354903,2687299.311529106,10239114.781804228,7551815.470275123,29.80692904351648,Low Confidence,"₹2,687,299 - ₹10,239,115"
20974853,757,27707.86393659181,Kanjurmarg,Mumbai,Apartment,2,2,0,Unfurnished,2,1,19.13013268,72.93141937,378.5,1.0,New,19049680.969333336,1734602.7244899848,15649859.629332965,22449502.309333704,6799642.680000739,9.105678605759291,Medium Confidence,"₹15,649,860 - ₹22,449,502"
5167162,638,8099.0,Umroli,Mumbai,Apartment,2,2,0,Unfurnished,0,1,19.01353836,73.20212555,319.0,1.0,New,4138962.8666666676,1460136.0755129603,1277096.1586612654,7000829.574672069,5723733.4160108045,35.277824966061786,Low Confidence,"₹1,277,096 - ₹7,000,830"
46000000,2535,18145.95660749507,Lbs Marg Mulund,Mumbai,Apartment,5,5,0,Unfurnished,0,1,19.17434883,72.94284821,507.0,1.0,New,63082522.937460326,14746318.28937577,34179739.09028381,91985306.78463684,57805567.69435303,23.37623418136778,Low Confidence,"₹34,179,739 - ₹91,985,307"
16795240,1558,10780.0,Dombivali,Mumbai,Apartment,4,4,0,Unfurnished,0,1,19.20687675,73.10365295,389.5,1.0,New,12584881.986666666,3087001.109678766,6534359.811696284,18635404.16163705,12101044.349940766,24.529440267690696,Low Confidence,"₹6,534,360 - ₹18,635,404"
6500000,650,10000.0,Sai Samarth Mitra,Mumbai,Apartment,1,1,0,Unfurnished,6,1,19.20614624,73.00286865,650.0,1.0,Recent,5934833.333333333,2163290.1189828636,1694784.7001269208,10174881.966539744,8480097.266412824,36.45073075317246,Low Confidence,"₹1,694,785 - ₹10,174,882"
22300000,1755,12706.552706552706,Kharghar,Mumbai,Apartment,3,3,0,Unfurnished,0,1,19.08489609,73.03884125,585.0,1.0,New,19827371.766666666,2689874.606877499,14555217.537186768,25099525.996146563,10544308.458959796,13.566470828976213,Low Confidence,"₹14,555,218 - ₹25,099,526"
10000000,600,16666.666666666668,Dombivali,Mumbai,Apartment,1,1,0,Semi-Furnished,0,1,19.15052414,72.96657562,600.0,1.0,New,8306044.373333333,2720298.607381519,2974259.1028655563,13637829.64380111,10663570.540935554,32.75083162467894,Low Confidence,"₹2,974,259 - ₹13,637,830"
30000000,1190,25210.08403361345,Parel,Mumbai,Apartment,3,3,3,Unfurnished,6,1,19.00505829,72.84693909,396.6666666666667,1.0,Recent,25822666.666666668,6013497.558733101,14036211.45154979,37609121.881783545,23572910.430233754,23.28767062038429,Low Confidence,"₹14,036,211 - ₹37,609,122"
6651000,760,8751.315789473685,Dombivali,Mumbai,Apartment,2,2,0,Semi-Furnished,0,1,19.22665405,73.10948944,380.0,1.0,New,6119311.28,650439.471440063,4844449.915977477,7394172.644022523,2549722.7280450463,10.629292116024908,Low Confidence,"₹4,844,450 - ₹7,394,173"
13200000,915,14426.22950819672,Borivali,Mumbai,Apartment,2,2,0,Unfurnished,0,1,19.22400856,72.86885071,457.5,1.0,New,13420999.999999996,383901.98086827854,12668552.11749817,14173447.882501822,1504895.7650036514,2.8604573494395247,High Confidence,"₹12,668,552 - ₹14,173,448"
24073600,1768,13616.28959276018,Goregaon,Mumbai,Apartment,3,3,0,Semi-Furnished,1,1,19.1538372,72.84460449,589.3333333333334,1.0,New,40449031.04,7348249.377755249,26046462.25959971,54851599.82040028,28805137.56080057,18.166688271193873,Low Confidence,"₹26,046,462 - ₹54,851,600"
4100000,595,6890.756302521008,Kalyan,Mumbai,Apartment,1,1,1,Semi-Furnished,0,1,19.24346352,73.14926147,595.0,1.0,New,4854702.222222222,1369071.2666549706,2171322.5395784797,7538081.904865964,5366759.365287485,28.200931879778267,Low Confidence,"₹2,171,323 - ₹7,538,082"
11000000,900,12222.222222222224,Mira Road,Mumbai,Apartment,2,2,0,Furnished,7,1,19.28025436,72.8841095,450.0,1.0,Recent,10570094.11111111,1567481.3162843473,7497830.731193789,13642357.491028432,6144526.7598346425,14.829397920276193,Low Confidence,"₹7,497,831 - ₹13,642,357"
26000000,950,27368.42105263158,Andheri,Mumbai,Apartment,2,2,0,Semi-Furnished,0,1,19.12628365,72.8326416,475.0,1.0,New,25855404.086666666,1961534.0114527098,22010797.424219355,29700010.749113977,7689213.324894622,7.5865532980173,Medium Confidence,"₹22,010,797 - ₹29,700,011"
22000000,3000,7333.333333333333,Kharghar,Mumbai,Apartment,4,4,0,Unfurnished,0,1,19.06352615,73.05749512,750.0,1.0,New,44243341.62,10876814.243403608,22924785.702928927,65561897.537071064,42637111.83414213,24.584070382438732,Low Confidence,"₹22,924,786 - ₹65,561,898"
5885390,369,15949.566395663956,Mira Road,Mumbai,Apartment,1,1,0,Unfurnished,4,1,19.28219795,72.88488007,369.0,1.0,New,6245428.0503174625,284712.2741402291,5687391.993002614,6803464.107632311,1116072.114629697,4.5587311525549765,High Confidence,"₹5,687,392 - ₹6,803,464"
25300000,989,25581.39534883721,Kandivali,Mumbai,Apartment,3,3,0,Unfurnished,0,1,19.21019936,72.87377167,329.6666666666667,1.0,New,25937928.94266667,1734950.3472089465,22537426.262137134,29338431.623196203,6801005.36105907,6.688854576800985,Medium Confidence,"₹22,537,426 - ₹29,338,432"
22400000,434,51612.90322580645,Mahim,Mumbai,Apartment,1,2,0,Unfurnished,0,1,19.04048347,72.84195709,434.0,2.0,New,19746803.88888889,8990898.37774849,2124643.0685018525,37368964.70927593,35244321.64077408,45.53090428374324,Low Confidence,"₹2,124,643 - ₹37,368,965"
40000000,1418,28208.744710860366,Thane,Mumbai,Apartment,3,2,0,Semi-Furnished,8,1,19.25119972,72.98012543,472.6666666666667,0.6666666666666666,Recent,23889419.466666665,7388412.8058167575,9408130.36726582,38370708.56606751,28962578.19880169,30.9275527441173,Low Confidence,"₹9,408,130 - ₹38,370,709"
13000000,500,26000.0,Chembur,Mumbai,Apartment,1,2,0,Unfurnished,1,1,19.07191277,72.90458679,500.0,2.0,New,10541026.26,2114401.6345975837,6396799.056188736,14685253.463811263,8288454.407622527,20.058783485068215,Low Confidence,"₹6,396,799 - ₹14,685,253"
17000000,1500,11333.333333333334,Panvel,Mumbai,Apartment,3,3,0,Unfurnished,2,1,18.91037178,73.19491577,500.0,1.0,New,11753960.384444445,5816451.062195781,353716.3025407158,23154204.466348175,22800488.16380746,49.485032039868464,Low Confidence,"₹353,716 - ₹23,154,204"
26652472,1078,24724.0,Andheri,Mumbai,Apartment,3,3,0,Unfurnished,0,1,19.10814857,72.89027405,359.3333333333333,1.0,New,28834161.2,3059256.1157277147,22838019.21317368,34830303.18682632,11992283.973652638,10.609832186579144,Low Confidence,"₹22,838,019 - ₹34,830,303"
3200000,650,4923.076923076923,Taloja,Mumbai,Apartment,1,1,1,Semi-Furnished,0,1,19.08514977,73.11196136,650.0,1.0,New,3006333.3333333335,262100.27767164892,2492616.7890969017,3520049.8775697653,1027433.0884728637,8.718270684277044,Medium Confidence,"₹2,492,617 - ₹3,520,050"
1950000,560,3482.1428571428573,Dombivali,Mumbai,Apartment,1,1,0,Unfurnished,0,1,19.20657921,73.10357666,560.0,1.0,New,3505280.1333333333,730397.5593396951,2073700.917027531,4936859.349639135,2863158.432611604,20.837066698150778,Low Confidence,"₹2,073,701 - ₹4,936,859"
8500000,1180,7203.389830508475,Ulwe,Mumbai,Apartment,2,2,0,Unfurnished,3,1,18.95896149,73.01832581,590.0,1.0,New,10728666.666666666,2302616.9653003267,6215537.414678026,15241795.918655306,9026258.50397728,21.462284520912757,Low Confidence,"₹6,215,537 - ₹15,241,796"
15000060,636,23585.0,Malad,Mumbai,Apartment,2,2,0,Unfurnished,7,1,19.20220566,72.81529236,318.0,1.0,Recent,14309654.95388889,965487.8293940474,12417298.808276556,16202011.099501222,3784712.291224666,6.747107687119038,Medium Confidence,"₹12,417,299 - ₹16,202,011"
11175218,549,20355.5883424408,Vikhroli,Mumbai,Apartment,2,2,0,Unfurnished,0,1,19.11802101,72.93362427,274.5,1.0,New,11105929.672444444,1337194.6582425886,8485028.14228897,13726831.202599918,5241803.060310949,12.040366702126509,Low Confidence,"₹8,485,028 - ₹13,726,831"
23800000,920,25869.565217391304,Kandivali,Mumbai,Apartment,3,4,0,Semi-Furnished,0,1,19.20942307,72.83266449,306.6666666666667,1.3333333333333333,New,22701093.164,4210749.377128366,14448024.384828404,30954161.943171598,16506137.558343194,18.548663479368848,Low Confidence,"₹14,448,024 - ₹30,954,162"
28998000,1006,28825.049701789263,Ghatkopar,Mumbai,Apartment,3,3,0,Semi-Furnished,0,1,19.07890129,72.9066391,335.3333333333333,1.0,New,27691891.237666667,7021252.517418918,13930236.303525588,41453546.17180774,27523309.868282154,25.354904282841368,Low Confidence,"₹13,930,236 - ₹41,453,546"
11500368,316,36393.56962025316,Chembur,Mumbai,Apartment,1,1,0,Unfurnished,0,1,19.05270958,72.9071579,316.0,1.0,New,9787510.006666666,2391719.53983332,5099739.708593359,14475280.304739973,9375540.596146613,24.43644541057147,Low Confidence,"₹5,099,740 - ₹14,475,280"
2900000,610,4754.098360655737,Taloja,Mumbai,Apartment,1,1,0,Unfurnished,0,1,19.08450127,73.11524963,610.0,1.0,New,3302946.6866666665,521508.0022178651,2280791.0023196507,4325102.371013682,2044311.3686940316,15.789174082739157,Low Confidence,"₹2,280,791 - ₹4,325,102"
8460000,1350,6266.666666666667,Naigaon,Mumbai,Apartment,3,2,0,Semi-Furnished,0,1,19.36672592,72.85347748,450.0,0.6666666666666666,New,8022979.595555555,582783.6938788736,6880723.555552963,9165235.635558147,2284512.080005184,7.263930899210001,Medium Confidence,"₹6,880,724 - ₹9,165,236"
3000000,583,5145.797598627787,Titwala,Mumbai,Apartment,1,1,0,Semi-Furnished,0,1,19.29709244,73.2027359,583.0,1.0,New,2672971.1111111115,220084.4145681435,2241605.65855755,3104336.563664673,862730.9051071228,8.233699707912589,Medium Confidence,"₹2,241,606 - ₹3,104,337"
20427768,739,27642.44654939107,Malad,Mumbai,Apartment,3,3,0,Unfurnished,0,1,19.19096375,72.83621979,246.33333333333334,1.0,New,13287240.278095238,5056972.853435975,3375573.4853607286,23198907.07082975,19823333.585469022,38.058865103633885,Low Confidence,"₹3,375,573 - ₹23,198,907"
17500000,800,21875.0,Mulund,Mumbai,Apartment,2,2,0,Semi-Furnished,4,1,19.18677521,72.94219971,400.0,1.0,New,19051560.657777775,2645015.2093200632,13867330.847510451,24235790.4680451,10368459.62053465,13.88345688225935,Low Confidence,"₹13,867,331 - ₹24,235,790"
243100000,4120,59004.85436893204,Byculla,Mumbai,Apartment,5,5,0,Unfurnished,1,1,18.98697472,72.83722687,824.0,1.0,New,203077890.28666666,68845605.55194952,68140503.40484563,338015277.16848767,269874773.7636421,33.901083694914504,Low Confidence,"₹68,140,503 - ₹338,015,277"
32510080,1204,27001.727574750832,Mulund,Mumbai,Apartment,3,3,0,Unfurnished,3,1,19.17343903,72.94037628,401.3333333333333,1.0,New,28695813.226666667,5255450.9995281035,18395129.267591584,38996497.18574175,20601367.918150168,18.314347664642163,Low Confidence,"₹18,395,129 - ₹38,996,497"
20909000,721,29000.0,Kandivali,Mumbai,Apartment,2,2,0,Unfurnished,0,1,19.21565628,72.87251282,360.5,1.0,New,19976903.98888889,2097767.951678337,15865278.803599348,24088529.17417843,8223250.370579081,10.500966280085798,Low Confidence,"₹15,865,279 - ₹24,088,529"
19500000,970,20103.092783505155,Mulund,Mumbai,Apartment,2,2,0,Unfurnished,9,1,19.16923714,72.94178009,485.0,1.0,Recent,20310528.76,4393866.242789347,11698550.924132882,28922506.59586712,17223955.671734236,21.633440934549782,Low Confidence,"₹11,698,551 - ₹28,922,507"
2250000,630,3571.428571428572,Badlapur,Mumbai,Apartment,1,1,1,Unfurnished,8,1,19.16945076,73.24453735,630.0,1.0,Recent,2400322.933333333,447245.3299589188,1523722.0866138523,3276923.7800528137,1753201.6934389614,18.632714946310507,Low Confidence,"₹1,523,722 - ₹3,276,924"
6045683,576,10495.977430555557,Dombivali,Mumbai,Apartment,2,2,0,Unfurnished,0,1,19.17994118,73.07553101,288.0,1.0,New,5890928.6527936505,708554.7196194266,4502161.402339574,7279695.903247727,2777534.500908153,12.027895114353647,Low Confidence,"₹4,502,161 - ₹7,279,696"
21266000,686,31000.0,Jogeshwari,Mumbai,Apartment,2,2,0,Unfurnished,0,1,19.12820244,72.84293365,343.0,1.0,New,21634275.68,1256972.103282682,19170610.357565943,24097941.002434056,4927330.644868113,5.810095618059915,Medium Confidence,"₹19,170,610 - ₹24,097,941"
19565697,1100,17786.997272727273,Thane,Mumbai,Apartment,2,2,0,Unfurnished,0,1,19.22128296,72.95844269,550.0,1.0,New,16720787.7,2146270.1370141837,12514098.2314522,20927477.168547798,8413378.937095597,12.835939164601582,Low Confidence,"₹12,514,098 - ₹20,927,477"
9200000,550,16727.272727272728,Bhandup,Mumbai,Apartment,1,2,0,Unfurnished,8,1,19.15241051,72.94337463,550.0,2.0,Recent,8824476.727272727,620628.7059041535,7608044.463700586,10040908.990844868,2432864.527144282,7.0330369163539475,Medium Confidence,"₹7,608,044 - ₹10,040,909"
5606967,472,11879.167372881357,Panvel,Mumbai,Apartment,1,1,0,Unfurnished,1,1,18.93689919,73.18090057,472.0,1.0,New,4304154.763333334,734256.1165295701,2865012.7749353764,5743296.751731291,2878283.976795915,17.059240592011815,Low Confidence,"₹2,865,013 - ₹5,743,297"
60000000,1450,41379.31034482759,Matunga,Mumbai,Apartment,3,3,0,Semi-Furnished,0,1,19.02869606,72.85298157,483.3333333333333,1.0,New,72218401.96666667,16224493.044259116,40418395.5999188,104018408.33341454,63600012.73349574,22.465871027924074,Low Confidence,"₹40,418,396 - ₹104,018,408"
14300000,685,20875.912408759123,Chembur,Mumbai,Apartment,2,3,0,Unfurnished,2,1,19.05700111,72.90486145,342.5,1.5,New,19042159.6,2849325.7625144734,13457481.105471633,24626838.09452837,11169356.989056736,14.96324903460253,Low Confidence,"₹13,457,481 - ₹24,626,838"
7100000,505,14059.40594059406,Vikhroli,Mumbai,Apartment,1,2,0,Unfurnished,0,1,19.12093544,72.9409256,505.0,2.0,New,7415134.273333333,1402936.0737494247,4665379.568784461,10164888.977882206,5499509.409097745,18.91990113779506,Low Confidence,"₹4,665,380 - ₹10,164,889"
2899922,614,4723.0,Karanjade,Mumbai,Independent Floor,1,1,1,Unfurnished,6,1,19.11169052,72.92162323,614.0,1.0,Recent,3489931.4266666668,1837337.5326073167,0.0,7091112.990577008,7091112.990577008,52.6468090051331,Low Confidence,"₹0 - ₹7,091,113"
37634208,1492,25224.0,Ghansoli,Mumbai,Apartment,4,4,0,Unfurnished,1,1,19.11989021,73.00995636,373.0,1.0,New,34436046.806666665,7432723.389393475,19867908.963455454,49004184.649877876,29136275.686422423,21.584136620335098,Low Confidence,"₹19,867,909 - ₹49,004,185"
3500000,225,15555.555555555557,Borivali,Mumbai,Apartment,1,1,0,Furnished,4,1,19.22347069,72.84133911,225.0,1.0,New,9750547.273333333,8131754.141079643,0.0,25688785.38984943,25688785.38984943,83.39792539972694,Low Confidence,"₹0 - ₹25,688,785"
20000000,1600,12500.0,Koper Khairane,Mumbai,Apartment,3,3,0,Unfurnished,0,1,19.10976601,73.00763702,533.3333333333334,1.0,New,22127046.773333333,3758890.109976699,14759622.157779004,29494471.388887662,14734849.231108658,16.987762300510745,Low Confidence,"₹14,759,622 - ₹29,494,471"
19200000,633,30331.75355450237,Sion,Mumbai,Apartment,2,2,0,Unfurnished,0,1,19.03773689,72.86497498,316.5,1.0,New,19392007.32734969,901809.5183367676,17624460.671409626,21159553.983289752,3535093.3118801266,4.650418613780599,High Confidence,"₹17,624,461 - ₹21,159,554"
10500000,1125,9333.333333333334,Mira Road,Mumbai,Apartment,2,2,0,Unfurnished,4,1,19.28002167,72.87063599,562.5,1.0,New,11054964.995555557,2047844.9023739598,7041188.986902596,15068741.004208518,8027552.017305922,18.524209739219053,Low Confidence,"₹7,041,189 - ₹15,068,741"
23500000,1000,23500.0,Santacruz,Mumbai,Apartment,2,2,0,Semi-Furnished,0,1,19.07627678,72.86540222,500.0,1.0,New,24889057.766666666,3589434.599119596,17853765.952392258,31924349.580941074,14070583.628548816,14.421737587538738,Low Confidence,"₹17,853,766 - ₹31,924,350"
6192000,760,8147.368421052632,Mira Road,Mumbai,Apartment,1,2,0,Unfurnished,0,1,19.26718712,72.87130737,760.0,2.0,New,6608466.0,568428.3574711358,5494346.419356573,7722585.580643427,2228239.1612868533,8.601517469729522,Medium Confidence,"₹5,494,346 - ₹7,722,586"
21000000,1350,15555.555555555557,Andheri,Mumbai,Apartment,3,2,0,Semi-Furnished,4,1,19.1109066,72.87519073,450.0,0.6666666666666666,New,27115282.888888888,7224858.958523628,12954559.330182577,41276006.4475952,28321447.117412627,26.64496987964002,Low Confidence,"₹12,954,559 - ₹41,276,006"
23775000,1585,15000.0,Mulund,Mumbai,Apartment,2,2,0,Unfurnished,7,1,19.15892029,72.94538879,792.5,1.0,Recent,21432465.84,7090400.999003305,7535279.881953523,35329651.79804648,27794371.916092955,33.08252560361158,Low Confidence,"₹7,535,280 - ₹35,329,652"
216878300,4500,48195.177777777775,Byculla,Mumbai,Apartment,4,5,0,Unfurnished,1,1,18.98697472,72.83722687,1125.0,1.25,New,196260872.83333334,72458450.36743495,54242310.11316085,338279435.55350584,284037125.440345,36.91945792423301,Low Confidence,"₹54,242,310 - ₹338,279,436"
10900000,1071,10177.404295051354,Mira Road,Mumbai,Apartment,2,2,0,Unfurnished,0,1,19.27387238,72.878479,535.5,1.0,New,10875154.0,732687.1314669948,9439087.22232469,12311220.77767531,2872133.5553506203,6.7372575272680715,Medium Confidence,"₹9,439,087 - ₹12,311,221"
14799998,646,22910.213622291023,Goregaon,Mumbai,Apartment,2,2,0,Unfurnished,0,1,19.14692688,72.8486557,323.0,1.0,New,15634488.0,2624847.462551194,10489786.973399661,20779189.02660034,10289402.053200677,16.788829046088328,Low Confidence,"₹10,489,787 - ₹20,779,189"
55000000,1530,35947.71241830065,Wadala,Mumbai,Apartment,4,4,0,Unfurnished,0,1,19.02209282,72.86715698,382.5,1.0,New,51170800.23066666,8841025.374884693,33842390.49589266,68499209.96544066,34656819.469548,17.277481170963334,Low Confidence,"₹33,842,390 - ₹68,499,210"
18600000,775,24000.0,Goregaon,Mumbai,Apartment,2,2,0,Unfurnished,3,1,19.17328835,72.84989166,387.5,1.0,New,20216106.213333335,4770097.9899668945,10866714.152998222,29565498.273668446,18698784.12067022,23.59553288664868,Low Confidence,"₹10,866,714 - ₹29,565,498"
13500000,1500,9000.0,Bhayandar,Mumbai,Apartment,3,3,0,Semi-Furnished,0,1,19.30239487,72.87239838,500.0,1.0,New,14041572.0,1537247.7024483292,11028566.503201274,17054577.496798724,6026010.99359745,10.947831926854978,Low Confidence,"₹11,028,567 - ₹17,054,577"
27500000,1625,16923.076923076922,Vashi,Mumbai,Apartment,3,3,0,Semi-Furnished,0,1,19.08073997,72.99822235,541.6666666666666,1.0,New,32632305.80666667,4166262.8788881074,24466430.564045977,40798181.04928736,16331750.48524138,12.767295402205242,Low Confidence,"₹24,466,431 - ₹40,798,181"
7800000,1120,6964.285714285715,Ulwe,Mumbai,Apartment,2,2,0,Semi-Furnished,0,1,18.96770859,73.02297974,560.0,1.0,New,9382666.666666666,1716459.4049638598,6018406.232937501,12746927.100395832,6728520.867458331,18.293939942061886,Low Confidence,"₹6,018,406 - ₹12,746,927"
130000000,4000,32500.0,Prabhadevi,Mumbai,Apartment,4,5,0,Furnished,0,1,19.01498032,72.82868195,1000.0,1.25,New,304927253.1,121326497.8282462,67127317.35663748,542727188.8433626,475599871.4867251,39.788669787563244,Low Confidence,"₹67,127,317 - ₹542,727,189"
15500000,750,20666.666666666668,Borivali,Mumbai,Apartment,2,2,0,Unfurnished,0,1,19.23309135,72.8415451,375.0,1.0,New,18137461.26,2948030.6820956036,12359321.123092618,23915601.396907385,11556280.273814768,16.253822074851964,Low Confidence,"₹12,359,321 - ₹23,915,601"
21000000,1040,20192.30769230769,Borivali,Mumbai,Apartment,3,3,0,Unfurnished,5,1,19.22075844,72.85770416,346.6666666666667,1.0,New,24167933.23111111,4846407.809706706,14668973.924085967,33666892.53813625,18997918.614050284,20.053050309937053,Low Confidence,"₹14,668,974 - ₹33,666,893"
2400000,696,3448.2758620689656,Neral,Mumbai,Apartment,1,2,0,Unfurnished,1,1,19.02330017,73.3647995,696.0,2.0,New,2353251.02,135353.75324304678,2087957.6636436284,2618544.3763563717,530586.7127127433,5.751777098689913,Medium Confidence,"₹2,087,958 - ₹2,618,544"
8300000,985,8426.395939086295,Bhiwandi,Mumbai,Apartment,2,2,1,Unfurnished,6,1,19.26701164,73.0819931,492.5,1.0,Recent,7989177.61525926,1142458.6553855785,5749958.650703526,10228396.579814993,4478437.929111467,14.300078310982753,Low Confidence,"₹5,749,959 - ₹10,228,397"
13000000,1418,9167.84203102962,Dombivali,Mumbai,Apartment,3,3,2,Semi-Furnished,3,1,19.16841507,73.07402039,472.6666666666667,1.0,New,10313540.633333333,2613460.9800834553,5191157.112369761,15435924.154296905,10244767.041927144,25.340094861669105,Low Confidence,"₹5,191,157 - ₹15,435,924"
27000000,1800,15000.0,Vashi,Mumbai,Apartment,3,3,0,Furnished,0,1,19.0761013,73.00013733,600.0,1.0,New,33349568.0,3928853.1088570873,25649015.90664011,41050120.09335989,15401104.186719779,11.780821595221527,Low Confidence,"₹25,649,016 - ₹41,050,120"
13000000,900,14444.444444444443,Thane,Mumbai,Apartment,2,2,0,Unfurnished,0,1,19.21450233,72.97677612,450.0,1.0,New,12860124.9,2434458.086761154,8088587.049948139,17631662.750051863,9543075.700103724,18.93028338131579,Low Confidence,"₹8,088,587 - ₹17,631,663"
8200000,1110,7387.387387387387,Kamothe,Mumbai,Apartment,2,2,0,Unfurnished,0,1,19.01323318,73.09126282,555.0,1.0,New,9269807.533333333,1109968.992967483,7094268.307117067,11445346.7595496,4351078.452432532,11.974024152887118,Low Confidence,"₹7,094,268 - ₹11,445,347"
11400000,512,22265.625,Vikhroli,Mumbai,Apartment,2,2,0,Unfurnished,0,1,19.10505104,72.93547058,256.0,1.0,New,10739749.46338095,2334672.4041935448,6163791.551161602,15315707.375600297,9151915.824438695,21.738611428078634,Low Confidence,"₹6,163,792 - ₹15,315,707"
2600000,400,6500.0,Ulwe,Mumbai,Apartment,1,1,0,Unfurnished,0,1,18.96338272,73.02172852,400.0,1.0,New,2919254.4455555556,1149024.0525550414,667167.3025476746,5171341.588563437,4504174.286015762,39.36018849964871,Low Confidence,"₹667,167 - ₹5,171,342"
3500000,400,8750.0,Naigaon,Mumbai,Apartment,1,1,0,Unfurnished,0,1,19.34781075,72.87174988,400.0,1.0,New,2973241.755300625,370631.68128434283,2246803.659983313,3699679.8506179373,1452876.190634624,12.465575011638034,Low Confidence,"₹2,246,804 - ₹3,699,680"
21000000,999,21021.02102102102,Mulund,Mumbai,Apartment,2,2,0,Semi-Furnished,1,1,19.16497612,72.93397522,499.5,1.0,New,21554429.4,2129995.7731106686,17379637.68470309,25729221.115296908,8349583.430593818,9.881939965020225,Medium Confidence,"₹17,379,638 - ₹25,729,221"
5000000,430,11627.906976744183,Airoli,Mumbai,Apartment,1,1,0,Unfurnished,20,1,19.1481781,73.00057983,430.0,1.0,Moderate,6058090.731111111,1717761.1761676627,2691278.825822492,9424902.636399731,6733623.810577239,28.35482749286274,Low Confidence,"₹2,691,279 - ₹9,424,903"
5900000,550,10727.272727272728,Kalyan,Mumbai,Apartment,2,2,0,Semi-Furnished,18,1,19.25698471,73.1344223,275.0,1.0,Moderate,6436615.151111111,2307831.9346381472,1913264.559220343,10959965.743001878,9046701.183781534,35.85474477590541,Low Confidence,"₹1,913,265 - ₹10,959,966"
11500000,580,19827.58620689655,Kurla,Mumbai,Apartment,2,2,0,Unfurnished,8,1,19.05987549,72.87769318,290.0,1.0,Recent,13569984.106666667,1813667.1965554263,10015196.401418032,17124771.811915305,7109575.410497272,13.365286077707395,Low Confidence,"₹10,015,196 - ₹17,124,772"
42000000,1367,30724.213606437454,Mulund,Mumbai,Apartment,3,3,0,Unfurnished,0,1,19.18400764,72.94153595,455.6666666666667,1.0,New,34784700.0,6424236.095443566,22193197.25293061,47376202.74706939,25183005.494138777,18.468568351728106,Low Confidence,"₹22,193,197 - ₹47,376,203"
25200000,840,30000.0,Malad,Western Mumbai,Apartment,2,2,0,Furnished,0,1,19.189657,72.810173,420.0,1.0,New,24745273.40222222,4938928.947164948,15064972.665778922,34425574.13866552,19360601.4728866,19.959080131728967,Low Confidence,"₹15,064,973 - ₹34,425,574"
9756692,713,13684.0,Thane,Mumbai,Apartment,2,2,0,Unfurnished,4,1,19.22584152,72.99420166,356.5,1.0,New,10590387.802222224,1308587.2495339164,8025556.793135747,13155218.8113087,5129662.018172953,12.356367622905463,Low Confidence,"₹8,025,557 - ₹13,155,219"
22000000,1115,19730.941704035875,Panvel,Mumbai,Apartment,3,3,0,Unfurnished,1,1,18.96840477,73.13047791,371.6666666666667,1.0,New,21951207.78888889,3303501.0502405996,15476345.730417315,28426069.847360466,12949724.11694315,15.049290599457324,Low Confidence,"₹15,476,346 - ₹28,426,070"
18575560,590,31484.0,Ghatkopar,Mumbai,Apartment,2,2,0,Unfurnished,2,1,19.07556915,72.90781403,295.0,1.0,New,16445354.70288889,2767515.8486593864,11021023.639516491,21869685.766261287,10848662.126744796,16.82855674844902,Low Confidence,"₹11,021,024 - ₹21,869,686"
17500000,1755,9971.509971509971,Kharghar,Mumbai,Apartment,3,3,0,Unfurnished,0,1,19.08489609,73.03884125,585.0,1.0,New,19827371.766666666,2689874.606877499,14555217.537186768,25099525.996146563,10544308.458959796,13.566470828976213,Low Confidence,"₹14,555,218 - ₹25,099,526"
33000000,1333,24756.18904726181,Seawoods,Mumbai,Apartment,2,2,0,Unfurnished,18,1,19.00540161,73.01470184,666.5,1.0,Moderate,28294666.666666668,3855049.752284994,20738769.15218808,35850564.18114526,15111795.028957177,13.624651591412965,Low Confidence,"₹20,738,769 - ₹35,850,564"
8100000,602,13455.14950166113,Kandivali,Mumbai,Apartment,1,2,0,Unfurnished,0,1,19.19762039,72.86441803,602.0,2.0,New,8193000.0,175026.66463523018,7849947.737314949,8536052.262685051,686104.5253701024,2.1362951865645083,High Confidence,"₹7,849,948 - ₹8,536,052"
2400000,595,4033.613445378152,Nala Sopara,Mumbai,Apartment,1,2,0,Semi-Furnished,6,1,19.43284035,72.81266022,595.0,2.0,Recent,2463244.4444444445,202179.58524875375,2066972.4573568872,2859516.431532002,792543.9741751149,8.20785714973379,Medium Confidence,"₹2,066,972 - ₹2,859,516"
6100000,695,8776.978417266188,Thane,Mumbai,Apartment,1,2,0,Semi-Furnished,14,1,19.26838875,72.96929169,695.0,2.0,Moderate,6026155.24,737260.6349974453,4581124.3954050075,7471186.084594993,2890061.6891899854,12.234345210752409,Low Confidence,"₹4,581,124 - ₹7,471,186"
13500000,500,27000.0,Bandra,Mumbai,Apartment,1,2,0,Semi-Furnished,0,1,19.05812073,72.84552765,500.0,2.0,New,12493360.058412699,5366168.115875787,1975670.551296156,23011049.565529242,21035379.014233086,42.95216091416777,Low Confidence,"₹1,975,671 - ₹23,011,050"
17499999,1015,17241.378325123154,Thane,Mumbai,Apartment,2,2,0,Unfurnished,3,1,19.22201729,72.98898315,507.5,1.0,New,16887308.733333334,1001004.7445724902,14925339.433971254,18849278.032695416,3923938.598724162,5.927556370167131,Medium Confidence,"₹14,925,339 - ₹18,849,278"
22200000,1930,11502.590673575129,Nerul,Mumbai,Apartment,3,3,0,Unfurnished,0,1,19.0361557,73.02041626,643.3333333333334,1.0,New,37337333.333333336,6295612.722805908,24997932.39663376,49676734.27003291,24678801.873399153,16.86144178161065,Low Confidence,"₹24,997,932 - ₹49,676,734"
15000000,1030,14563.106796116504,Kanjurmarg,Mumbai,Apartment,2,2,2,Unfurnished,1,1,19.13327599,72.93379211,515.0,1.0,New,15430236.666666666,2109988.5544292,11294659.099985434,19565814.233347896,8271155.133362463,13.674375837587283,Low Confidence,"₹11,294,659 - ₹19,565,814"
7189000,790,9100.0,Bhayandar,Mumbai,Apartment,1,2,0,Unfurnished,0,1,19.30795097,72.86387634,790.0,2.0,New,6944584.766666667,848081.9966780598,5282344.05317767,8606825.480155664,3324481.426977994,12.212133988899827,Low Confidence,"₹5,282,344 - ₹8,606,825"
25000000,1471,16995.241332426922,Andheri,Mumbai,Apartment,3,3,3,Unfurnished,4,1,19.11620522,72.87271118,490.3333333333333,1.0,New,22549918.888888888,2329399.409698227,17984296.045880362,27115541.731897414,9131245.686017051,10.329968019734215,Low Confidence,"₹17,984,296 - ₹27,115,542"
21000000,1250,16800.0,Kandivali,Mumbai,Apartment,3,2,0,Unfurnished,11,1,19.19645309,72.87785339,416.6666666666667,0.6666666666666666,Moderate,21883176.793333333,4937209.697712235,12206245.785817353,31560107.80084931,19353862.015031956,22.561668007984775,Low Confidence,"₹12,206,246 - ₹31,560,108"
14700000,1700,8647.058823529413,Panvel,Mumbai,Apartment,3,3,0,Unfurnished,0,1,19.08935165,73.07458496,566.6666666666666,1.0,New,14342710.666666666,1870723.3021889906,10676092.994376244,18009328.338957086,7333235.344580842,13.043024750800178,Low Confidence,"₹10,676,093 - ₹18,009,328"
22000000,1250,17600.0,Andheri,Mumbai,Apartment,2,2,0,Unfurnished,8,1,19.13805008,72.82532501,625.0,1.0,Recent,28112000.0,5935070.0080117,16479262.78429707,39744737.21570293,23265474.431405857,21.11222968131652,Low Confidence,"₹16,479,263 - ₹39,744,737"
11466000,468,24500.0,Kurla,Mumbai,Apartment,1,1,0,Unfurnished,0,1,19.07312965,72.88269043,468.0,1.0,New,11332845.86,411518.9493528745,10526268.719268365,12139423.000731634,1613154.2814632691,3.6312057398164814,High Confidence,"₹10,526,269 - ₹12,139,423"
19000000,970,19587.628865979383,Andheri,Mumbai,Apartment,2,2,0,Unfurnished,8,1,19.13508415,72.81461334,485.0,1.0,Recent,28275627.98222222,5184400.456808627,18114203.086877316,38437052.87756713,20322849.79068981,18.33522657770226,Low Confidence,"₹18,114,203 - ₹38,437,053"
17500000,1136,15404.929577464787,Borivali,Mumbai,Apartment,3,3,3,Unfurnished,4,1,19.23156929,72.86038971,378.6666666666667,1.0,New,18923893.333333332,2586027.1902325805,13855280.040477473,23992506.62618919,10137226.585711718,13.665407771441224,Low Confidence,"₹13,855,280 - ₹23,992,507"
28000350,1050,26667.0,Mulund,Mumbai,Apartment,3,3,0,Unfurnished,0,1,19.18447304,72.94075775,350.0,1.0,New,26823553.06,3204287.054536617,20543150.43310823,33103955.686891768,12560805.253783539,11.945796469875333,Low Confidence,"₹20,543,150 - ₹33,103,956"
3975000,630,6309.523809523809,Naigaon,Mumbai,Apartment,2,1,1,Semi-Furnished,0,1,19.3585453,72.85873413,315.0,0.5,New,5310214.54,1210779.6051573628,2937086.513891569,7683342.566108432,4746256.052216863,22.80095457607185,Low Confidence,"₹2,937,087 - ₹7,683,343"
8300000,500,16600.0,Kurla,Mumbai,Apartment,1,2,0,Semi-Furnished,0,1,19.07091141,72.88653564,500.0,2.0,New,9617412.733333332,1023490.7628150936,7611370.838215749,11623454.628450915,4012083.7902351664,10.642059264730738,Low Confidence,"₹7,611,371 - ₹11,623,455"
57500000,1650,34848.48484848485,Bandra,Mumbai,Apartment,3,3,0,Unfurnished,0,1,19.05635643,72.8288269,550.0,1.0,New,81282775.32266666,20868613.820040453,40380292.23538737,122185258.40994595,81804966.17455858,25.674091143171136,Low Confidence,"₹40,380,292 - ₹122,185,258"
22500000,1342,16766.02086438152,Ville Parle,Mumbai,Apartment,3,3,3,Unfurnished,4,1,19.09562492,72.84861755,447.3333333333333,1.0,New,27288095.238095235,2802423.432942579,21795345.30952778,32780845.16666269,10985499.857134908,10.269765656015037,Low Confidence,"₹21,795,345 - ₹32,780,845"
22500000,1448,15538.674033149173,Girgaon,Mumbai,Apartment,2,2,2,Unfurnished,4,1,18.95637512,72.82746887,724.0,1.0,New,34274371.271111116,21845464.301711395,0.0,77091481.30246544,77091481.30246544,63.73702417153984,Low Confidence,"₹0 - ₹77,091,481"
11500000,1650,6969.69696969697,Bhiwandi,Mumbai,Apartment,3,3,0,Semi-Furnished,0,1,19.23047447,73.05173492,550.0,1.0,New,13224152.98,5962777.879214959,1537108.3367386814,24911197.623261318,23374089.286522634,45.09005520605343,Low Confidence,"₹1,537,108 - ₹24,911,198"
8925100,599,14900.0,Mira Road,Mumbai,Apartment,2,2,0,Unfurnished,0,1,19.29221153,72.8674469,299.5,1.0,New,9321241.073333334,632801.0284755164,8080951.057521322,10561531.089145346,2480580.031624024,6.7888065923524366,Medium Confidence,"₹8,080,951 - ₹10,561,531"
4452756,537,8291.910614525139,Kalyan,Mumbai,Apartment,2,2,0,Unfurnished,0,1,19.26749039,73.0853653,268.5,1.0,New,5254870.26,503268.97281303414,4268463.073286453,6241277.446713546,1972814.373427093,9.577191213338047,Medium Confidence,"₹4,268,463 - ₹6,241,277"
3700000,614,6026.058631921824,Taloja,Mumbai,Apartment,1,1,1,Semi-Furnished,0,1,19.0740509,73.11254883,614.0,1.0,New,3762086.0919999997,690545.2199314261,2408617.4609344043,5115554.723065595,2706937.262131191,18.355380579935602,Low Confidence,"₹2,408,617 - ₹5,115,555"
6900000,750,9200.0,Mira Road,Mumbai,Apartment,1,2,0,Semi-Furnished,0,1,19.2826767,72.87365723,750.0,2.0,New,6785788.244444444,620791.3305002762,5569037.236663902,8002539.2522249855,2433502.0155610833,9.148404107783954,Medium Confidence,"₹5,569,037 - ₹8,002,539"
12500000,910,13736.263736263736,Ghansoli,Mumbai,Apartment,2,2,0,Semi-Furnished,4,1,19.11908722,73.0067215,455.0,1.0,New,14259832.0,3231569.9974742928,7925954.804950386,20593709.195049614,12667754.390099227,22.662048174721082,Low Confidence,"₹7,925,955 - ₹20,593,709"
70617820,1441,49006.12074947953,Bandra,Mumbai,Apartment,3,3,0,Unfurnished,2,1,19.0533371,72.84757233,480.3333333333333,1.0,New,70402023.0768889,793609.5031320407,68846548.4507501,71957497.70302771,3110949.2522776127,1.127253832273126,High Confidence,"₹68,846,548 - ₹71,957,498"
4200000,650,6461.538461538462,Kharghar,Mumbai,Apartment,1,2,0,Semi-Furnished,0,1,19.06352615,73.05749512,650.0,2.0,New,5100560.888888888,1197850.7655070713,2752773.3884950285,7448348.389282748,4695575.00078772,23.48468710797044,Low Confidence,"₹2,752,773 - ₹7,448,348"
7725698,360,21460.272222222226,Thane,Mumbai,Apartment,1,1,0,Unfurnished,2,1,19.22190094,72.98513794,360.0,1.0,New,6206042.685555556,1458135.1247652648,3348097.841015637,9063987.530095475,5715889.689079838,23.495409210752708,Low Confidence,"₹3,348,098 - ₹9,063,988"
11782710,445,26478.0,Malad,Mumbai,Apartment,1,1,0,Unfurnished,0,1,19.20178032,72.82021332,445.0,1.0,New,11369428.15,1236877.3077262198,8945148.62685661,13793707.67314339,4848559.04628678,10.878975542197518,Low Confidence,"₹8,945,149 - ₹13,793,708"
15700000,1220,12868.852459016394,Thane,Mumbai,Apartment,2,2,0,Unfurnished,6,1,19.23555183,72.97542572,610.0,1.0,Recent,15649742.666666666,4087363.2576735285,7638510.68162655,23660974.65170678,16022463.97008023,26.117766564810363,Low Confidence,"₹7,638,511 - ₹23,660,975"
25000000,762,32808.39895013123,Kandivali,Mumbai,Apartment,2,2,0,Unfurnished,0,1,19.20077324,72.87548828,381.0,1.0,New,22026600.363555558,1181611.267824153,19710642.278620217,24342558.4484909,4631916.169870682,5.364474082796752,Medium Confidence,"₹19,710,642 - ₹24,342,558"
5350000,700,7642.857142857143,Dombivali,Mumbai,Apartment,1,1,0,Unfurnished,8,1,19.22140694,73.10630798,700.0,1.0,Recent,4679542.013333334,561282.8348657145,3579427.6569965333,5779656.369670134,2200228.7126736008,11.994396743665547,Low Confidence,"₹3,579,428 - ₹5,779,656"
12500000,700,17857.14285714286,Kandivali,Mumbai,Apartment,2,2,0,Furnished,2,1,19.20780563,72.82957458,350.0,1.0,New,14255457.69111111,2790243.906067806,8786579.63521821,19724335.74700401,10937756.1117858,19.573162549580168,Low Confidence,"₹8,786,580 - ₹19,724,336"
8000000,340,23529.41176470588,Lower Parel,Mumbai,Apartment,1,1,0,Semi-Furnished,0,1,19.00025749,72.82381439,340.0,1.0,New,8406885.477777777,2762300.407787274,2992776.67851472,13820994.277040835,10828217.598526116,32.85759530195769,Low Confidence,"₹2,992,777 - ₹13,820,994"
57500000,1650,34848.48484848485,Malad,Mumbai,Apartment,3,3,0,Unfurnished,5,1,19.19082832,72.84139252,550.0,1.0,New,35865982.77333333,6608315.72016529,22913683.961809367,48818281.5848573,25904597.623047933,18.425023404290013,Low Confidence,"₹22,913,684 - ₹48,818,282"
27300000,1085,25161.290322580644,Kanjurmarg,Mumbai,Apartment,3,2,0,Unfurnished,0,1,19.13327599,72.93379211,361.6666666666667,0.6666666666666666,New,41429506.98444445,10240807.312094303,21357524.652739614,61501489.31614928,40143964.663409665,24.718631858060544,Low Confidence,"₹21,357,525 - ₹61,501,489"
6452000,775,8325.161290322581,Mira Road,Mumbai,Apartment,1,2,0,Semi-Furnished,2,1,19.26672554,72.87163544,775.0,2.0,New,6729859.955555555,1207479.135186531,4363200.850589954,9096519.060521156,4733318.209931201,17.94211385022577,Low Confidence,"₹4,363,201 - ₹9,096,519"
11500000,500,23000.0,Goregaon,Mumbai,Apartment,1,2,0,Semi-Furnished,0,1,19.15030289,72.84731293,500.0,2.0,New,10176407.893333333,1819570.3102820555,6610050.085180504,13742765.701486161,7132715.616305657,17.880280835382734,Low Confidence,"₹6,610,050 - ₹13,742,766"
21067112,753,27977.572377158034,Mulund,Mumbai,Apartment,2,2,0,Unfurnished,0,1,19.16165924,72.94767761,376.5,1.0,New,18261269.768900435,890110.1760060218,16516653.823928632,20005885.71387224,3489231.889943607,4.874306043722709,High Confidence,"₹16,516,654 - ₹20,005,886"
24010840,414,57997.19806763285,Dadar,Mumbai,Apartment,1,1,0,Unfurnished,0,1,19.02095222,72.83334351,414.0,1.0,New,19417930.886666667,5380373.1504016565,8872399.51187942,29963462.26145391,21091062.74957449,27.70827222428777,Low Confidence,"₹8,872,400 - ₹29,963,462"
9500000,825,11515.151515151516,Kalwa,Mumbai,Apartment,2,2,0,Semi-Furnished,0,1,19.20948792,73.01093292,412.5,1.0,New,9765855.906666666,1711999.5675104498,6410336.754346184,13121375.058987148,6711038.304640964,17.53046106631322,Low Confidence,"₹6,410,337 - ₹13,121,375"
10900000,496,21975.8064516129,Malad,Mumbai,Apartment,1,1,0,Semi-Furnished,0,1,19.17570877,72.86238098,496.0,1.0,New,9978153.16,1961484.2899588628,6133643.951680629,13822662.368319372,7689018.416638743,19.657788956597482,Low Confidence,"₹6,133,644 - ₹13,822,662"
16000000,777,20592.02059202059,Thane,Mumbai,Apartment,2,2,0,Semi-Furnished,0,1,19.2308712,72.98613739,388.5,1.0,New,14215396.11,2337381.6982369972,9634127.981455486,18796664.238544513,9162536.257089026,16.442606876024627,Low Confidence,"₹9,634,128 - ₹18,796,664"
2800000,605,4628.099173553719,Dombivali,Mumbai,Apartment,1,1,0,Semi-Furnished,0,1,19.20237541,73.12995148,605.0,1.0,New,3647507.3866666667,727278.7709712762,2222040.995562965,5072973.777770368,2850932.7822074033,19.939062320471724,Low Confidence,"₹2,222,041 - ₹5,072,974"
15110850,1008,14990.922619047618,Thane,Mumbai,Apartment,2,2,0,Semi-Furnished,0,1,19.21408844,72.9782486,504.0,1.0,New,15133759.4,1493258.2158806229,12206973.29687398,18060545.50312602,5853572.206252042,9.867067239622052,Medium Confidence,"₹12,206,973 - ₹18,060,546"
12476806,424,29426.42924528302,Jogeshwari,Western Mumbai,Apartment,1,1,0,Furnished,0,1,19.147133132907,72.842808524481,424.0,1.0,New,11110378.336666666,2203072.022319817,6792357.172919825,15428399.500413507,8636042.327493683,19.828955914572234,Low Confidence,"₹6,792,357 - ₹15,428,400"
12000000,650,18461.53846153846,Ghansoli,Mumbai,Apartment,1,1,0,Unfurnished,0,1,19.11484909,73.00028992,650.0,1.0,New,9007750.0,1020140.5846744849,7008274.454038009,11007225.545961991,3998951.091923982,11.325143178645998,Low Confidence,"₹7,008,274 - ₹11,007,226"
10845696,614,17664.0,Thane,Mumbai,Apartment,2,2,0,Unfurnished,0,1,19.24428368,72.98049927,307.0,1.0,New,11420547.66888889,1170069.9243805138,9127210.617103081,13713884.720674697,4586674.103571616,10.245304851429692,Low Confidence,"₹9,127,211 - ₹13,713,885"
3699999,353,10481.583569405098,Dombivali,Mumbai,Apartment,1,1,0,Unfurnished,1,1,19.20687675,73.10365295,353.0,1.0,New,3489761.06,226763.6617089321,3045304.2830504933,3934217.836949507,888913.5538990134,6.497971001743371,Medium Confidence,"₹3,045,304 - ₹3,934,218"
7100000,500,14200.0,Bhandup,Mumbai,Apartment,1,2,0,Unfurnished,0,1,19.1570015,72.93418884,500.0,2.0,New,7162876.66,763427.2602507178,5666559.229908593,8659194.090091407,2992634.8601828143,10.65810981381212,Low Confidence,"₹5,666,559 - ₹8,659,194"
18500000,950,19473.68421052632,Santacruz,Mumbai,Apartment,2,2,0,Furnished,0,1,19.07924843,72.853508,475.0,1.0,New,21121764.444444444,2431030.4538356857,16356944.754926499,25886584.13396239,9529639.37903589,11.509599305635227,Low Confidence,"₹16,356,945 - ₹25,886,584"
5200000,750,6933.333333333333,Mira Road,Mumbai,Apartment,1,1,0,Unfurnished,0,1,19.28087616,72.87459564,750.0,1.0,New,7671633.583333333,579834.8440794342,6535157.288937642,8808109.877729025,2272952.5887913825,7.558166559715894,Medium Confidence,"₹6,535,157 - ₹8,808,110"
6333600,600,10556.0,Dombivali,Mumbai,Apartment,2,2,0,Unfurnished,2,1,19.20772552,73.11164093,300.0,1.0,New,5869523.558,928805.0061713321,4049065.7459041895,7689981.370095811,3640915.6241916213,15.824197602979142,Low Confidence,"₹4,049,066 - ₹7,689,981"
6725000,540,12453.703703703704,Goregaon,Mumbai,Apartment,1,1,1,Semi-Furnished,8,1,19.16541481,72.86873627,540.0,1.0,Recent,9219195.586666666,3053352.33823819,3234625.003719814,15203766.169613518,11969141.165893704,33.11950928402175,Low Confidence,"₹3,234,625 - ₹15,203,766"
1841000,263,7000.0,Nala Sopara,Mumbai,Apartment,1,1,0,Unfurnished,3,1,19.4240799,72.81516266,263.0,1.0,New,1965244.24,402081.66521905526,1177164.1761706518,2753324.303829348,1576160.1276586964,20.459628225093045,Low Confidence,"₹1,177,164 - ₹2,753,324"
14900000,611,24386.252045826517,Borivali,Mumbai,Apartment,2,2,0,Unfurnished,0,1,19.22979927,72.86090088,305.5,1.0,New,15247035.016666668,1568504.1799494887,12172766.823965669,18321303.209367666,6148536.385401998,10.287273415683398,Low Confidence,"₹12,172,767 - ₹18,321,303"
40000000,1259,31771.247021445597,Parel,Mumbai,Apartment,2,3,0,Semi-Furnished,8,1,18.99543762,72.83625031,629.5,1.5,Recent,38337697.51111111,10063222.94770981,18613780.533599883,58061614.48862234,39447833.955022454,26.24889756301423,Low Confidence,"₹18,613,781 - ₹58,061,614"
37200000,1180,31525.42372881356,Andheri,Mumbai,Apartment,3,3,0,Unfurnished,4,1,19.14926529,72.8275528,393.3333333333333,1.0,New,40860687.17333333,12010674.773946078,17319764.61639902,64401609.730267644,47081845.113868624,29.394206521775125,Low Confidence,"₹17,319,765 - ₹64,401,610"
14957052,718,20831.548746518107,Vikhroli,Mumbai,Apartment,3,3,0,Unfurnished,0,1,19.11116409,72.9324646,239.33333333333334,1.0,New,13298321.82,943868.4772308839,11448339.604627468,15148304.035372533,3699964.430745065,7.097651042038655,Medium Confidence,"₹11,448,340 - ₹15,148,304"
14000000,1065,13145.539906103286,Thane,Mumbai,Apartment,2,2,0,Semi-Furnished,10,1,19.25533676,72.98323822,532.5,1.0,Recent,16090311.333333334,3868856.0844696984,8507353.407772725,23673269.258893944,15165915.851121219,24.044631606691294,Low Confidence,"₹8,507,353 - ₹23,673,269"
3000000,820,3658.5365853658536,Karjat,Mumbai,Apartment,2,2,2,Unfurnished,2,1,18.91069984,73.33616638,410.0,1.0,New,3325823.1933333334,774723.331503221,1807365.4635870203,4844280.923079646,3036915.4594926257,23.29418271711396,Low Confidence,"₹1,807,365 - ₹4,844,281"
13000000,1087,11959.521619135234,Kharghar,Mumbai,Apartment,2,2,0,Furnished,13,1,19.0688343,73.06955719,543.5,1.0,Moderate,11974777.777777776,1432359.7942719955,9167352.581004664,14782202.974550888,5614850.393546224,11.961472862820893,Low Confidence,"₹9,167,353 - ₹14,782,203"
12300000,620,19838.70967741936,Dahisar,Mumbai,Apartment,2,2,0,Furnished,0,1,19.24602127,72.86626434,310.0,1.0,New,13677152.327619048,2896368.9548311853,8000269.176149925,19354035.479088172,11353766.302938247,21.176695889994466,Low Confidence,"₹8,000,269 - ₹19,354,035"
3000000,444,6756.756756756757,Badlapur,Mumbai,Apartment,1,1,0,Unfurnished,2,1,19.15979195,73.26541901,444.0,1.0,New,1717561.6866666668,369619.4026184257,993107.6575345524,2442015.7157987813,1448908.058264229,21.520007431917005,Low Confidence,"₹993,108 - ₹2,442,016"
5500000,700,7857.142857142857,Kharghar,Mumbai,Apartment,1,2,0,Unfurnished,0,1,19.07197571,73.07885742,700.0,2.0,New,5562573.333333333,628694.863418566,4330331.401032943,6794815.265633723,2464483.8646007795,11.302230563885887,Low Confidence,"₹4,330,331 - ₹6,794,815"
11600000,1650,7030.30303030303,Kalamboli,Mumbai,Apartment,3,3,0,Unfurnished,12,1,19.03846169,73.09914398,550.0,1.0,Moderate,12996129.333333334,2179941.053155065,8723444.869149406,17268813.797517262,8545368.928367857,16.77377161493621,Low Confidence,"₹8,723,445 - ₹17,268,814"
3500000,545,6422.018348623853,Dombivali,Mumbai,Apartment,1,1,0,Semi-Furnished,0,1,19.18514442,73.08755493,545.0,1.0,New,3956520.2622222225,392684.5858945441,3186858.4738689163,4726182.050575529,1539323.576706613,9.924998732951984,Medium Confidence,"₹3,186,858 - ₹4,726,182"
138812528,1948,71258.99794661191,Lower Parel,Mumbai,Apartment,4,4,0,Unfurnished,6,1,19.00232315,72.82753754,487.0,1.0,Recent,124960215.62,24017890.18429918,77885150.85877362,172035280.3812264,94150129.52245277,19.22042953041695,Low Confidence,"₹77,885,151 - ₹172,035,280"
8450898,978,8641.0,Shil Phata,Mumbai,Apartment,2,2,0,Unfurnished,6,1,19.15374947,73.03646088,489.0,1.0,Recent,7124430.546666667,1183988.3174485103,4803813.444467586,9445047.648865748,4641234.204398162,16.618708115590618,Low Confidence,"₹4,803,813 - ₹9,445,048"
7875000,769,10240.572171651496,Mira Road,Mumbai,Apartment,1,2,0,Unfurnished,5,1,19.288414,72.8690033,769.0,2.0,New,6650213.333333333,381824.5751941881,5901837.165952724,7398589.500713942,1496752.3347612172,5.741538745536807,Medium Confidence,"₹5,901,837 - ₹7,398,590"
12500000,850,14705.882352941177,Santacruz,Mumbai,Apartment,1,2,0,Unfurnished,0,1,19.07924843,72.853508,850.0,2.0,New,14833570.753333334,3715157.0846680347,7551862.867383986,22115278.63928268,14563415.771898694,25.045601942021822,Low Confidence,"₹7,551,863 - ₹22,115,279"
15200000,980,15510.204081632652,Chembur,Mumbai,Apartment,2,2,0,Semi-Furnished,3,1,19.04461479,72.893013,490.0,1.0,New,21008000.0,5081240.268543367,11048769.073655,30967230.926345,19918461.852689996,24.18716807189341,Low Confidence,"₹11,048,769 - ₹30,967,231"
35000000,1250,28000.0,Goregaon,Mumbai,Apartment,3,3,0,Furnished,5,1,19.15450859,72.84287262,416.6666666666667,1.0,New,35363000.94222223,5751195.504438726,24090657.75352233,46635344.13092213,22544686.377399802,16.263312929339076,Low Confidence,"₹24,090,658 - ₹46,635,344"
9500100,815,11656.564417177917,Mira Road,Mumbai,Apartment,2,2,0,Unfurnished,0,1,19.28843307,72.86903381,407.5,1.0,New,9535051.193333333,316493.55812732154,8914723.819403782,10155378.567262884,1240654.7478591017,3.3192643826454313,High Confidence,"₹8,914,724 - ₹10,155,379"
14900000,750,19866.666666666668,Kurla,Mumbai,Apartment,2,2,0,Furnished,0,1,19.06423187,72.8844986,375.0,1.0,New,14518781.173333334,1537856.6824551127,11504582.075721312,17532980.270945355,6028398.195224043,10.592188587287866,Low Confidence,"₹11,504,582 - ₹17,532,980"
15500000,1650,9393.939393939394,Kharghar,Mumbai,Apartment,3,3,0,Unfurnished,0,1,19.07191467,73.07883453,550.0,1.0,New,12719266.333333334,2253160.2968756026,8303072.151457153,17135460.515209515,8832388.363752361,17.71454608958658,Low Confidence,"₹8,303,072 - ₹17,135,461"
16500000,990,16666.666666666668,Thane,Mumbai,Apartment,2,2,0,Furnished,0,1,19.18860817,72.97050476,495.0,1.0,New,17756000.0,3347904.419185231,11194107.338396948,24317892.661603052,13123785.323206104,18.855059806179494,Low Confidence,"₹11,194,107 - ₹24,317,893"
6900000,1010,6831.683168316832,Naigaon,Mumbai,Apartment,3,3,0,Semi-Furnished,0,1,19.3585453,72.85873413,336.6666666666667,1.0,New,7304261.933333334,520331.53128640505,6284412.13201198,8324111.734654687,2039699.6026427075,7.1236702083731185,Medium Confidence,"₹6,284,412 - ₹8,324,112"
15000000,850,17647.058823529413,Thane,Mumbai,Apartment,2,2,0,Unfurnished,0,1,19.21039772,72.97322083,425.0,1.0,New,15269845.266666668,1613349.534586848,12107680.178876445,18432010.35445689,6324330.175580446,10.565591899668505,Low Confidence,"₹12,107,680 - ₹18,432,010"
3600000,342,10526.315789473683,Dombivali,Mumbai,Apartment,1,1,0,Unfurnished,4,1,19.16151619,73.07010651,342.0,1.0,New,3752148.6711111115,942778.4037832393,1904302.9996959625,5599994.342526261,3695691.3428302985,25.126360558204038,Low Confidence,"₹1,904,303 - ₹5,599,994"
35500000,2125,16705.882352941175,Thane,Mumbai,Apartment,3,3,1,Semi-Furnished,4,1,19.24372673,72.97743225,708.3333333333334,1.0,New,38602222.22222222,4443861.211731955,29892254.247227583,47312190.19721685,17419935.94998927,11.511931064874679,Low Confidence,"₹29,892,254 - ₹47,312,190"
11000000,650,16923.076923076922,Vikroli,Mumbai,Apartment,2,2,0,Semi-Furnished,0,1,19.087677,72.93981171,325.0,1.0,New,12007661.333333334,1511917.8238597778,9044302.39856817,14971020.268098498,5926717.869530328,12.591276368385621,Low Confidence,"₹9,044,302 - ₹14,971,020"
15134000,658,23000.0,Ghatkopar,Mumbai,Apartment,2,2,0,Unfurnished,0,1,19.08057785,72.90719604,329.0,1.0,New,17351069.94,1498526.4803505093,14413958.038513003,20288181.841486998,5874223.802973995,8.636507636315303,Medium Confidence,"₹14,413,958 - ₹20,288,182"
42700000,1103,38712.60199456029,Worli,Mumbai,Apartment,2,2,0,Unfurnished,0,1,19.00548935,72.8207016,551.5,1.0,New,60068936.233333334,20597185.40482767,19698452.8398711,100439419.62679556,80740966.78692445,34.28924615015559,Low Confidence,"₹19,698,453 - ₹100,439,420"
6100000,380,16052.631578947368,Chedda Nagar,Mumbai,Apartment,1,2,0,Furnished,0,1,19.06284714,72.90239716,380.0,2.0,New,9554745.56,3337519.4820735212,3013207.3751358986,16096283.744864102,13083076.369728204,34.93049041562883,Low Confidence,"₹3,013,207 - ₹16,096,284"
8050000,900,8944.444444444445,Goregaon,Mumbai,Apartment,2,2,0,Semi-Furnished,0,1,19.16102791,72.84053802,450.0,1.0,New,18225194.444444444,1205273.552846556,15862858.280865194,20587530.608023696,4724672.327158501,6.613227400786155,Medium Confidence,"₹15,862,858 - ₹20,587,531"
14428454,555,25997.21441441441,Chembur,Mumbai,Apartment,2,2,0,Unfurnished,0,1,19.05230522,72.8873291,277.5,1.0,New,14447282.928341268,68231.17051183438,14313549.834138073,14581016.022544462,267466.1884063892,0.47227683468415466,High Confidence,"₹14,313,550 - ₹14,581,016"
31417000,1075,29225.116279069767,Wadala,Mumbai,Apartment,3,3,0,Semi-Furnished,0,1,19.01931763,72.85667419,358.3333333333333,1.0,New,48702727.913333334,8689687.835937425,31670939.75489598,65734516.07177068,34063576.3168747,17.842302080903462,Low Confidence,"₹31,670,940 - ₹65,734,516"
50000000,1716,29137.529137529134,Agripada,Mumbai,Apartment,3,3,0,Furnished,3,1,18.97725677,72.8278656,572.0,1.0,New,87498796.91333333,30698308.97519468,27330111.321951754,147667482.5047149,120337371.18276316,35.08426407919762,Low Confidence,"₹27,330,111 - ₹147,667,483"
8200000,410,20000.0,Ghatkopar,Mumbai,Apartment,1,1,0,Unfurnished,0,1,19.07859993,72.91010284,410.0,1.0,New,9421886.773333333,1141835.9746253868,7183888.263067575,11659885.283599092,4475997.0205315165,12.11897364185179,Low Confidence,"₹7,183,888 - ₹11,659,885"
16000000,650,24615.384615384617,Andheri,Mumbai,Apartment,2,2,0,Unfurnished,0,1,19.14883804,72.82988739,325.0,1.0,New,18975199.193444446,3058093.3475200976,12981336.232305054,24969062.154583838,11987725.922278784,16.116264795663426,Low Confidence,"₹12,981,336 - ₹24,969,062"
25500000,950,26842.105263157893,Andheri,Mumbai,Apartment,2,2,0,Unfurnished,0,1,19.13632584,72.82765961,475.0,1.0,New,30019700.94,3143473.1024858053,23858493.659127824,36180908.22087218,12322414.561744355,10.471367149088612,Low Confidence,"₹23,858,494 - ₹36,180,908"
5344000,500,10688.0,Thane,Mumbai,Apartment,1,1,0,Semi-Furnished,11,1,19.26239014,72.97595215,500.0,1.0,Moderate,5726310.793650793,893125.3371488306,3975785.1328390846,7476836.454462501,3501051.3216234166,15.596871516982771,Low Confidence,"₹3,975,785 - ₹7,476,836"
18218900,1531,11900.0,Kanjurmarg,Mumbai,Apartment,3,3,0,Unfurnished,2,1,19.13013268,72.93141937,510.3333333333333,1.0,New,18155914.666666668,5063125.7328437865,8232188.230292847,28079641.103040487,19847452.872747637,27.886921842276703,Low Confidence,"₹8,232,188 - ₹28,079,641"
7500000,680,11029.411764705885,Kalwa,Mumbai,Apartment,1,2,0,Semi-Furnished,0,1,19.20948792,73.01093292,680.0,2.0,New,7732200.0,491449.38023496716,6768959.214739464,8695440.785260536,1926481.5705210716,6.355880347572064,Medium Confidence,"₹6,768,959 - ₹8,695,441"
2600000,638,4075.235109717869,Ambernath,Mumbai,Apartment,1,2,0,Unfurnished,8,1,19.19493866,73.20220947,638.0,2.0,Recent,2476355.5555555555,91688.5603484177,2296645.9772726567,2656065.1338384543,359419.1565657975,3.7025604074794467,High Confidence,"₹2,296,646 - ₹2,656,065"
42200000,1950,21641.02564102564,Ville Parle,Mumbai,Apartment,2,2,1,Unfurnished,3,1,19.10910606,72.85037231,975.0,1.0,New,34095788.471746035,21651560.89220883,0.0,76532847.82047534,76532847.82047534,63.50215631514345,Low Confidence,"₹0 - ₹76,532,848"
19386280,1130,17156.0,Thane,Mumbai,Apartment,3,3,0,Unfurnished,0,1,19.23300362,72.98233795,376.6666666666667,1.0,New,19689367.670793653,2817181.6165742897,14167691.702308044,25211043.63927926,11043351.936971217,14.308136572375425,Low Confidence,"₹14,167,692 - ₹25,211,044"
12500000,1295,9652.509652509652,Kharghar,Mumbai,Apartment,2,2,0,Semi-Furnished,9,1,19.05028915,73.07730865,647.5,1.0,Recent,13318433.4,1372592.9296159789,10628151.257952683,16008715.542047318,5380564.284094635,10.305963835175831,Low Confidence,"₹10,628,151 - ₹16,008,716"
3750000,742,5053.908355795148,Badlapur,Mumbai,Apartment,1,1,0,Unfurnished,0,1,19.16975784,73.22491455,742.0,1.0,New,3233866.6666666665,402528.73465408944,2444910.346744651,4022822.986588682,1577912.639844031,12.447289147792821,Low Confidence,"₹2,444,910 - ₹4,022,823"
11199000,1815,6170.247933884298,Dombivali,Mumbai,Apartment,3,2,0,Semi-Furnished,0,1,19.20441818,73.11456299,605.0,0.6666666666666666,New,12133686.666666666,2289661.0233443337,7645951.060911772,16621422.272421561,8975471.21150979,18.87028309074791,Low Confidence,"₹7,645,951 - ₹16,621,422"
40000000,1913,20909.56612650288,Mulund,Mumbai,Apartment,3,3,0,Unfurnished,1,1,19.18400764,72.94153595,637.6666666666666,1.0,New,39693582.21333333,8358624.441915824,23310678.30717832,56076486.11948834,32765807.812310025,21.057873781691864,Low Confidence,"₹23,310,678 - ₹56,076,486"
16300000,1010,16138.61386138614,Kandivali,Mumbai,Apartment,2,2,0,Unfurnished,0,1,19.20456123,72.86461639,505.0,1.0,New,14898484.144444447,2299115.673153329,10392217.425063923,19404750.86382497,9012533.438761048,15.43187649738618,Low Confidence,"₹10,392,217 - ₹19,404,751"
6355000,730,8705.479452054795,Mira Road,Mumbai,Apartment,1,2,0,Unfurnished,0,1,19.30006218,72.87333679,730.0,2.0,New,6492616.8,305035.60176110605,5894747.020548232,7090486.579451768,1195739.5589035358,4.69819197955909,High Confidence,"₹5,894,747 - ₹7,090,487"
6999999,1500,4666.666,Karjat,Mumbai,Villa,3,3,0,Semi-Furnished,0,1,18.90983391,73.34146118,500.0,1.0,New,10854409.924444443,2642782.770465902,5674555.694331274,16034264.154557612,10359708.460226338,24.34754895809011,Low Confidence,"₹5,674,556 - ₹16,034,264"
10682500,694,15392.65129682997,Kharghar,Mumbai,Apartment,2,2,0,Unfurnished,0,1,19.08206749,73.0824585,347.0,1.0,New,21563006.751666665,2472190.250586289,16717513.86051754,26408499.64281579,9690985.782298252,11.464960703567959,Low Confidence,"₹16,717,514 - ₹26,408,500"
8500000,950,8947.368421052632,Vasai,Mumbai,Apartment,2,1,0,Semi-Furnished,0,1,19.39286804,72.86553955,475.0,0.5,New,5989128.0,691550.9187442382,4633688.199261293,7344567.800738707,2710879.6014774144,11.54677139550596,Low Confidence,"₹4,633,688 - ₹7,344,568"
13000000,1350,9629.62962962963,Kharghar,Mumbai,Apartment,2,2,0,Semi-Furnished,0,1,19.06352615,73.05749512,675.0,1.0,New,15285592.586666666,3722826.3251125976,7988852.989445975,22582332.183887355,14593479.19444138,24.355132481811328,Low Confidence,"₹7,988,853 - ₹22,582,332"
3000000,857,3500.583430571762,Ambernath,Mumbai,Apartment,1,2,1,Unfurnished,3,1,19.22557068,73.19488525,857.0,2.0,New,3872148.888888889,1074617.521992285,1765898.5457840106,5978399.231993767,4212500.686209757,27.752484546136497,Low Confidence,"₹1,765,899 - ₹5,978,399"
14400000,1190,12100.840336134454,Airoli,Mumbai,Apartment,2,2,0,Semi-Furnished,0,1,19.14831734,73.00048828,595.0,1.0,New,15296400.79777778,2017080.5849501803,11342922.851275425,19249878.744280133,7906955.893004708,13.186635285100639,Low Confidence,"₹11,342,923 - ₹19,249,879"
11000000,560,19642.85714285714,Kandivali,Mumbai,Apartment,1,2,0,Furnished,0,1,19.21178627,72.86310577,560.0,2.0,New,9920774.02,1354491.8456043445,7265970.002615484,12575578.037384514,5309608.034769029,13.65308637081872,Low Confidence,"₹7,265,970 - ₹12,575,578"
37200000,969,38390.09287925697,Andheri,Mumbai,Apartment,3,3,0,Unfurnished,0,1,19.11686325,72.86997986,323.0,1.0,New,27605417.403333332,3953969.950100215,19855636.30113691,35355198.505529754,15499562.204392843,14.323166689820733,Low Confidence,"₹19,855,636 - ₹35,355,199"
7500000,820,9146.341463414634,Ghansoli,Mumbai,Apartment,2,2,0,Unfurnished,0,1,19.13397598,72.99604034,410.0,1.0,New,12147559.44222222,2825324.250759627,6609923.9107333515,17685194.97371109,11075271.062977737,23.258369421428203,Low Confidence,"₹6,609,924 - ₹17,685,195"
14325101,833,17197.0,Kalyan,Mumbai,Apartment,3,3,0,Unfurnished,0,1,19.25227737,73.13897705,277.6666666666667,1.0,New,9425236.946666667,4277588.8676923895,1041162.7659895839,17809311.12734375,16768148.361354169,45.38441730321913,Low Confidence,"₹1,041,163 - ₹17,809,311"
30000000,1275,23529.41176470588,Powai,Mumbai,Apartment,3,3,0,Unfurnished,10,1,19.11438179,72.89945221,425.0,1.0,Recent,33522232.2,7294650.905333923,19224716.42554551,47819747.97445449,28595031.548908982,21.76063593203654,Low Confidence,"₹19,224,716 - ₹47,819,748"
17000000,1285,13229.571984435795,Koper Khairane,Mumbai,Apartment,2,2,0,Unfurnished,0,1,19.09974289,73.00976562,642.5,1.0,New,15902777.77777778,727945.2987860356,14476004.99215715,17329550.56339841,2853545.5712412596,4.577472621187298,High Confidence,"₹14,476,005 - ₹17,329,551"
6900000,352,19602.272727272728,Vikhroli,Mumbai,Apartment,1,1,0,Unfurnished,0,1,19.1125145,72.9313736,352.0,1.0,New,6987949.873333333,846781.4321323555,5328258.266353916,8647641.48031275,3319383.2139588334,12.117737640960366,Low Confidence,"₹5,328,258 - ₹8,647,641"
14999474,749,20026.0,Thane,Mumbai,Apartment,2,2,0,Unfurnished,0,1,19.20920753,72.94970703,374.5,1.0,New,18554418.51333333,3482755.8440253655,11728217.059043616,25380619.967623048,13652402.908579431,18.770493085097943,Low Confidence,"₹11,728,217 - ₹25,380,620"
16400000,1050,15619.047619047618,Borivali,Mumbai,Apartment,2,2,0,Unfurnished,0,1,19.23473358,72.8479538,525.0,1.0,New,16195184.140317459,413643.2456808146,15384443.378783062,17005924.901851855,1621481.5230687931,2.5541126429742858,High Confidence,"₹15,384,443 - ₹17,005,925"
6300000,690,9130.434782608696,Mira Road,Mumbai,Apartment,1,2,0,Semi-Furnished,7,1,19.28115082,72.88085938,690.0,2.0,Recent,6627733.555555556,511652.1119970696,5624895.4160413,7630571.695069812,2005676.2790285125,7.7198654367779795,Medium Confidence,"₹5,624,895 - ₹7,630,572"
5700000,1200,4750.0,Neral,Mumbai,Independent House,3,2,0,Semi-Furnished,0,1,19.02549553,73.31641388,400.0,0.6666666666666666,New,5439618.355555556,1728267.7978109575,2052213.471846079,8827023.239265032,6774809.767418953,31.771857598168708,Low Confidence,"₹2,052,213 - ₹8,827,023"
12900000,815,15828.220858895706,Borivali,Mumbai,Apartment,2,2,0,Unfurnished,0,1,19.22400856,72.86885071,407.5,1.0,New,13300606.0,1588884.5095949129,10186392.36119397,16414819.63880603,6228427.27761206,11.945955767691434,Low Confidence,"₹10,186,392 - ₹16,414,820"
9500000,970,9793.814432989691,Railwaycolony,Mumbai,Apartment,2,2,0,Furnished,3,1,19.22434616,73.0917511,485.0,1.0,New,6933913.553333334,1704022.0827652335,3594030.2711134763,10273796.835553192,6679766.564439716,24.57518498981085,Low Confidence,"₹3,594,030 - ₹10,273,797"
17000000,971,17507.723995880537,Ghatkopar,Mumbai,Apartment,2,2,2,Unfurnished,0,1,19.08541489,72.90936279,485.5,1.0,New,17093333.333333332,388958.72388839506,16330974.234512078,17855692.432154585,1524718.197642507,2.2754995547293007,High Confidence,"₹16,330,974 - ₹17,855,692"
4138770,411,10070.0,Panvel,Mumbai,Apartment,1,1,0,Unfurnished,0,1,18.98917961,73.11742401,411.0,1.0,New,4391915.775111111,679301.764306905,3060484.317069577,5723347.233152645,2662862.9160830677,15.46709452299821,Low Confidence,"₹3,060,484 - ₹5,723,347"
70335000,1563,45000.0,Byculla,Mumbai,Apartment,3,3,0,Unfurnished,0,1,18.9780407,72.84068298,521.0,1.0,New,65210487.46666667,9320015.587797875,46943256.91458283,83477718.0187505,36534461.10416767,14.292203524106368,Low Confidence,"₹46,943,257 - ₹83,477,718"
6695910,590,11349.0,Kharghar,Mumbai,Apartment,2,2,0,Unfurnished,0,1,19.08679008,73.07328796,295.0,1.0,New,5685830.56,500720.18697568664,4704418.993527654,6667242.126472346,1962823.132944692,8.806456360101006,Medium Confidence,"₹4,704,419 - ₹6,667,242"
9650000,620,15564.516129032258,Malad,Mumbai,Apartment,1,2,0,Unfurnished,3,1,19.20138168,72.81745911,620.0,2.0,New,10176794.444444446,2165903.726222712,5931623.14104793,14421965.747840961,8490342.606793031,21.28276971738471,Low Confidence,"₹5,931,623 - ₹14,421,966"
2250000,500,4500.0,Naigaon,Mumbai,Apartment,1,1,0,Unfurnished,11,1,19.35964966,72.86431122,500.0,1.0,Moderate,2293436.666666667,237028.2993496615,1828861.1999413304,2758012.1333920034,929150.933450673,10.335070629796977,Low Confidence,"₹1,828,861 - ₹2,758,012"
100000000,2000,50000.0,Sanpada,Mumbai,Apartment,4,4,0,Unfurnished,0,1,19.06059456,73.00195312,500.0,1.0,New,46379739.62888889,6522823.593402301,33595005.38582038,59164473.8719574,25569468.486137018,14.063950435244319,Low Confidence,"₹33,595,005 - ₹59,164,474"
8700000,1100,7909.090909090909,Kalamboli,Mumbai,Apartment,2,2,0,Unfurnished,9,1,19.03621483,73.09024048,550.0,1.0,Recent,9102833.333333334,953203.094250585,7234555.268602188,10971111.398064481,3736556.1294622933,10.471498920672152,Low Confidence,"₹7,234,555 - ₹10,971,111"
13700000,891,15375.98204264871,Ghatkopar,Mumbai,Apartment,1,1,0,Semi-Furnished,0,1,19.07962036,72.90542603,891.0,1.0,New,13433015.644444445,2456598.861572708,8618081.875761937,18247949.413126953,9629867.537365016,18.28776893138433,Low Confidence,"₹8,618,082 - ₹18,247,949"
10148710,940,10796.5,Panvel,Mumbai,Apartment,2,3,0,Semi-Furnished,0,1,18.96832085,73.12882233,470.0,1.5,New,8699072.343888888,1571452.0356549304,5619026.354005225,11779118.333772551,6160091.979767326,18.064593252392918,Low Confidence,"₹5,619,026 - ₹11,779,118"
13300000,1126,11811.722912966252,Dombivali,Mumbai,Apartment,3,3,0,Unfurnished,0,1,19.18523216,73.09324646,375.3333333333333,1.0,New,12743825.797044974,621961.0857259695,11524782.069022074,13962869.525067873,2438087.456045799,4.880489545534978,High Confidence,"₹11,524,782 - ₹13,962,870"
44800000,1148,39024.39024390244,Ghatkopar,Mumbai,Apartment,3,3,0,Semi-Furnished,0,1,19.07633972,72.90611267,382.6666666666667,1.0,New,29372603.798333332,5785961.512975132,18032119.232902072,40713088.36376459,22680969.13086252,19.69849711894946,Low Confidence,"₹18,032,119 - ₹40,713,088"
22500000,1203,18703.241895261846,Chembur,Mumbai,Apartment,3,4,0,Semi-Furnished,3,1,19.0642128,72.89389801,401.0,1.3333333333333333,New,29851414.526666667,9994801.219958425,10261604.135548156,49441224.91778518,39179620.78223702,33.481834540972706,Low Confidence,"₹10,261,604 - ₹49,441,225"
11000000,770,14285.714285714286,Thane,Mumbai,Apartment,2,2,0,Semi-Furnished,0,1,19.19248581,72.9611969,385.0,1.0,New,16768131.393333333,2945697.474457845,10994564.343395956,22541698.44327071,11547134.099874754,17.567237549372937,Low Confidence,"₹10,994,564 - ₹22,541,698"
3600000,605,5950.413223140496,Naigaon,Mumbai,Apartment,1,1,0,Semi-Furnished,0,1,19.3616066,72.86198425,605.0,1.0,New,2996401.3666666667,281776.9593588145,2444118.52632339,3548684.207009943,1104565.680686553,9.403845642757668,Medium Confidence,"₹2,444,119 - ₹3,548,684"
60950000,1150,53000.0,Mahalaxmi,Mumbai,Apartment,3,3,0,Unfurnished,0,1,18.98297501,72.82655334,383.3333333333333,1.0,New,72459967.93066667,8726053.168328518,55356903.72074278,89563032.14059056,34206128.41984779,12.042584916236843,Low Confidence,"₹55,356,904 - ₹89,563,032"
19000000,1050,18095.23809523809,Kanjurmarg,Mumbai,Apartment,2,2,1,Semi-Furnished,16,1,19.1339817,72.93009186,525.0,1.0,Moderate,19569755.555555556,2629013.787678274,14416888.53170614,24722622.579404972,10305734.047698833,13.434065541671709,Low Confidence,"₹14,416,889 - ₹24,722,623"
25709184,692,37152.0,Borivali,Mumbai,Apartment,2,2,0,Unfurnished,0,1,19.23863792,72.85451508,346.0,1.0,New,23967391.41911111,1065913.7362101276,21878200.496139262,26056582.34208296,4178381.845943697,4.447349807790053,High Confidence,"₹21,878,200 - ₹26,056,582"
3636924,894,4068.147651006712,Neral,Mumbai,Apartment,1,2,0,Semi-Furnished,0,1,19.02300072,73.31749725,894.0,2.0,New,3803542.18,467200.2584679661,2887829.6734027867,4719254.686597214,1831425.0131944274,12.283293739310288,Low Confidence,"₹2,887,830 - ₹4,719,255"
6500000,650,10000.0,Sai Samarth Mitra,Mumbai,Apartment,1,2,0,Unfurnished,6,1,19.20612144,73.00318909,650.0,2.0,Recent,6390833.326666667,2284014.039091414,1914165.810047496,10867500.843285838,8953335.033238342,35.7389079380468,Low Confidence,"₹1,914,166 - ₹10,867,501"
11464488,504,22747.0,Vikhroli,Mumbai,Apartment,1,1,0,Unfurnished,0,1,19.12005234,72.93830109,504.0,1.0,New,9101479.286666667,1358095.6933592253,6439611.727682585,11763346.84565075,5323735.117968164,14.92170284174338,Low Confidence,"₹6,439,612 - ₹11,763,347"
72500000,1200,60416.66666666666,Santacruz,Mumbai,Apartment,3,3,0,Unfurnished,0,1,19.08304787,72.83614349,400.0,1.0,New,61283444.0,10867020.352236886,39984084.109615706,82582803.89038429,42598719.78076858,17.73239172432425,Low Confidence,"₹39,984,084 - ₹82,582,804"
7500000,980,7653.061224489796,Kalyan,Mumbai,Apartment,2,2,0,Unfurnished,8,1,19.24820137,73.15119934,490.0,1.0,Recent,7250852.380952381,977349.3049300839,5335247.743289417,9166457.018615345,3831209.275325928,13.479095333640092,Low Confidence,"₹5,335,248 - ₹9,166,457"
3400000,330,10303.030303030304,Goregaon,Mumbai,Apartment,1,1,0,Unfurnished,0,1,19.15349197,72.88449097,330.0,1.0,New,3290944.4444444445,483880.855272003,2342537.9681113185,4239350.92077757,1896812.952666252,14.703403944993928,Low Confidence,"₹2,342,538 - ₹4,239,351"
18900000,950,19894.736842105263,Andheri,Mumbai,Apartment,2,3,0,Unfurnished,0,1,19.11876488,72.85184479,475.0,1.5,New,25613726.666666668,6009524.7498135995,13835058.157032013,37392395.17630132,23557337.01926931,23.462125711032545,Low Confidence,"₹13,835,058 - ₹37,392,395"
7500000,960,7812.5,Panvel,Mumbai,Apartment,2,2,0,Unfurnished,0,1,18.96615028,73.12606812,480.0,1.0,New,8119255.01111111,791091.5570347148,6568715.55932307,9669794.462899152,3101078.9035760825,9.743400791724302,Medium Confidence,"₹6,568,716 - ₹9,669,794"
13200000,555,23783.783783783783,Andheri,Mumbai,Apartment,1,2,0,Unfurnished,0,1,19.13640022,72.82959747,555.0,2.0,New,13861612.34,1049160.6445113476,11805257.47675776,15917967.20324224,4112709.7264844812,7.568821135502536,Medium Confidence,"₹11,805,257 - ₹15,917,967"
22500000,1371,16411.37855579869,Santacruz,Mumbai,Apartment,3,3,3,Unfurnished,4,1,19.08229065,72.84887695,457.0,1.0,New,25383333.333333332,2176537.345145914,21117320.13684734,29649346.529819325,8532026.392971985,8.574671090528879,Medium Confidence,"₹21,117,320 - ₹29,649,347"
4400000,600,7333.333333333333,Thane,Mumbai,Apartment,1,1,0,Semi-Furnished,0,1,19.21433258,72.98167419,600.0,1.0,New,7298610.666666667,2330765.786922022,2730309.7242995044,11866911.60903383,9136601.884734325,31.934376189797515,Low Confidence,"₹2,730,310 - ₹11,866,912"
20500000,740,27702.702702702703,Borivali,Mumbai,Apartment,2,2,0,Unfurnished,0,1,19.23810005,72.85230255,370.0,1.0,New,21711576.014666665,3811940.4801160125,14240172.67363928,29182979.355694048,14942806.682054767,17.5571799925577,Low Confidence,"₹14,240,173 - ₹29,182,979"
3305219,346,9552.656069364162,Taloja,Mumbai,Apartment,1,1,0,Unfurnished,0,1,19.08261681,73.11060333,346.0,1.0,New,3093852.9030555557,532079.5255414317,2050977.0329943495,4136728.773116762,2085751.7401224123,17.197958087016307,Low Confidence,"₹2,050,977 - ₹4,136,729"
30870000,1029,30000.0,Malad,Mumbai,Apartment,3,3,0,Unfurnished,0,1,19.19229126,72.83625031,343.0,1.0,New,14533795.84,4586501.437541668,5544253.0224183295,23523338.657581672,17979085.635163344,31.55749184888556,Low Confidence,"₹5,544,253 - ₹23,523,339"
13000000,1650,7878.787878787879,Kharghar,Mumbai,Apartment,3,3,0,Unfurnished,0,1,19.07193565,73.07884216,550.0,1.0,New,12689266.333333334,2198633.0533803394,8379945.548707869,16998587.1179588,8618641.56925093,17.32671531690345,Low Confidence,"₹8,379,946 - ₹16,998,587"
4700000,910,5164.8351648351645,Naigaon,Mumbai,Apartment,2,2,0,Unfurnished,0,1,19.3584919,72.86683655,455.0,1.0,New,4984824.288888889,621539.8619381735,3766606.1594900694,6203042.418287709,2436436.25879764,12.46864133854383,Low Confidence,"₹3,766,606 - ₹6,203,042"
21500000,728,29532.967032967037,Deonar,Mumbai,Apartment,2,2,0,Unfurnished,0,1,19.05100822,72.91959381,364.0,1.0,New,22363721.277777776,2234228.9524240284,17984632.53102668,26742810.024528872,8758177.493502192,9.990416731960083,Medium Confidence,"₹17,984,633 - ₹26,742,810"
59900540,1222,49018.445171849424,Bandra,Mumbai,Apartment,3,3,0,Unfurnished,2,1,19.0533371,72.84757233,407.3333333333333,1.0,New,60150610.32,1219860.8575116761,57759683.039277114,62541537.60072289,4781854.561445773,2.028010773327223,High Confidence,"₹57,759,683 - ₹62,541,538"
4970000,850,5847.058823529412,Naigaon,Mumbai,Apartment,2,1,0,Unfurnished,1,1,19.36510086,72.86039734,425.0,0.5,New,5040316.984126984,107848.75821912795,4828933.418017494,5251700.550236475,422767.13221898116,2.139721738905833,High Confidence,"₹4,828,933 - ₹5,251,701"
33500000,1400,23928.571428571428,Goregaon,Mumbai,Apartment,3,3,0,Semi-Furnished,7,1,19.15184021,72.84003448,466.6666666666667,1.0,Recent,33484221.148888893,6295132.7146781795,21145761.02811966,45822681.269658126,24676920.241538465,18.800296075834126,Low Confidence,"₹21,145,761 - ₹45,822,681"
15508508,700,22155.01142857143,Kanjurmarg,Mumbai,Apartment,2,2,0,Unfurnished,0,1,19.13049507,72.93520355,350.0,1.0,New,16200226.377555555,1713121.4961137415,12842508.245172622,19557944.50993849,6715436.264765868,10.574676280370804,Low Confidence,"₹12,842,508 - ₹19,557,945"
2659800,806,3300.0,Neral,Mumbai,Apartment,2,2,1,Unfurnished,2,1,19.02311897,73.3099823,403.0,1.0,New,2619563.0866666674,87352.90425928886,2448351.3943184614,2790774.7790148733,342423.3846964119,3.3346364019216415,High Confidence,"₹2,448,351 - ₹2,790,775"
6200000,990,6262.626262626262,Mira Road,Mumbai,Apartment,2,2,0,Semi-Furnished,1,1,19.29641533,72.87480164,495.0,1.0,New,9404225.333333334,1110524.0675877111,7227598.1608614195,11580852.505805248,4353254.344943829,11.808777737932882,Low Confidence,"₹7,227,598 - ₹11,580,853"
10800128,430,25116.576744186048,Kanjurmarg,Mumbai,Apartment,1,1,0,Unfurnished,2,1,19.13013268,72.93141937,430.0,1.0,New,10461282.940793652,639895.1900216013,9207088.368351314,11715477.51323599,2508389.1448846757,6.116794600080429,Medium Confidence,"₹9,207,088 - ₹11,715,478"
3998940,415,9636.0,Dombivali,Mumbai,Apartment,1,1,0,Unfurnished,0,1,19.2071991,73.10910034,415.0,1.0,New,4080691.68,534030.462684082,3033991.9731391994,5127391.386860801,2093399.4137216015,13.086763337240953,Low Confidence,"₹3,033,992 - ₹5,127,391"
29440000,736,40000.0,Santacruz,Mumbai,Apartment,2,2,0,Semi-Furnished,2,1,19.08087349,72.83625031,368.0,1.0,New,30055832.4,7222978.324956014,15898794.883086212,44212869.916913785,28314075.033827573,24.03186918541645,Low Confidence,"₹15,898,795 - ₹44,212,870"
6500000,1074,6052.141527001862,Bhiwandi,Mumbai,Apartment,2,2,0,Semi-Furnished,0,1,19.26558304,73.07249451,537.0,1.0,New,6987989.6033333335,1917005.061084733,3230659.6836072565,10745319.523059411,7514659.839452155,27.432855082816733,Low Confidence,"₹3,230,660 - ₹10,745,320"
24000000,1500,16000.0,Thane,Mumbai,Apartment,3,2,0,Semi-Furnished,7,1,19.21477127,72.98620605,500.0,0.6666666666666666,Recent,21313440.666666668,4300488.602536487,12884483.005695153,29742398.327638183,16857915.32194303,20.177355077457165,Low Confidence,"₹12,884,483 - ₹29,742,398"
25000000,1400,17857.14285714286,Thane,Mumbai,Apartment,3,3,1,Semi-Furnished,13,1,19.22686768,72.97250366,466.6666666666667,1.0,Moderate,22201416.666666668,4135823.17005714,14095203.253354674,30307630.07997866,16212426.826623986,18.62864533445151,Low Confidence,"₹14,095,203 - ₹30,307,630"
12500000,880,14204.545454545454,Vikhroli,Mumbai,Apartment,3,3,3,Unfurnished,0,1,19.11635017,72.93548584,293.3333333333333,1.0,New,15473778.655555557,4162001.357907232,7316255.994057383,23631301.31705373,16315045.322996348,26.897123518132698,Low Confidence,"₹7,316,256 - ₹23,631,301"
9500000,620,15322.58064516129,Thane,Mumbai,Apartment,2,2,0,Unfurnished,0,1,19.2383709,72.99481201,310.0,1.0,New,11490292.353333334,1168752.3085861155,9199537.828504547,13781046.87816212,4581509.049657572,10.171649881885385,Low Confidence,"₹9,199,538 - ₹13,781,047"
4800000,600,8000.0,Dombivali,Mumbai,Apartment,1,1,0,Unfurnished,8,1,19.20822906,73.09577179,600.0,1.0,Recent,4311050.0,805218.1003719841,2732822.5232709115,5889277.476729088,3156454.953458177,18.67800420714174,Low Confidence,"₹2,732,823 - ₹5,889,277"
2500000,585,4273.504273504273,Bhiwandi,Mumbai,Apartment,1,1,0,Semi-Furnished,6,1,19.17816162,72.97662354,585.0,1.0,Recent,3199285.32,2245326.0520362095,0.0,7600124.381990971,7600124.381990971,70.18211342388835,Low Confidence,"₹0 - ₹7,600,124"
3000000,720,4166.666666666667,Ambernath,Mumbai,Apartment,1,1,1,Unfurnished,3,1,19.18820763,73.17377472,720.0,1.0,New,2637120.0,254580.67274114376,2138141.8814273584,3136098.1185726416,997956.2371452833,9.65373865205769,Medium Confidence,"₹2,138,142 - ₹3,136,098"
5200000,700,7428.571428571428,Bhiwandi,Mumbai,Apartment,1,2,0,Unfurnished,0,1,19.26831245,73.0826416,700.0,2.0,New,4442463.933333334,640095.9989406763,3187875.775409608,5697052.091257059,2509176.315847451,14.408580655834166,Low Confidence,"₹3,187,876 - ₹5,697,052"
10000000,607,16474.464579901152,Kandivali,Mumbai,Apartment,2,2,2,Unfurnished,0,1,19.19872093,72.85739136,303.5,1.0,New,12907401.555,2740751.551121679,7535528.514801509,18279274.59519849,10743746.08039698,21.23395277851243,Low Confidence,"₹7,535,529 - ₹18,279,275"
54752000,1888,29000.0,Mulund,Mumbai,Apartment,5,5,0,Unfurnished,0,1,19.17778397,72.9493103,377.6,1.0,New,45408290.96444444,7250242.282919003,31197816.0899232,59618765.838965684,28420949.749042485,15.966780799118999,Low Confidence,"₹31,197,816 - ₹59,618,766"
3300000,525,6285.714285714285,Kalyan,Mumbai,Apartment,1,1,0,Unfurnished,0,1,19.25495338,73.12568665,525.0,1.0,New,4557445.593333334,1011467.1629182767,2574969.9540135115,6539921.232653156,3964951.2786396444,22.193729847216577,Low Confidence,"₹2,574,970 - ₹6,539,921"
32320000,2020,16000.0,Thane,Mumbai,Apartment,3,3,1,Unfurnished,0,1,19.2238369,72.99047852,673.3333333333334,1.0,New,27183832.833333332,9499921.134448754,8563987.409813777,45803678.25685289,37239690.84703911,34.94695245035413,Low Confidence,"₹8,563,987 - ₹45,803,678"
17000000,1250,13600.0,Ghansoli,Mumbai,Apartment,2,3,0,Unfurnished,7,1,19.12185478,72.99793243,625.0,1.5,Recent,18718287.60888889,4201374.169553664,10483594.23656371,26952980.98121407,16469386.744650358,22.445291243193243,Low Confidence,"₹10,483,594 - ₹26,952,981"
5600000,600,9333.333333333334,Kamothe,Mumbai,Apartment,1,1,1,Unfurnished,11,1,19.02368355,73.09256744,600.0,1.0,Moderate,5159103.38,1221478.5909858143,2765005.341667804,7553201.418332196,4788196.076664392,23.6761797742036,Low Confidence,"₹2,765,005 - ₹7,553,201"
3649625,325,11229.615384615385,Vasai,Mumbai,Apartment,1,1,0,Unfurnished,0,1,19.40360069,72.84308624,325.0,1.0,New,3667341.1266666665,87383.41068023497,3496069.641733406,3838612.611599927,342542.9698665207,2.382745636745819,High Confidence,"₹3,496,070 - ₹3,838,613"
8800000,575,15304.347826086956,Bandra,Mumbai,Apartment,1,2,0,Unfurnished,0,1,19.07041359,72.84607697,575.0,2.0,New,11568678.577777779,5100033.4394165985,1572613.0365212467,21564744.119034313,19992131.082513064,44.084839985209975,Low Confidence,"₹1,572,613 - ₹21,564,744"
16000000,890,17977.52808988764,Thane,Mumbai,Apartment,2,2,0,Furnished,0,1,19.18860817,72.97050476,445.0,1.0,New,16728942.686666667,2603321.914836268,11626431.733587582,21831453.639745753,10205021.906158172,15.56178393097833,Low Confidence,"₹11,626,432 - ₹21,831,454"
58042080,1200,48368.4,Matunga,Mumbai,Apartment,3,4,0,Semi-Furnished,1,1,19.02820396,72.84375763,400.0,1.3333333333333333,New,51099907.4,8319346.432852569,34793988.39160896,67405826.40839103,32611838.016782068,16.28055089753953,Low Confidence,"₹34,793,988 - ₹67,405,826"
5500000,596,9228.187919463087,Thane,Mumbai,Apartment,1,2,0,Semi-Furnished,5,1,19.26784134,72.97390747,596.0,2.0,New,5248249.331111112,1156046.1381288508,2982398.900378564,7514099.761843659,4531700.861465095,22.027271670877404,Low Confidence,"₹2,982,399 - ₹7,514,100"
5602354,523,10711.95793499044,Virar,Mumbai,Apartment,2,2,0,Unfurnished,2,1,19.46951866,72.80358887,261.5,1.0,New,5180615.310888889,485409.13865480473,4229213.399125472,6132017.222652307,1902803.823526835,9.369719802096602,Medium Confidence,"₹4,229,213 - ₹6,132,017"
55000000,2000,27500.0,Andheri,Mumbai,Apartment,3,3,1,Semi-Furnished,33,1,19.13607407,72.80957031,666.6666666666666,1.0,Old,67983831.55555555,23975651.001461115,20991555.59269177,114976107.51841933,93984551.92572755,35.266695702298726,Low Confidence,"₹20,991,556 - ₹114,976,108"
8800000,815,10797.54601226994,Airoli,Mumbai,Apartment,1,1,0,Semi-Furnished,0,1,19.14831924,73.00049591,815.0,1.0,New,8945001.735555556,755198.681399849,7464812.320011851,10425191.151099259,2960378.8310874077,8.442689042731025,Medium Confidence,"₹7,464,812 - ₹10,425,191"
14000000,663,21116.138763197585,Ghatkopar,Mumbai,Apartment,2,2,0,Semi-Furnished,0,1,19.08571625,72.91213989,331.5,1.0,New,15083554.733333332,2175088.566705335,10820381.142590877,19346728.32407579,8526347.181484912,14.420265018156364,Low Confidence,"₹10,820,381 - ₹19,346,728"
8199988,404,20297.0,Kurla,Mumbai,Apartment,1,1,0,Unfurnished,0,1,19.07259941,72.8844986,404.0,1.0,New,11002598.382222222,3172506.378605424,4784485.880155591,17220710.884288855,12436225.004133264,28.834155972933594,Low Confidence,"₹4,784,486 - ₹17,220,711"
9200000,1000,9200.0,Mira Road,Mumbai,Apartment,2,2,0,Furnished,19,1,19.2919693,72.87643433,500.0,1.0,Moderate,10344725.313333333,2048083.1677308304,6330482.304580905,14358968.32208576,8028486.017504856,19.79833302186432,Low Confidence,"₹6,330,482 - ₹14,358,968"
12200000,600,20333.33333333333,Chembur,Mumbai,Apartment,1,2,0,Unfurnished,0,1,19.05042267,72.90070343,600.0,2.0,New,10747269.58,1681435.6088029824,7451655.786746155,14042883.373253845,6591227.58650769,15.64523525056103,Low Confidence,"₹7,451,656 - ₹14,042,883"
5670000,252,22500.0,Vikhroli,Mumbai,Apartment,1,1,0,Unfurnished,1,1,19.10585594,72.91746521,252.0,1.0,New,5684231.846666667,1196003.6215403287,3340064.7484476226,8028398.94488571,4688334.196438087,21.040725533419018,Low Confidence,"₹3,340,065 - ₹8,028,399"
20495000,1349,15192.735359525575,Ghatkopar,Mumbai,Apartment,2,2,0,Unfurnished,0,1,19.09126663,72.90485382,674.5,1.0,New,22877465.64666667,4822071.602213085,13426205.306329023,32328725.987004314,18902520.68067529,21.077822503104397,Low Confidence,"₹13,426,205 - ₹32,328,726"
17900000,700,25571.42857142857,Malad,Mumbai,Apartment,2,2,0,Unfurnished,0,1,19.20176888,72.81673431,350.0,1.0,New,14712663.516,1763382.3008305992,11256434.206372026,18168892.825627975,6912458.619255949,11.985472915308119,Low Confidence,"₹11,256,434 - ₹18,168,893"
8100000,630,12857.142857142857,Kandivali,Mumbai,Apartment,1,2,0,Semi-Furnished,0,1,19.20110703,72.86708832,630.0,2.0,New,8299282.333333333,955944.6155005813,6425630.886952193,10172933.779714473,3747302.892762279,11.51840095451524,Low Confidence,"₹6,425,631 - ₹10,172,934"
63128000,1214,52000.0,Byculla,Mumbai,Apartment,2,2,0,Unfurnished,0,1,18.97336006,72.83195496,607.0,1.0,New,60211136.64,8866179.480132105,42833424.85894108,77588848.42105892,34755423.562117845,14.72514882610943,Low Confidence,"₹42,833,425 - ₹77,588,848"
2700000,655,4122.137404580153,Ambernath,Mumbai,Apartment,1,2,1,Unfurnished,4,1,19.21861267,73.20161438,655.0,2.0,New,2647076.466666667,166303.6608550221,2321121.291390823,2973031.6419425104,651910.3505516872,6.28254086911362,Medium Confidence,"₹2,321,121 - ₹2,973,032"
9100000,550,16545.454545454544,Thane,Mumbai,Apartment,1,1,0,Unfurnished,0,1,19.21408844,72.9782486,550.0,1.0,New,8161724.0,971538.0516035866,6257509.41885697,10065938.581143029,3808429.162286059,11.9035886487167,Low Confidence,"₹6,257,509 - ₹10,065,939"
12500000,676,18491.12426035503,Ghatkopar,Mumbai,Apartment,2,2,0,Unfurnished,0,1,19.08026886,72.91667938,338.0,1.0,New,16173020.406666666,2820795.879586324,10644260.48267747,21701780.33065586,11057519.84797839,17.44136721934492,Low Confidence,"₹10,644,260 - ₹21,701,780"
24500000,890,27528.08988764045,Goregaon,Mumbai,Apartment,2,2,0,Unfurnished,0,1,19.17620087,72.86170197,445.0,1.0,New,18182963.04,3260030.798198293,11793302.675531346,24572623.40446865,12779320.728937306,17.929040448614877,Low Confidence,"₹11,793,303 - ₹24,572,623"
9600000,388,24742.268041237112,Vikroli,Mumbai,Apartment,1,2,0,Unfurnished,0,1,19.11627769,72.93973541,388.0,2.0,New,7520810.546666667,767486.9051441129,6016536.212584206,9025084.880749129,3008548.668164923,10.204842953852552,Low Confidence,"₹6,016,536 - ₹9,025,085"
17000000,970,17525.77319587629,Jogeshwari,Mumbai,Apartment,2,2,0,Furnished,22,1,19.13740349,72.87005615,485.0,1.0,Old,21698198.66222222,3695054.2222387423,14455892.386634286,28940504.937810156,14484612.55117587,17.029313261252597,Low Confidence,"₹14,455,892 - ₹28,940,505"
9000000,1125,8000.0,Goregaon,Mumbai,Apartment,2,2,0,Furnished,0,1,19.15316391,72.87567139,562.5,1.0,New,18077803.953333333,6400734.007044087,5532365.299526922,30623242.607139744,25090877.30761282,35.406590444100196,Low Confidence,"₹5,532,365 - ₹30,623,243"
10000000,420,23809.52380952381,Kandivali,Mumbai,Apartment,1,2,0,Unfurnished,0,1,19.20456123,72.86461639,420.0,2.0,New,9028241.016,1759639.5208619554,5579347.555110568,12477134.476889433,6897786.921778865,19.490391514177485,Low Confidence,"₹5,579,348 - ₹12,477,134"
15000000,625,24000.0,Andheri,Mumbai,Apartment,1,1,0,Unfurnished,4,1,19.1172657,72.88414764,625.0,1.0,New,11676397.642222222,1830285.625760171,8089037.815732287,15263757.468712157,7174719.652979869,15.675088172244156,Low Confidence,"₹8,089,038 - ₹15,263,757"
2600000,335,7761.194029850746,Kalwa,Mumbai,Apartment,1,1,0,Semi-Furnished,0,1,19.19865036,73.00214386,335.0,1.0,New,3338974.312777778,1998674.888933115,0.0,7256377.0950866835,7256377.0950866835,59.858947739863446,Low Confidence,"₹0 - ₹7,256,377"
4104574,356,11529.702247191011,Panvel,Mumbai,Apartment,1,1,0,Unfurnished,0,1,18.93710518,73.13916779,356.0,1.0,New,3915631.12,1146134.8825474184,1669206.75020706,6162055.48979294,4492848.73958588,29.27075731657323,Low Confidence,"₹1,669,207 - ₹6,162,055"
4200000,690,6086.95652173913,Kalyan,Mumbai,Apartment,1,2,0,Unfurnished,0,1,19.22897911,73.13299561,690.0,2.0,New,4386846.666666667,763731.1109429952,2889933.6892183963,5883759.644114938,2993825.9548965413,17.409569309686272,Low Confidence,"₹2,889,934 - ₹5,883,760"
15500000,1075,14418.60465116279,Koper Khairane,Mumbai,Apartment,2,2,0,Semi-Furnished,0,1,19.1027832,73.01050568,537.5,1.0,New,12698788.4,1248106.9835088318,10252498.71232269,15145078.087677311,4892579.375354622,9.828551702687099,Medium Confidence,"₹10,252,499 - ₹15,145,078"
4256800,636,6693.0817610062895,Karanjade,Mumbai,Apartment,1,1,0,Unfurnished,0,1,18.98940086,73.11750031,636.0,1.0,New,4388917.613333333,1043497.1321163704,2343663.2343852473,6434171.992281419,4090508.757896172,23.775728415276543,Low Confidence,"₹2,343,663 - ₹6,434,172"
4000000,590,6779.661016949152,Dombivali,Mumbai,Apartment,1,1,0,Semi-Furnished,8,1,19.22064209,73.0907135,590.0,1.0,Recent,4209404.44,566682.9663578572,3098705.8259386,5320103.054061401,2221397.2281228006,13.46230742223138,Low Confidence,"₹3,098,706 - ₹5,320,103"
11000000,1350,8148.148148148148,Dombivali,Mumbai,Apartment,3,2,0,Furnished,8,1,19.22013283,73.10395813,450.0,0.6666666666666666,Recent,10116570.506666666,1792990.513490818,6602309.100224663,13630831.91310867,7028522.812884007,17.723303685861374,Low Confidence,"₹6,602,309 - ₹13,630,832"
8500000,1240,6854.83870967742,Panvel,Mumbai,Apartment,2,2,0,Unfurnished,1,1,18.96603584,73.12674713,620.0,1.0,New,8494312.051111111,1314476.5804644257,5917937.953400837,11070686.148821386,5152748.195420548,15.474785627783518,Low Confidence,"₹5,917,938 - ₹11,070,686"
17000000,826,20581.113801452782,Agripada,Mumbai,Apartment,2,2,2,Unfurnished,4,1,18.97725677,72.8278656,413.0,1.0,New,21709484.64,7315210.014575608,7371673.0114318095,36047296.26856819,28675623.25713638,33.695917410665935,Low Confidence,"₹7,371,673 - ₹36,047,296"
5850184,376,15559.0,Kharghar,Mumbai,Apartment,1,1,0,Unfurnished,0,1,19.0487957,73.07008362,376.0,1.0,New,5545038.006666667,1988236.797790449,1648093.8829973866,9441982.130335947,7793888.247338561,35.85614373427269,Low Confidence,"₹1,648,094 - ₹9,441,982"
19500000,850,22941.176470588234,Goregaon,Mumbai,Apartment,2,2,1,Unfurnished,0,1,19.16541481,72.86873627,425.0,1.0,New,18275823.953333333,4105442.596525665,10229156.46414303,26322491.442523636,16093334.978380606,22.463789359148823,Low Confidence,"₹10,229,156 - ₹26,322,491"
20000000,889,22497.18785151856,Kurla,Mumbai,Apartment,2,2,0,Unfurnished,16,1,19.07642365,72.88158417,444.5,1.0,Moderate,19889333.333333332,1200508.040604292,17536337.57374892,22242329.092917744,4705991.519168824,6.035939065852511,Medium Confidence,"₹17,536,338 - ₹22,242,329"
60000000,1000,60000.0,Bandra,Mumbai,Apartment,2,2,0,Semi-Furnished,0,1,19.04911232,72.82289124,500.0,1.0,New,50948720.03777778,8180692.39456066,34914562.94443889,66982877.13111667,32068314.186677784,16.056718183488787,Low Confidence,"₹34,914,563 - ₹66,982,877"
10027900,1270,7895.984251968503,Kamothe,Mumbai,Apartment,2,2,0,Unfurnished,0,1,19.01289177,73.09485626,635.0,1.0,New,10908972.846666666,1601770.1742206535,7769503.305194185,14048442.388139147,6278939.082944962,14.68305216938998,Low Confidence,"₹7,769,503 - ₹14,048,442"
31500000,1800,17500.0,Koper Khairane,Mumbai,Apartment,3,3,0,Unfurnished,0,1,19.10081673,73.01095581,600.0,1.0,New,26765800.0,3803999.171047929,19309961.624746058,34221638.37525394,14911676.75050788,14.212163174827314,Low Confidence,"₹19,309,962 - ₹34,221,638"
4720104,386,12228.248704663212,Panvel,Mumbai,Apartment,1,1,0,Unfurnished,0,1,18.94987679,73.11283875,386.0,1.0,New,4591283.500952381,822405.381700594,2979368.9528192165,6203198.049085544,3223829.096266328,17.912319758298533,Low Confidence,"₹2,979,369 - ₹6,203,198"
19500000,1670,11676.646706586826,Thane,Mumbai,Apartment,3,3,0,Unfurnished,10,1,19.24202347,72.97053528,556.6666666666666,1.0,Recent,20947866.28888889,3787864.3484745454,13523652.16587878,28372080.411899,14848428.24602022,18.082339729673063,Low Confidence,"₹13,523,652 - ₹28,372,080"
21000000,950,22105.263157894737,Kandivali,Mumbai,Apartment,3,2,0,Semi-Furnished,11,1,19.19691467,72.87820435,316.6666666666667,0.6666666666666666,Moderate,21580164.586031746,5733250.323493131,10342993.951985208,32817335.220078282,22474341.268093072,26.567222416848985,Low Confidence,"₹10,342,994 - ₹32,817,335"
11400334,649,17566.0,Thane,Mumbai,Apartment,2,2,0,Unfurnished,0,1,19.21253777,72.96226501,324.5,1.0,New,13201178.055555554,2189139.895314315,8910463.860739497,17491892.250371613,8581428.389632115,16.582913177154232,Low Confidence,"₹8,910,464 - ₹17,491,892"
5390000,652,8266.871165644172,Thane,Mumbai,Apartment,1,2,0,Unfurnished,8,1,19.2709446,72.96664429,652.0,2.0,Recent,5446066.566666666,389243.62307212205,4683149.065445308,6208984.067888025,1525835.0024427176,7.147243213194207,Medium Confidence,"₹4,683,149 - ₹6,208,984"
30900000,929,33261.57158234661,Ghatkopar,Mumbai,Apartment,3,3,0,Unfurnished,0,1,19.08897018,72.91618347,309.6666666666667,1.0,New,30002282.48,3872496.4226556723,22412189.49159488,37592375.46840512,15180185.97681024,12.90733938405233,Low Confidence,"₹22,412,189 - ₹37,592,375"
8000000,370,21621.62162162162,Ghatkopar,Mumbai,Apartment,1,1,0,Furnished,0,1,19.09424782,72.91130829,370.0,1.0,New,7864385.373333333,1619430.6096184563,4690301.378481159,11038469.368185507,6348167.989704348,20.591953887580893,Low Confidence,"₹4,690,301 - ₹11,038,469"
20400000,1006,20278.33001988072,Thane,Mumbai,Apartment,2,2,0,Unfurnished,0,1,19.22338867,72.98991394,503.0,1.0,New,17003162.913333334,2899015.314268922,11321092.897366248,22685232.92930042,11364140.031934172,17.049859070606253,Low Confidence,"₹11,321,093 - ₹22,685,233"
40000000,1294,30911.901081916538,Khar,Mumbai,Apartment,3,3,3,Unfurnished,0,1,19.07129478,72.83126831,431.3333333333333,1.0,New,31401333.333333332,10657792.058187077,10512060.899286661,52290605.76738,41778544.86809334,33.940571710926534,Low Confidence,"₹10,512,061 - ₹52,290,606"
3600000,807,4460.966542750929,Ambernath,Mumbai,Apartment,2,1,2,Unfurnished,5,1,19.20944977,73.17446136,403.5,0.5,New,3332643.44,611330.5511428709,2134435.559759973,4530851.320240026,2396415.7604800533,18.34371309589816,Low Confidence,"₹2,134,436 - ₹4,530,851"
2300000,260,8846.153846153846,Vikroli,Mumbai,Apartment,1,1,0,Semi-Furnished,0,1,19.087677,72.93981171,260.0,1.0,New,5135052.435555556,1290346.4031926568,2605973.4852979486,7664131.385813164,5058157.9005152155,25.128203059002562,Low Confidence,"₹2,605,973 - ₹7,664,131"
6900000,587,11754.684838160136,Mira Road,Mumbai,Apartment,1,2,0,Semi-Furnished,0,1,19.29190254,72.86676788,587.0,2.0,New,6105346.2,767188.3398365655,4601657.053920331,7609035.346079669,3007378.2921593376,12.565844993958992,Low Confidence,"₹4,601,657 - ₹7,609,035"
8500000,380,22368.42105263158,Andheri,Mumbai,Apartment,1,1,0,Unfurnished,0,1,19.13805008,72.82532501,380.0,1.0,New,11737416.768888889,3669911.603864351,4544390.025314761,18930443.51246302,14386053.487148257,31.266774249609945,Low Confidence,"₹4,544,390 - ₹18,930,444"
20478783,687,29809.0,Chandivali,Central Mumbai,Apartment,2,2,0,Furnished,0,1,19.113077171183,72.897470345979,343.5,1.0,New,20690124.346666668,3703429.777027144,13431401.983693466,27948846.70963987,14517444.725946404,17.899504686272195,Low Confidence,"₹13,431,402 - ₹27,948,847"
6681000,725,9215.172413793103,Mira Road,Mumbai,Apartment,1,2,0,Semi-Furnished,0,1,19.28843117,72.86901855,725.0,2.0,New,6391950.0,217819.7394636216,5965023.310651301,6818876.689348699,853853.3786973972,3.4077197015562013,High Confidence,"₹5,965,023 - ₹6,818,877"
3500000,275,12727.272727272728,Powai,Mumbai,Apartment,1,1,0,Unfurnished,0,1,19.10817337,72.90156555,275.0,1.0,New,4326920.013333334,1248412.3899387673,1880031.7290533497,6773808.297613317,4893776.568559967,28.85221788458776,Low Confidence,"₹1,880,032 - ₹6,773,808"
6800000,880,7727.272727272727,Thane,Mumbai,Apartment,2,2,0,Unfurnished,0,1,19.27952194,72.96604156,440.0,1.0,New,8729148.273333333,513015.8496188582,7723637.208080372,9734659.338586295,2011022.1305059232,5.877043596407565,Medium Confidence,"₹7,723,637 - ₹9,734,659"
2700000,677,3988.183161004432,Badlapur,Mumbai,Apartment,1,1,1,Semi-Furnished,7,1,19.16490746,73.25123596,677.0,1.0,Recent,2490541.8511111108,360656.34012744145,1783655.4244613256,3197428.277760896,1413772.8532995703,14.481039134778687,Low Confidence,"₹1,783,655 - ₹3,197,428"
6500840,662,9820.0,Dombivali,Mumbai,Apartment,2,2,0,Unfurnished,6,1,19.172369,73.11204529,331.0,1.0,Recent,6070386.572000001,1040801.6173502174,4030415.4019935746,8110357.742006427,4079942.340012852,17.145557453473778,Low Confidence,"₹4,030,415 - ₹8,110,358"
3600000,596,6040.268456375839,Kalyan,Mumbai,Apartment,1,2,0,Unfurnished,0,1,19.23029709,73.13528442,596.0,2.0,New,3745442.3111111107,779905.6380217199,2216827.2605885398,5274057.361633682,3057230.101045142,20.822791361866035,Low Confidence,"₹2,216,827 - ₹5,274,057"
21231750,849,25007.95053003533,Goregaon,Mumbai,Apartment,2,2,0,Unfurnished,3,1,19.15703773,72.84043121,424.5,1.0,New,22033852.95555556,4539059.614185548,13137296.111751884,30930409.799359232,17793113.687607348,20.600389878888983,Low Confidence,"₹13,137,296 - ₹30,930,410"
36500000,1700,21470.58823529412,Andheri,Mumbai,Apartment,3,2,0,Semi-Furnished,0,1,28.58861732,77.04857635,566.6666666666666,0.6666666666666666,New,20159560.0,13360808.031891882,0.0,46346743.74250808,46346743.74250808,66.2752958491747,Low Confidence,"₹0 - ₹46,346,744"
7099906,359,19776.896935933142,Navghar,Mumbai,Apartment,1,1,0,Unfurnished,0,1,19.3286953,72.89666748,359.0,1.0,New,3364805.1496296297,991750.899201555,1420973.387194582,5308636.912064677,3887663.524870095,29.474244572846032,Low Confidence,"₹1,420,973 - ₹5,308,637"
38000000,1350,28148.14814814815,Kandivali,Mumbai,Apartment,3,3,2,Furnished,5,1,19.21154785,72.83534241,450.0,1.0,New,32758894.726666667,6756794.447896783,19515577.60878897,46002211.844544366,26486634.235755395,20.625831562004933,Low Confidence,"₹19,515,578 - ₹46,002,212"
13500000,1050,12857.142857142857,Airoli,Mumbai,Apartment,2,2,0,Unfurnished,0,1,19.15793419,72.99347687,525.0,1.0,New,13416666.666666666,1752195.4482559564,9982363.588084992,16850969.74524834,6868606.157163348,13.059841850354955,Low Confidence,"₹9,982,364 - ₹16,850,970"
9500000,1030,9223.300970873786,Mira Road,Mumbai,Apartment,2,2,0,Unfurnished,9,1,19.27368927,72.86976624,515.0,1.0,Recent,10789136.74,1349100.1454096385,8144900.454997109,13433373.025002891,5288472.570005782,12.504245501013445,Low Confidence,"₹8,144,900 - ₹13,433,373"
13000000,713,18232.8190743338,Thane,Mumbai,Apartment,2,2,0,Unfurnished,6,1,19.21141052,72.98690033,356.5,1.0,Recent,13032178.393333333,1480194.027443789,10130998.099543506,15933358.687123159,5802360.587579653,11.35799390377428,Low Confidence,"₹10,130,998 - ₹15,933,359"
5062000,650,7787.692307692308,Dombivali,Mumbai,Apartment,2,2,0,Semi-Furnished,0,1,19.21718216,73.11869049,325.0,1.0,New,6096435.695238095,1097367.9151118393,3945594.5816188897,8247276.808857299,4301682.227238409,18.000155664218514,Low Confidence,"₹3,945,595 - ₹8,247,277"
19000000,1350,14074.074074074077,Thane,Mumbai,Apartment,3,2,1,Furnished,5,1,19.23180389,72.97255707,450.0,0.6666666666666666,New,18980000.0,162069.94374857625,18662342.91025279,19297657.08974721,635314.1794944182,0.8538985445130466,High Confidence,"₹18,662,343 - ₹19,297,657"
18984300,1500,12656.2,Kanjurmarg,Mumbai,Apartment,3,3,0,Unfurnished,1,1,19.13327599,72.93379211,500.0,1.0,New,33845516.38222223,4646669.747566545,24738043.676991798,42952989.08745266,18214945.41046086,13.7290555566978,Low Confidence,"₹24,738,044 - ₹42,952,989"
6550000,1100,5954.545454545455,Ulwe,Mumbai,Apartment,2,2,0,Unfurnished,0,1,18.98433304,73.02442169,550.0,1.0,New,9003960.0,1229044.9293658878,6595031.93844286,11412888.06155714,4817856.12311428,13.650048749282401,Low Confidence,"₹6,595,032 - ₹11,412,888"
13269965,667,19895.0,Kharghar,Mumbai,Apartment,2,2,0,Unfurnished,1,1,19.08071327,73.07395935,333.5,1.0,New,13492739.863333333,1153629.4584470897,11231626.124777038,15753853.601889629,4522227.477112591,8.550001483257601,Medium Confidence,"₹11,231,626 - ₹15,753,854"
12389441,507,24436.76725838264,Kanjurmarg,Mumbai,Apartment,1,1,0,Unfurnished,4,1,19.13116074,72.94013977,507.0,1.0,New,12253692.303333335,469803.03694672673,11332878.350917751,13174506.255748918,1841627.9048311673,3.833971225301027,High Confidence,"₹11,332,878 - ₹13,174,506"
20000000,745,26845.637583892614,Kandivali,Mumbai,Apartment,2,2,0,Unfurnished,0,1,19.20690727,72.8412323,372.5,1.0,New,19371495.047333334,2789162.44860328,13904736.648070905,24838253.446595762,10933516.798524857,14.398281814532607,Low Confidence,"₹13,904,737 - ₹24,838,253"
18086250,1223,14788.430089942764,Kharghar,Mumbai,Apartment,2,2,0,Semi-Furnished,0,1,19.05433083,73.07266998,611.5,1.0,New,18347950.0,1337270.178697384,15726900.449753128,20968999.550246872,5242099.100493744,7.288390140028635,Medium Confidence,"₹15,726,900 - ₹20,969,000"
2376000,720,3300.0,Neral,Mumbai,Apartment,2,2,0,Unfurnished,2,1,19.02311897,73.3099823,360.0,1.0,New,2333604.4761904757,61230.4914012834,2213592.7130439603,2453616.239336991,240023.52629303094,2.623859014070797,High Confidence,"₹2,213,593 - ₹2,453,616"
6620457,549,12059.120218579235,Bhayandar,Mumbai,Apartment,1,1,0,Unfurnished,0,1,19.30460739,72.85523987,549.0,1.0,New,6211416.753333333,716495.4087699238,4807085.752144283,7615747.754522383,2808662.0023781005,11.535136623789079,Low Confidence,"₹4,807,086 - ₹7,615,748"
3199000,417,7671.4628297362115,Kalyan,Mumbai,Apartment,1,1,0,Unfurnished,0,1,19.23029709,73.13528442,417.0,1.0,New,3413165.2075555557,501152.92775303073,2430905.4691596157,4395424.945951496,1964519.4767918806,14.682937897165163,Low Confidence,"₹2,430,905 - ₹4,395,425"
77881632,2684,29017.001490312967,Chembur,Mumbai,Apartment,5,5,0,Unfurnished,0,1,19.05843353,72.89537048,536.8,1.0,New,79838089.25714286,7863519.272184208,64425591.48366181,95250587.0306239,30824995.54696209,9.849333000514768,Medium Confidence,"₹64,425,591 - ₹95,250,587"
27500000,1465,18771.33105802048,Seawoods,Mumbai,Apartment,3,3,0,Unfurnished,4,1,19.01456261,73.02214813,488.3333333333333,1.0,New,26496684.355555553,4503264.433955527,17670286.06500272,35323082.64610839,17652796.581105668,16.99557715798252,Low Confidence,"₹17,670,286 - ₹35,323,083"
15600000,1019,15309.126594700689,Borivali,Mumbai,Apartment,2,2,0,Unfurnished,0,1,19.2198658,72.86687469,509.5,1.0,New,16483703.775238097,4250255.233084661,8153203.5183921615,24814204.032084033,16661000.513691872,25.784588773485577,Low Confidence,"₹8,153,204 - ₹24,814,204"
8800000,950,9263.157894736842,Kamothe,Mumbai,Apartment,2,2,0,Unfurnished,0,1,19.0181675,73.09662628,475.0,1.0,New,8536732.760888888,2163675.560762479,4295928.661794429,12777536.859983347,8481608.19818892,25.345476089814788,Low Confidence,"₹4,295,929 - ₹12,777,537"
8000000,1300,6153.846153846154,Panvel,Mumbai,Apartment,2,2,0,Unfurnished,8,1,18.98104858,73.11483765,650.0,1.0,Recent,12122879.966666667,3324790.296153129,5606290.986206534,18639468.9471268,13033177.960920263,27.42574623600204,Low Confidence,"₹5,606,291 - ₹18,639,469"
22381876,1125,19895.000888888888,Kharghar,Mumbai,Apartment,3,2,0,Unfurnished,1,1,19.08071327,73.07395935,375.0,0.6666666666666666,New,15271201.13015873,5373441.201377934,4739256.37545798,25803145.88485948,21063889.5094015,35.18676203383932,Low Confidence,"₹4,739,256 - ₹25,803,146"
16770181,651,25760.646697388634,Thane,Mumbai,Apartment,2,2,0,Unfurnished,2,1,19.22076607,72.96321869,325.5,1.0,New,15293468.453333333,2938144.303976466,9534705.61753946,21052231.28912721,11517525.671587748,19.211759012953493,Low Confidence,"₹9,534,706 - ₹21,052,231"
2600000,569,4569.420035149385,Neral,Mumbai,Villa,2,2,2,Unfurnished,3,1,19.02330017,73.3647995,284.5,1.0,New,2845944.1333333333,1347138.28068312,205553.1031944179,5486335.163472248,5280782.060277831,47.33537334428537,Low Confidence,"₹205,553 - ₹5,486,335"
27600000,1641,16819.012797074953,Bhandup,Mumbai,Apartment,3,3,0,Unfurnished,11,1,19.14156532,72.93086243,547.0,1.0,Moderate,25297782.555555556,4942746.106498763,15610000.186817981,34985564.92429313,19375564.73747515,19.53825832617612,Low Confidence,"₹15,610,000 - ₹34,985,565"
80000000,1751,45688.17818389492,Worli,Mumbai,Apartment,3,4,0,Semi-Furnished,4,1,18.99875069,72.81726837,583.6666666666666,1.3333333333333333,New,76980886.0,19460679.59379638,38837953.9961591,115123818.0038409,76285864.00768179,25.2798851831822,Low Confidence,"₹38,837,954 - ₹115,123,818"
16000000,1700,9411.764705882351,Ulwe,Mumbai,Apartment,3,3,0,Unfurnished,0,1,18.97248077,73.03475189,566.6666666666666,1.0,New,15456618.666666666,2515794.000082589,10525662.42650479,20387574.90682854,9861912.48032375,16.276483585042335,Low Confidence,"₹10,525,662 - ₹20,387,575"
2415000,485,4979.381443298969,Palghar,Mumbai,Apartment,1,1,0,Semi-Furnished,0,1,19.68001556,72.74638367,485.0,1.0,New,1594822.0866666667,380152.41338294744,849723.3564360897,2339920.8168972437,1490197.460461154,23.836665955479898,Low Confidence,"₹849,723 - ₹2,339,921"
11991630,571,21001.10332749562,Bhandup,Mumbai,Apartment,2,2,0,Unfurnished,0,1,19.15318108,72.93383789,285.5,1.0,New,11653496.102222221,2917756.9940795996,5934692.393826206,17372299.810618237,11437607.416792031,25.0376107606301,Low Confidence,"₹5,934,692 - ₹17,372,300"
28999154,997,29086.41323971916,Borivali,Mumbai,Apartment,3,3,0,Unfurnished,0,1,19.22545052,72.85449982,332.3333333333333,1.0,New,30473535.48666667,4269065.035219508,22106168.017636433,38840902.9556969,16734734.93806047,14.009090074525114,Low Confidence,"₹22,106,168 - ₹38,840,903"
27720900,616,45001.46103896104,Girgaon,Mumbai,Apartment,2,2,0,Unfurnished,0,1,18.94547272,72.83022308,308.0,1.0,New,25784990.658285715,4884529.068906686,16211313.68322861,35358667.63334282,19147353.950114205,18.943303620461457,Low Confidence,"₹16,211,314 - ₹35,358,668"
3700000,778,4755.784061696658,Ambernath,Mumbai,Apartment,2,2,2,Unfurnished,1,1,19.18885803,73.16997528,389.0,1.0,New,3709697.966666667,470463.9131452678,2787588.6969019417,4631807.236431392,1844218.5395294502,12.682000458598012,Low Confidence,"₹2,787,589 - ₹4,631,807"
34400000,1233,27899.43227899432,Andheri,Mumbai,Apartment,3,3,0,Unfurnished,0,1,19.11876488,72.85184479,411.0,1.0,New,39722525.82253968,10357458.877235096,19421906.42315889,60023145.22192047,40601238.79876158,26.074522359194948,Low Confidence,"₹19,421,906 - ₹60,023,145"
3452298,343,10065.008746355685,Panvel,Mumbai,Apartment,1,1,0,Unfurnished,0,1,18.98917961,73.11742401,343.0,1.0,New,3680175.746,653352.0269132806,2399605.77324997,4960745.71875003,2561139.94550006,17.753283321412354,Low Confidence,"₹2,399,606 - ₹4,960,746"
3250000,1050,3095.2380952380954,Badlapur,Mumbai,Apartment,2,2,0,Unfurnished,0,1,19.15452957,73.23560333,525.0,1.0,New,4506312.0,900753.236767799,2740835.6559351142,6271788.344064886,3530952.6881297715,19.9887011100829,Low Confidence,"₹2,740,836 - ₹6,271,788"
35900000,1158,31001.727115716752,Borivali,Western Mumbai,Apartment,3,3,0,Furnished,0,1,19.2388983,72.8430108,386.0,1.0,New,39448158.57333333,4312403.204214259,30995848.293073382,47900468.853593275,16904620.560519893,10.931823842163858,Low Confidence,"₹30,995,848 - ₹47,900,469"
5099999,253,20158.098814229248,Ulwe,Mumbai,Apartment,1,1,0,Unfurnished,2,1,18.97053909,73.02909088,253.0,1.0,New,5217476.633333334,973066.6571349252,3310265.9853488803,7124687.281317787,3814421.295968907,18.65013924390599,Low Confidence,"₹3,310,266 - ₹7,124,687"
22900000,1000,22900.0,Kolshet,Mumbai,Apartment,3,3,0,Semi-Furnished,0,1,19.24021149,72.99583435,333.3333333333333,1.0,New,16750099.166666666,5270514.714819628,6419890.325620195,27080308.00771314,20660417.682092942,31.465573202743496,Low Confidence,"₹6,419,890 - ₹27,080,308"
13000000,750,17333.333333333332,Jogeshwari,Mumbai,Apartment,1,1,0,Unfurnished,4,1,19.14411736,72.84809875,750.0,1.0,New,13710177.4,2400463.404576479,9005269.1270301,18415085.6729699,9409816.5459398,17.508623955343413,Low Confidence,"₹9,005,269 - ₹18,415,086"
25200000,868,29032.25806451613,Goregaon,Mumbai,Apartment,3,3,0,Semi-Furnished,0,1,19.15002823,72.84879303,289.3333333333333,1.0,New,24866579.08,2107639.288644951,20735606.074255895,28997552.0857441,8261946.011488207,8.475791068262016,Medium Confidence,"₹20,735,606 - ₹28,997,552"
8500000,1000,8500.0,Ulwe,Mumbai,Apartment,2,2,0,Unfurnished,0,1,18.98457527,73.02407837,500.0,1.0,New,8000787.666666667,1184646.26213815,5678880.992875893,10322694.340457441,4643813.347581549,14.806620441555898,Low Confidence,"₹5,678,881 - ₹10,322,694"
30800000,1200,25666.666666666668,Kanjurmarg,Mumbai,Apartment,3,3,0,Semi-Furnished,1,1,19.13327599,72.93379211,400.0,1.0,New,32159278.168333333,2136841.916170105,27971068.01263993,36347488.32402674,8376420.3113868125,6.6445580805175375,Medium Confidence,"₹27,971,068 - ₹36,347,488"
68500000,1790,38268.15642458101,Powai,Mumbai,Apartment,3,3,0,Semi-Furnished,4,1,19.11831284,72.90914917,596.6666666666666,1.0,New,57183925.55555555,13945243.965138651,29851247.383883797,84516603.7272273,54665356.343343504,24.386650321147528,Low Confidence,"₹29,851,247 - ₹84,516,604"
43000000,1650,26060.60606060606,Powai,Mumbai,Apartment,3,1,0,Unfurnished,7,1,19.12298965,72.91322327,550.0,0.3333333333333333,Recent,35736133.04666667,8178803.926671606,19705677.350390323,51766588.74294301,32060911.39255269,22.88665065129226,Low Confidence,"₹19,705,677 - ₹51,766,589"
4500000,560,8035.714285714285,Dombivali,Mumbai,Apartment,1,1,0,Semi-Furnished,8,1,19.21405792,73.09462738,560.0,1.0,Recent,3885855.555555555,516534.99170368025,2873446.971816342,4898264.139294769,2024817.1674784268,13.292696661490599,Low Confidence,"₹2,873,447 - ₹4,898,264"
2400000,400,6000.0,Dombivali,Mumbai,Apartment,1,1,0,Unfurnished,8,1,19.20101738,73.09404755,400.0,1.0,Recent,1864658.7133333334,805093.4932041564,286675.4666531868,3442641.96001348,3155966.493360293,43.17645301240897,Low Confidence,"₹286,675 - ₹3,442,642"
2352000,585,4020.51282051282,Badlapur,Mumbai,Apartment,1,2,0,Unfurnished,0,1,19.18650055,73.21971893,585.0,2.0,New,2767828.0,405220.9075093074,1973595.0212817574,3562060.9787182426,1588465.9574364852,14.640393388220199,Low Confidence,"₹1,973,595 - ₹3,562,061"
4700000,595,7899.159663865546,Kalwa,Mumbai,Apartment,1,2,0,Unfurnished,0,1,19.20393562,73.0112381,595.0,2.0,New,7006532.72,1640374.211988096,3791399.264503332,10221666.175496668,6430266.910993336,23.412068101896995,Low Confidence,"₹3,791,399 - ₹10,221,666"
23000000,1550,14838.709677419354,Thane,Mumbai,Apartment,3,3,0,Semi-Furnished,13,1,19.21341705,72.98425293,516.6666666666666,1.0,Moderate,22407643.786666665,4733594.679573256,13129798.214703085,31685489.358630247,18555691.143927164,21.124910430742883,Low Confidence,"₹13,129,798 - ₹31,685,489"
35000000,1500,23333.33333333333,Goregaon,Mumbai,Apartment,3,3,0,Semi-Furnished,16,1,19.17333031,72.84741974,500.0,1.0,Moderate,32583911.111111112,6328008.717822651,20181014.024178714,44986808.19804351,24805794.173864797,19.42065424940593,Low Confidence,"₹20,181,014 - ₹44,986,808"
200000000,2550,78431.37254901961,Tardeo,Mumbai South,Apartment,3,3,0,Furnished,13,1,18.970969,72.812914,850.0,1.0,Moderate,187395029.35333332,85755226.08362184,19314786.22943452,355475272.4772321,336160486.2477976,45.761739988273845,Low Confidence,"₹19,314,786 - ₹355,475,272"
9200000,1250,7360.0,Kalyan,Mumbai,Apartment,3,3,0,Semi-Furnished,11,1,19.25933456,73.12898254,416.6666666666667,1.0,Moderate,9679456.0,1351936.0482152994,7029661.345498013,12329250.654501986,5299589.309003972,13.967066415873985,Low Confidence,"₹7,029,661 - ₹12,329,251"
18000000,1278,14084.50704225352,Chembur,Mumbai,Apartment,2,2,0,Unfurnished,5,1,19.06196213,72.89355469,639.0,1.0,New,20918939.226666667,4386541.530620527,12321317.826650433,29516560.6266829,17195242.800032467,20.969235022341532,Low Confidence,"₹12,321,318 - ₹29,516,561"
10691262,387,27626.0,Malad,Mumbai,Apartment,1,2,0,Unfurnished,0,1,19.19096375,72.83621979,387.0,2.0,New,9858238.118,920128.677415762,8054785.910265107,11661690.325734895,3606904.415469788,9.333601667986835,Medium Confidence,"₹8,054,786 - ₹11,661,690"
28300000,1070,26448.59813084112,Borivali,Mumbai,Apartment,3,3,0,Semi-Furnished,0,1,19.22160149,72.84312439,356.6666666666667,1.0,New,30377244.326666668,5785844.26314345,19036989.570905507,41717499.08242783,22680509.511522323,19.04663965211731,Low Confidence,"₹19,036,990 - ₹41,717,499"
5050000,529,9546.313799621928,Dombivali,Mumbai,Apartment,1,1,0,Semi-Furnished,0,1,19.21731758,73.11893463,529.0,1.0,New,4250042.786666667,995493.8487351794,2298874.8431457155,6201210.730187619,3902335.8870419036,23.423148864718865,Low Confidence,"₹2,298,875 - ₹6,201,211"
16500000,1300,12692.307692307691,Thane,Mumbai,Apartment,3,3,0,Semi-Furnished,9,1,19.25993538,72.98371124,433.3333333333333,1.0,Recent,25578544.444444448,8603252.413190125,8716169.714591805,42440919.174297094,33724749.45970529,33.634644191251915,Low Confidence,"₹8,716,170 - ₹42,440,919"
4650000,680,6838.235294117647,Kalyan,Mumbai,Apartment,1,2,0,Unfurnished,0,1,19.26787567,73.13653564,680.0,2.0,New,4517478.333333333,509115.34215135255,3519612.262716682,5515344.403949984,1995732.1412333022,11.269901139197922,Low Confidence,"₹3,519,612 - ₹5,515,344"
11900000,1200,9916.666666666666,Kharghar,Mumbai,Apartment,2,2,0,Semi-Furnished,11,1,19.0733223,73.07743073,600.0,1.0,Moderate,11261186.666666666,2306918.249286024,6739626.89806606,15782746.435267273,9043119.537201215,20.485569750073918,Low Confidence,"₹6,739,627 - ₹15,782,746"
10300000,1600,6437.5,Vasai,Mumbai,Apartment,3,4,0,Semi-Furnished,0,1,19.39154053,72.82337189,533.3333333333334,1.3333333333333333,New,10724087.333333334,1766277.359661943,7262183.708395926,14185990.958270742,6923807.249874815,16.470188135934702,Low Confidence,"₹7,262,184 - ₹14,185,991"
7500000,510,14705.882352941177,Jogeshwari,Mumbai,Apartment,1,2,0,Furnished,0,1,19.13186455,72.86135101,510.0,2.0,New,10090823.555555554,1207356.0994328586,7724405.600667151,12457241.510443958,4732835.909776807,11.964891594682008,Low Confidence,"₹7,724,406 - ₹12,457,242"
3200000,636,5031.446540880504,Ambarnath,Mumbai,Apartment,1,1,1,Unfurnished,0,1,19.20596123,73.19746399,636.0,1.0,New,2835671.72,311540.7368166397,2225051.875839386,3446291.5641606143,1221239.6883212281,10.986488126229213,Low Confidence,"₹2,225,052 - ₹3,446,292"
22500000,600,37500.0,Lower Parel,Mumbai,Apartment,2,2,0,Semi-Furnished,0,1,18.99783325,72.82821655,300.0,1.0,New,23702843.613333333,5819970.768277589,12295700.907509258,35109986.31915741,22814285.411648147,24.55389261819935,Low Confidence,"₹12,295,701 - ₹35,109,986"
18400000,890,20674.157303370783,Malad,Mumbai,Apartment,2,2,0,Semi-Furnished,0,1,19.19367027,72.8123703,445.0,1.0,New,18225863.606666666,3347922.2189519485,11663936.057520848,24787791.155812483,13123855.098291636,18.369073154521708,Low Confidence,"₹11,663,936 - ₹24,787,791"
6944000,620,11200.0,Anjurdive,Mumbai,Apartment,2,2,0,Unfurnished,0,1,19.2476902,73.05210114,310.0,1.0,New,6944324.806666668,487529.89153620024,5988766.219255716,7899883.39407762,1911117.174821904,7.02055138705729,Medium Confidence,"₹5,988,766 - ₹7,899,883"
23760000,880,27000.0,Chembur,Mumbai,Apartment,2,2,0,Unfurnished,1,1,19.05495071,72.91215515,440.0,1.0,New,23501955.84,2061010.8499705712,19462374.57405768,27541537.10594232,8079162.53188464,8.769529072396432,Medium Confidence,"₹19,462,375 - ₹27,541,537"
5400000,725,7448.275862068966,Vasai,Mumbai,Apartment,1,2,0,Semi-Furnished,1,1,19.34662247,72.79890442,725.0,2.0,New,5448268.888888889,175122.7672939511,5105028.264992745,5791509.512785033,686481.2477922887,3.2142827541256933,High Confidence,"₹5,105,028 - ₹5,791,510"
18500000,1100,16818.18181818182,Nerul,Mumbai,Apartment,2,2,0,Unfurnished,16,1,19.01269722,73.02336884,550.0,1.0,Moderate,17847700.0,4831319.85520865,8378313.0837910455,27317086.916208953,18938773.832417905,27.069705649515907,Low Confidence,"₹8,378,313 - ₹27,317,087"
32000000,2150,14883.720930232555,Thane,Mumbai,Apartment,4,5,0,Semi-Furnished,20,1,19.22483444,72.96968079,537.5,1.25,Moderate,28517600.0,3371293.654766174,21909864.4366583,35125335.5633417,13215471.1266834,11.821800063000302,Low Confidence,"₹21,909,864 - ₹35,125,336"
2400000,679,3534.6097201767307,Ambernath,Mumbai,Apartment,1,1,0,Unfurnished,11,1,19.18997574,73.20127106,679.0,1.0,Moderate,2658353.133333333,148509.46046893735,2367274.5908142156,2949431.67585245,582157.0850382345,5.586521166310211,Medium Confidence,"₹2,367,275 - ₹2,949,432"
14561300,650,22402.0,Thane,Mumbai,Apartment,2,2,0,Unfurnished,0,1,19.21408844,72.9782486,325.0,1.0,New,15166426.028888887,1382750.1389004795,12456235.756643947,17876616.301133826,5420380.544489879,9.11717853808556,Medium Confidence,"₹12,456,236 - ₹17,876,616"
10000000,605,16528.92561983471,Kanjurmarg,Mumbai,Apartment,1,1,1,Unfurnished,4,1,19.12968636,72.93330383,605.0,1.0,New,9348304.88,1915145.59857789,5594619.506787336,13101990.253212664,7507370.746425328,20.486554762192245,Low Confidence,"₹5,594,620 - ₹13,101,990"
7499900,370,20270.0,Vikhroli,Mumbai,Apartment,1,1,0,Unfurnished,1,1,19.11725044,72.93730164,370.0,1.0,New,7249461.473333334,406009.58944329864,6453682.678024468,8045240.268642199,1591557.5906177312,5.600548274334282,Medium Confidence,"₹6,453,683 - ₹8,045,240"
15000000,1100,13636.363636363636,Kharghar,Mumbai,Apartment,2,2,0,Semi-Furnished,0,1,19.06352615,73.05749512,550.0,1.0,New,10422279.100529103,697452.3632725979,9055272.468514811,11789285.732543394,2734013.2640285827,6.6919371141883035,Medium Confidence,"₹9,055,272 - ₹11,789,286"
52500000,2250,23333.33333333333,Mira Road,Mumbai,Villa,5,6,0,Semi-Furnished,0,1,19.26758766,72.88034058,450.0,1.2,New,28729825.208888892,19035872.63044191,0.0,66040135.564555034,66040135.564555034,66.25822639725733,Low Confidence,"₹0 - ₹66,040,136"
6500000,691,9406.657018813314,Mira Road,Mumbai,Apartment,1,2,0,Semi-Furnished,0,1,19.29657173,72.87451172,691.0,2.0,New,6479262.0,608815.6540552047,5285983.318051798,7672540.681948202,2386557.3638964035,9.396373445852394,Medium Confidence,"₹5,285,983 - ₹7,672,541"
12152555,690,17612.398550724636,Mira Road,Mumbai,Apartment,2,2,0,Unfurnished,0,1,19.27980042,72.88249969,345.0,1.0,New,11949880.326666666,764511.6010946296,10451437.588521192,13448323.06481214,2996885.4762909487,6.3976506893428,Medium Confidence,"₹10,451,438 - ₹13,448,323"
2420000,555,4360.360360360361,Ambernath,Mumbai,Apartment,1,1,1,Unfurnished,0,1,19.1883812,73.17363739,555.0,1.0,New,2356460.4266666668,190305.98579079058,1983460.6945167172,2729460.158816616,745999.4642998988,8.075925385260472,Medium Confidence,"₹1,983,461 - ₹2,729,460"
12500000,715,17482.517482517484,Kandivali,Mumbai,Apartment,2,2,0,Unfurnished,0,1,19.21524811,72.83713531,357.5,1.0,New,14687540.52,2987829.74800918,8831394.213902008,20543686.82609799,11712292.612195984,20.342614503365333,Low Confidence,"₹8,831,394 - ₹20,543,687"
3600000,525,6857.142857142857,Dombivali,Mumbai,Apartment,1,2,0,Semi-Furnished,8,1,19.15664101,73.07836914,525.0,2.0,Recent,4027244.7933333335,578592.4386428073,2893203.613593431,5161285.973073236,2268082.3594798045,14.366954787566035,Low Confidence,"₹2,893,204 - ₹5,161,286"
5000000,560,8928.57142857143,Thane,Mumbai,Apartment,1,1,0,Semi-Furnished,10,1,19.22806549,72.98404694,560.0,1.0,Recent,6340219.986666666,1482870.6819669025,3433793.4500115374,9246646.523321796,5812853.073310259,23.388315943064196,Low Confidence,"₹3,433,793 - ₹9,246,647"
12538500,1000,12538.5,Vikhroli,Mumbai,Apartment,2,2,0,Unfurnished,0,1,19.1125145,72.9313736,500.0,1.0,New,13268817.548888888,1294069.1852929029,10732441.945714798,15805193.152062979,5072751.206348181,9.752709165868865,Medium Confidence,"₹10,732,442 - ₹15,805,193"
6000000,450,13333.333333333334,Malad,Mumbai,Apartment,1,1,0,Furnished,0,1,19.18901825,72.82188416,450.0,1.0,New,7128110.315238095,3544477.669415956,180934.08318282105,14075286.547293369,13894352.464110548,49.72534813102934,Low Confidence,"₹180,934 - ₹14,075,287"
5179173,597,8675.331658291458,Bhiwandi,Mumbai,Apartment,1,1,0,Unfurnished,0,1,19.27704048,73.07821655,597.0,1.0,New,3501596.0022222223,722654.622230433,2085192.9426505736,4917999.061793871,2832806.119143298,20.637864041763066,Low Confidence,"₹2,085,193 - ₹4,917,999"
34900000,1250,27920.0,Chembur,Mumbai,Apartment,3,3,0,Unfurnished,0,1,19.06089592,72.90271759,416.6666666666667,1.0,New,29945875.893333334,7047539.76638112,16132697.951226339,43759053.83544033,27626355.88421399,23.53425824472234,Low Confidence,"₹16,132,698 - ₹43,759,054"
4690000,372,12607.52688172043,Kalyan,Mumbai,Apartment,1,1,0,Unfurnished,0,1,19.22990036,73.13379669,372.0,1.0,New,4459129.770666667,547884.7386882671,3385275.682837664,5532983.85849567,2147708.175658006,12.286808567276905,Low Confidence,"₹3,385,276 - ₹5,532,984"
3298720,572,5766.993006993007,Taloja,Mumbai,Apartment,1,1,0,Semi-Furnished,0,1,19.0341835,73.08432007,572.0,1.0,New,3630921.466666667,711378.7376893655,2236619.1407955103,5025223.792537823,2788604.651742313,19.592236962988903,Low Confidence,"₹2,236,619 - ₹5,025,224"
20000000,2054,9737.09834469328,Thane,Mumbai,Apartment,4,4,4,Unfurnished,0,1,19.2308712,72.98613739,513.5,1.0,New,20541111.11111111,3508504.834375967,13664441.635734214,27417780.586488,13753338.950753788,17.080404343259428,Low Confidence,"₹13,664,442 - ₹27,417,781"
4700000,710,6619.718309859155,Kalyan,Mumbai,Apartment,2,2,0,Furnished,0,1,19.26291084,73.12187195,355.0,1.0,New,6031488.851111111,1458671.524348413,3172492.6633882215,8890485.038834002,5717992.37544578,24.184269595055273,Low Confidence,"₹3,172,493 - ₹8,890,485"
86612320,1731,50036.00231080301,Byculla,Mumbai,Apartment,3,3,0,Unfurnished,0,1,18.98055077,72.83454132,577.0,1.0,New,75189349.92888889,11232760.764928449,53173138.82962912,97205561.02814865,44032422.19851953,14.939297620676264,Low Confidence,"₹53,173,139 - ₹97,205,561"
7600000,750,10133.333333333334,Bhayandar,Mumbai,Apartment,1,2,0,Semi-Furnished,0,1,19.26326942,72.87560272,750.0,2.0,New,7921637.995078996,146009.16832957836,7635460.025153022,8207815.965004969,572355.9398519471,1.8431689054748623,High Confidence,"₹7,635,460 - ₹8,207,816"
20000036,925,21621.66054054054,Chembur,Mumbai,Apartment,3,3,0,Unfurnished,0,1,19.06518555,72.89086151,308.3333333333333,1.0,New,24814662.847111113,4938692.775663615,15134825.006810429,34494500.6874118,19359675.680601373,19.902316650812647,Low Confidence,"₹15,134,825 - ₹34,494,501"
13200000,650,20307.69230769231,Andheri,Mumbai,Apartment,2,2,0,Unfurnished,0,1,19.11438179,72.86911774,325.0,1.0,New,15839417.213666668,1850434.6970719297,12212565.207405686,19466269.21992765,7253704.012521964,11.682467051094063,Low Confidence,"₹12,212,565 - ₹19,466,269"
7300000,1500,4866.666666666667,Naigaon,Mumbai,Apartment,3,3,0,Semi-Furnished,0,1,19.35938072,72.85646057,500.0,1.0,New,7243542.88888889,377889.8350996679,6502878.812093541,7984206.965684239,1481328.1535906978,5.216919964390984,Medium Confidence,"₹6,502,879 - ₹7,984,207"
87500000,1300,67307.69230769231,Adarsh Nagar,Mumbai South,Apartment,3,3,0,Furnished,0,1,19.014942,72.821365,433.3333333333333,1.0,New,84728997.06476189,28184795.46030835,29486797.962557524,139971196.16696626,110484398.20440874,33.26463954101279,Low Confidence,"₹29,486,798 - ₹139,971,196"
12788779,620,20627.062903225808,Thane,Mumbai,Apartment,2,2,0,Unfurnished,0,1,19.20804596,72.96741486,310.0,1.0,New,12214809.331666667,811537.0578062987,10624196.698366322,13805421.964967012,3181225.266600691,6.643878228229106,Medium Confidence,"₹10,624,197 - ₹13,805,422"
14000000,1050,13333.333333333334,Borivali,Mumbai,Apartment,2,2,0,Unfurnished,0,1,19.22084236,72.86273956,525.0,1.0,New,15893866.555555556,3681516.526178817,8678094.164245076,23109638.946866035,14431544.782620959,23.163127193187464,Low Confidence,"₹8,678,094 - ₹23,109,639"
3500000,419,8353.221957040572,Taloja,Mumbai,Apartment,1,1,0,Unfurnished,0,1,19.07893753,73.11753845,419.0,1.0,New,3438261.66,483686.91035473,2490235.3157047294,4386288.004295271,1896052.6885905415,14.067774886997109,Low Confidence,"₹2,490,235 - ₹4,386,288"
13300000,550,24181.81818181818,Kanjurmarg,Mumbai,Apartment,1,1,0,Unfurnished,0,1,19.13060951,72.9336319,550.0,1.0,New,11901794.178888889,2316122.126520816,7362194.81090809,16441393.546869688,9079198.735961597,19.460277095272716,Low Confidence,"₹7,362,195 - ₹16,441,394"
45000000,1250,36000.0,Khar,Mumbai,Apartment,3,3,0,Furnished,0,1,19.071661,72.83438873,416.6666666666667,1.0,New,62623389.92533331,10183866.467486477,42663011.64905982,82583768.20160681,39920756.55254699,16.262081116382927,Low Confidence,"₹42,663,012 - ₹82,583,768"
7500000,455,16483.516483516483,Chembur,Mumbai,Apartment,1,1,1,Unfurnished,0,1,19.05230522,72.8873291,455.0,1.0,New,10407436.08,2051416.2495186082,6386660.230943528,14428211.929056473,8041551.698112945,19.711062683928667,Low Confidence,"₹6,386,660 - ₹14,428,212"
2200000,540,4074.074074074074,Rabale Station Road,Mumbai,Apartment,1,1,1,Unfurnished,2,1,19.14225006,73.00177002,540.0,1.0,New,3906666.6666666665,2378996.0534272073,0.0,8569498.931383993,8569498.931383993,60.89580341537221,Low Confidence,"₹0 - ₹8,569,499"
13600000,1019,13346.418056918548,Balkum,Mumbai,Apartment,3,2,1,Unfurnished,2,1,19.21784973,72.98886871,339.6666666666667,0.6666666666666666,New,21628225.623999998,5854260.030577788,10153875.964067534,33102575.283932462,22948699.31986493,27.06768522000965,Low Confidence,"₹10,153,876 - ₹33,102,575"
54000000,2060,26213.59223300971,Wadala,Mumbai,Apartment,3,3,0,Semi-Furnished,8,1,19.03731155,72.87870789,686.6666666666666,1.0,Recent,63136144.977079354,17298482.372073233,29231119.52781582,97041170.42634289,67810050.89852707,27.39869907855982,Low Confidence,"₹29,231,120 - ₹97,041,170"
62500000,1850,33783.78378378379,Andheri,Mumbai,Apartment,3,3,0,Semi-Furnished,0,1,19.12936211,72.82793427,616.6666666666666,1.0,New,58079344.444444455,11587440.539456164,35367960.98711038,80790727.90177853,45422766.91466816,19.951052564892635,Low Confidence,"₹35,367,961 - ₹80,790,728"
52000000,1400,37142.857142857145,Byculla,Mumbai,Apartment,3,3,0,Unfurnished,0,1,18.9732933,72.83237457,466.6666666666667,1.0,New,57554840.906666666,8241602.729375733,41401299.55709023,73708382.25624311,32307082.69915288,14.319564782987865,Low Confidence,"₹41,401,300 - ₹73,708,382"
89900000,2083,43158.90542486798,Mahalaxmi,Mumbai,Apartment,4,4,0,Unfurnished,0,1,18.98426056,72.81542206,520.75,1.0,New,106459449.55999999,18523821.49835919,70152759.42321599,142766139.696784,72613380.273568,17.399884721289357,Low Confidence,"₹70,152,759 - ₹142,766,140"
5499999,1550,3548.386451612904,Naigaon,Mumbai,Villa,1,2,0,Unfurnished,0,1,19.36115456,72.84281158,1550.0,2.0,New,5241502.62,737218.0931039667,3796555.1575162252,6686450.082483775,2889894.9249675497,14.065014301260936,Low Confidence,"₹3,796,555 - ₹6,686,450"
3500000,525,6666.666666666667,Kalyan,Mumbai,Apartment,1,1,0,Unfurnished,0,1,19.24932671,73.14307404,525.0,1.0,New,4206014.533333333,967775.5340806373,2309174.486535284,6102854.580131382,3793680.0935960975,23.009324537774713,Low Confidence,"₹2,309,174 - ₹6,102,855"
6835000,765,8934.640522875818,Bhayandar,Mumbai,Apartment,1,2,0,Semi-Furnished,0,1,19.28839874,72.86901855,765.0,2.0,New,6950523.38,379239.5440089143,6207213.873742528,7693832.8862574715,1486619.0125149433,5.456273193759322,Medium Confidence,"₹6,207,214 - ₹7,693,833"
62500000,1500,41666.66666666666,Andheri,Mumbai,Apartment,3,3,0,Furnished,0,1,19.15320396,72.82540131,500.0,1.0,New,58666027.02444445,10020261.428153899,39026314.62526281,78305739.4236261,39279424.79836328,17.080177295760528,Low Confidence,"₹39,026,315 - ₹78,305,739"
5200000,800,6500.0,Dombivali,Mumbai,Apartment,1,2,0,Unfurnished,0,1,19.20384407,73.09588623,800.0,2.0,New,5384437.333333333,951814.9305088432,3518880.0695360005,7249994.597130666,3731114.527594665,17.677147519508875,Low Confidence,"₹3,518,880 - ₹7,249,995"
6500000,1650,3939.39393939394,Karjat,Mumbai,Independent House,2,2,0,Semi-Furnished,0,1,18.90983391,73.34146118,825.0,1.0,New,7894066.666666667,3736521.6270790696,570484.2775916904,15217649.055741644,14647164.778149953,47.33329201356803,Low Confidence,"₹570,484 - ₹15,217,649"
15500000,1040,14903.846153846154,Thane,Mumbai,Apartment,2,2,0,Semi-Furnished,7,1,19.22767639,72.9787674,520.0,1.0,Recent,14512840.160634922,3431771.128408016,7786568.748955211,21239111.572314635,13452542.823359424,23.646447493554422,Low Confidence,"₹7,786,569 - ₹21,239,112"
11800000,450,26222.222222222223,Goregaon,Mumbai,Apartment,1,2,0,Unfurnished,3,1,19.15229797,72.84475708,450.0,2.0,New,10815791.4,1682851.0738314216,7517403.295290414,14114179.504709587,6596776.209419172,15.559204237531999,Low Confidence,"₹7,517,403 - ₹14,114,180"
48006770,980,48986.5,Bandra,Mumbai,Apartment,3,3,0,Unfurnished,2,1,19.0533371,72.84757233,326.6666666666667,1.0,New,55457012.43111111,6480129.616899779,42755958.38198754,68158066.48023468,25402108.09824714,11.684959814503925,Low Confidence,"₹42,755,958 - ₹68,158,066"
6000000,682,8797.653958944282,Kamothe,Mumbai,Apartment,1,1,0,Semi-Furnished,10,1,19.01552391,73.09092712,682.0,1.0,Recent,6055043.066666666,471139.0827820057,5131610.464413935,6978475.6689193975,1846865.2045054622,7.780936941235833,Medium Confidence,"₹5,131,610 - ₹6,978,476"
9618903,493,19510.959432048683,Panvel,Mumbai,Apartment,2,2,0,Unfurnished,5,1,19.00163078,73.13468933,246.5,1.0,New,9090933.005,911599.7179087023,7304197.557898944,10877668.452101057,3573470.894202113,10.027570518970096,Low Confidence,"₹7,304,198 - ₹10,877,668"
9000000,450,20000.0,Bhandup,Mumbai,Apartment,1,1,0,Semi-Furnished,6,1,19.1501236,72.93332672,450.0,1.0,Recent,7777462.653333333,1465728.163907219,4904635.452075184,10650289.854591481,5745654.402516297,18.845839951144274,Low Confidence,"₹4,904,635 - ₹10,650,290"
7200000,750,9600.0,Mira Road,Mumbai,Apartment,1,2,0,Unfurnished,0,1,19.27273941,72.86670685,750.0,2.0,New,7126287.333333333,479397.96123842173,6186667.329306027,8065907.337360639,1879240.0080546122,6.727176983111942,Medium Confidence,"₹6,186,667 - ₹8,065,907"
8050000,465,17311.827956989247,Kandivali,Mumbai,Apartment,1,1,0,Unfurnished,0,1,19.20074463,72.85809326,465.0,1.0,New,8740256.1,1600836.1182794503,5602617.308172277,11877894.891827721,6275277.583655444,18.315666039573493,Low Confidence,"₹5,602,617 - ₹11,877,895"
8430000,1350,6244.444444444444,Naigaon,Mumbai,Apartment,3,2,0,Semi-Furnished,0,1,19.36672592,72.85347748,450.0,0.6666666666666666,New,8022979.595555555,582783.6938788736,6880723.555552963,9165235.635558147,2284512.080005184,7.263930899210001,Medium Confidence,"₹6,880,724 - ₹9,165,236"
5900000,720,8194.444444444445,Bhayandar,Mumbai,Apartment,1,2,0,Semi-Furnished,0,1,19.30483818,72.85870361,720.0,2.0,New,6469217.844444445,249546.7779323965,5980106.159696948,6958329.529191943,978223.3694949951,3.8574489827498883,High Confidence,"₹5,980,106 - ₹6,958,330"
11715120,423,27695.31914893617,Andheri,Western Mumbai,Apartment,1,1,0,Furnished,0,1,19.1147816,72.8509808,423.0,1.0,New,13294606.92,3295508.487455849,6835410.284586536,19753803.555413462,12918393.270826926,24.788310833757613,Low Confidence,"₹6,835,410 - ₹19,753,804"
31000000,900,34444.444444444445,Prabhadevi,Mumbai,Apartment,2,2,0,Furnished,0,1,19.01498032,72.82868195,450.0,1.0,New,38026742.96603175,5041150.935193911,28146087.133051686,47907398.79901182,19761311.665960133,13.256856995870073,Low Confidence,"₹28,146,087 - ₹47,907,399"
37053288,813,45576.0,Kanjurmarg,Central Mumbai,Apartment,2,2,0,Furnished,0,1,19.13274481516,72.936097173469,406.5,1.0,New,25123688.897777777,5792636.773358306,13770120.821995499,36477256.97356006,22707136.15156456,23.056473899701377,Low Confidence,"₹13,770,121 - ₹36,477,257"
20400000,682,29912.02346041056,Borivali,Mumbai,Apartment,2,2,0,Unfurnished,0,1,19.23934746,72.83852386,341.0,1.0,New,19304698.198888887,3313483.457228869,12810270.622720303,25799125.775057472,12988855.15233717,17.164129804523863,Low Confidence,"₹12,810,271 - ₹25,799,126"
28000000,1375,20363.636363636364,Ghatkopar,Mumbai,Apartment,3,3,0,Unfurnished,0,1,19.06930923,72.91145325,458.3333333333333,1.0,New,39670913.333333336,10125330.27338643,19825265.997495934,59516560.66917074,39691294.6716748,25.5233102104525,Low Confidence,"₹19,825,266 - ₹59,516,561"
8650000,956,9048.117154811716,Mira Road,Mumbai,Apartment,2,2,0,Unfurnished,6,1,19.28352356,72.87909698,478.0,1.0,Recent,9663197.384920634,1616272.8587971658,6495302.581678189,12831092.18816308,6335789.60648489,16.726066894994307,Low Confidence,"₹6,495,303 - ₹12,831,092"
7900000,750,10533.333333333334,Thane,Mumbai,Apartment,1,2,0,Semi-Furnished,7,1,19.26090813,72.97863007,750.0,2.0,Recent,7701243.984126984,636601.1821586199,6453505.66709609,8948982.301157879,2495476.634061789,8.266212360895423,Medium Confidence,"₹6,453,506 - ₹8,948,982"
9886000,687,14390.101892285298,Mira Road,Mumbai,Apartment,2,2,0,Unfurnished,0,1,19.2785778,72.88000488,343.5,1.0,New,10339215.026666667,1652939.299054062,7099454.000520706,13578976.052812628,6479522.052291922,15.987086977017489,Low Confidence,"₹7,099,454 - ₹13,578,976"
15200000,546,27838.82783882784,Andheri,Mumbai,Apartment,1,2,0,Unfurnished,0,1,19.12336159,72.85231018,546.0,2.0,New,11603412.698412698,2269481.9460843746,7155228.084087323,16051597.312738072,8896369.228650749,19.55874538871509,Low Confidence,"₹7,155,228 - ₹16,051,597"
14499768,647,22410.76970633694,Kanjurmarg,Mumbai,Apartment,2,2,0,Unfurnished,0,1,19.13045883,72.93073273,323.5,1.0,New,17159573.756,4096545.4607660524,9130344.652898539,25188802.859101463,16058458.206202924,23.873235541958948,Low Confidence,"₹9,130,345 - ₹25,188,803"
4250000,600,7083.333333333333,Virar,Mumbai,Apartment,1,2,0,Semi-Furnished,3,1,19.45886421,72.79956055,600.0,2.0,New,2930400.0,332781.9105660643,2278147.455290514,3582652.544709486,1304505.089418972,11.356194054260998,Low Confidence,"₹2,278,147 - ₹3,582,653"
12000000,596,20134.228187919463,Vikhroli,Mumbai,Apartment,2,2,0,Unfurnished,0,1,19.08892632,72.9238739,298.0,1.0,New,12856927.866666667,1177607.8447857068,10548816.49088668,15165039.242446654,4616222.751559973,9.159325283599165,Medium Confidence,"₹10,548,816 - ₹15,165,039"
14482844,746,19414.0,Thane,Mumbai,Apartment,3,3,0,Unfurnished,0,1,19.2383709,72.99481201,248.66666666666666,1.0,New,14715461.564960318,622733.3919756596,13494904.116688024,15936019.013232611,2441114.896544587,4.231830508520913,High Confidence,"₹13,494,904 - ₹15,936,019"
4200000,850,4941.176470588235,Dombivali,Mumbai,Apartment,2,2,0,Unfurnished,0,1,19.21205139,73.09489441,425.0,1.0,New,5093897.426666667,1192816.8866533348,2755976.3288261304,7431818.524507203,4675842.195681073,23.41658629419807,Low Confidence,"₹2,755,976 - ₹7,431,819"
9000000,1100,8181.818181818182,Thane,Mumbai,Apartment,3,3,0,Unfurnished,10,1,19.26193047,72.95964813,366.6666666666667,1.0,Recent,12363253.213333333,3951938.606376619,4617453.54483516,20109052.881831504,15491599.336996345,31.965199920960874,Low Confidence,"₹4,617,454 - ₹20,109,053"
14200000,803,17683.68617683686,Bhandup,Mumbai,Apartment,2,2,0,Semi-Furnished,0,1,19.14726257,72.93522644,401.5,1.0,New,13887694.444444446,3057405.9473748673,7895178.7875897065,19880210.101299185,11985031.313709479,22.015216129686195,Low Confidence,"₹7,895,179 - ₹19,880,210"
7600000,344,22093.023255813958,Chembur,Mumbai,Apartment,1,1,0,Unfurnished,0,1,19.05183029,72.8861618,344.0,1.0,New,9633055.588666666,617995.8794987921,8421783.664849034,10844327.512484299,2422543.8476352654,6.4153671055928205,Medium Confidence,"₹8,421,784 - ₹10,844,328"
4350000,645,6744.186046511628,Kalyan,Mumbai,Apartment,1,1,1,Unfurnished,2,1,19.25468063,73.15262604,645.0,1.0,New,4332693.333333333,285891.81978892395,3772345.366547042,4893041.300119624,1120695.9335725815,6.598478078045157,Medium Confidence,"₹3,772,345 - ₹4,893,041"
540100000,4334,124619.28934010152,Prabhadevi,Mumbai South,Apartment,4,4,0,Furnished,0,1,19.018933731758,72.829256858344,1083.5,1.0,New,299585216.8333333,150810968.94444388,3995717.702223301,595174715.9644433,591178998.26222,50.33992349106591,Low Confidence,"₹3,995,718 - ₹595,174,716"
25800000,1093,23604.757548032936,Thane,Mumbai,Apartment,3,3,0,Unfurnished,0,1,19.2063961,72.95719147,364.3333333333333,1.0,New,23957687.72,3049332.924027682,17980995.188905742,29934380.251094256,11953385.062188514,12.727993451062822,Low Confidence,"₹17,980,995 - ₹29,934,380"
53000000,1506,35192.5630810093,Andheri,Mumbai,Apartment,3,3,0,Unfurnished,0,1,19.12517166,72.84681702,502.0,1.0,New,34730391.9,10028019.217167336,15075474.234352019,54385309.565647975,39309835.33129595,28.873901699817377,Low Confidence,"₹15,075,474 - ₹54,385,310"
49500000,3200,15468.75,Thane,Mumbai,Apartment,4,4,0,Unfurnished,3,1,19.21039772,72.97322083,800.0,1.0,New,47748428.85333333,17004786.69323185,14419046.934598904,81077810.77206776,66658763.83746885,35.61329053457377,Low Confidence,"₹14,419,047 - ₹81,077,811"
7700000,1085,7096.774193548387,Dombivali,Mumbai,Apartment,2,2,0,Unfurnished,0,1,19.22648811,73.07160187,542.5,1.0,New,7416817.14,1686115.8200865733,4112030.132630316,10721604.147369683,6609574.014739366,22.733684655552576,Low Confidence,"₹4,112,030 - ₹10,721,604"
25892180,1169,22148.99914456801,Thane,Mumbai,Apartment,2,2,0,Unfurnished,0,1,19.22890091,72.97228241,584.5,1.0,New,16935785.3,4945836.863892097,7241945.046771491,26629625.553228512,19387680.506457023,29.203469318261238,Low Confidence,"₹7,241,945 - ₹26,629,626"
9200000,648,14197.530864197532,Dahisar,Mumbai,Apartment,1,2,0,Unfurnished,0,1,19.25340271,72.85206604,648.0,2.0,New,9928402.766666668,1246147.5813818264,7485953.507158288,12370852.026175048,4884898.51901676,12.551339935217035,Low Confidence,"₹7,485,954 - ₹12,370,852"
20000000,943,21208.907741251325,Dadar,Mumbai,Apartment,2,2,2,Unfurnished,4,1,19.01678848,72.8497467,471.5,1.0,New,19910666.666666668,416516.7730382805,19094293.79151164,20727039.541821696,1632745.750310056,2.0919278094067524,High Confidence,"₹19,094,294 - ₹20,727,040"
170000000,3060,55555.55555555556,Vile Parle,Mumbai,Apartment,4,4,0,Semi-Furnished,6,1,19.1133461,72.83358002,765.0,1.0,Recent,170165933.78666666,5943351.368581526,158516965.10424688,181814902.46908644,23297937.364839554,3.4926799015087098,High Confidence,"₹158,516,965 - ₹181,814,902"
31914264,1305,24455.37471264368,Thane,Mumbai,Apartment,3,3,0,Unfurnished,0,1,19.23203087,72.98685455,435.0,1.0,New,27202008.746666666,2973576.1663647364,21373799.460591782,33030218.03274155,11656418.572149768,10.931458018625623,Low Confidence,"₹21,373,799 - ₹33,030,218"
17900000,1030,17378.64077669903,Kandivali,Mumbai,Apartment,2,2,0,Unfurnished,0,1,19.21529007,72.8371582,515.0,1.0,New,18370888.88888889,2696243.0560474237,13086252.499035941,23655525.278741844,10569272.779705903,14.67671527684308,Low Confidence,"₹13,086,252 - ₹23,655,525"
40000000,4387,9117.848187827673,Chembur,Mumbai,Apartment,4,4,4,Unfurnished,5,1,19.05871391,72.90290833,1096.75,1.0,New,70849822.64666666,55490000.3281148,0.0,179610223.28977168,179610223.28977168,78.32059171812972,Low Confidence,"₹0 - ₹179,610,223"
9500000,1050,9047.619047619048,Thane,Mumbai,Apartment,2,2,0,Semi-Furnished,6,1,19.26681328,72.97154999,525.0,1.0,Recent,9601275.94,1092755.471202886,7459475.216442343,11743076.663557656,4283601.447115313,11.38135679082343,Low Confidence,"₹7,459,475 - ₹11,743,077"
8300000,650,12769.23076923077,Vikhroli,Mumbai,Apartment,1,2,0,Unfurnished,0,1,19.11413574,72.93557739,650.0,2.0,New,8445545.555555556,524747.8445235377,7417039.780289422,9474051.33082169,2057011.5505322674,6.213309028667234,Medium Confidence,"₹7,417,040 - ₹9,474,051"
3800000,665,5714.285714285715,Ulwe,Mumbai,Apartment,1,1,0,Unfurnished,0,1,18.96124077,73.03327179,665.0,1.0,New,4134567.7866666666,485011.6290365907,3183944.993754949,5085190.579578385,1901245.5858234358,11.73064886251659,Low Confidence,"₹3,183,945 - ₹5,085,191"
10000000,582,17182.13058419244,Ghatkopar,Mumbai,Apartment,1,1,1,Unfurnished,1,1,19.0826149,72.91159058,582.0,1.0,New,10625595.733333332,1221728.2215366596,8231008.41912148,13020183.047545185,4789174.628423706,11.497973875516474,Low Confidence,"₹8,231,008 - ₹13,020,183"
17000000,559,30411.449016100178,Chembur,Mumbai,Apartment,1,1,0,Semi-Furnished,0,1,19.06815338,72.89574432,559.0,1.0,New,11626224.146666666,1888326.3358873166,7925104.5283275265,15327343.765005806,7402239.23667828,16.241957079665585,Low Confidence,"₹7,925,105 - ₹15,327,344"
6200000,487,12731.006160164272,Mulund,Mumbai,Apartment,1,2,1,Unfurnished,2,1,19.18043137,72.95763397,487.0,2.0,New,9314114.453333333,3246493.2346131736,2950987.7134915125,15677241.193175154,12726253.479683641,34.8556296025686,Low Confidence,"₹2,950,988 - ₹15,677,241"
43000000,1050,40952.38095238096,Prabhadevi,Mumbai,Apartment,2,2,0,Furnished,11,1,19.01112556,72.83201599,525.0,1.0,Moderate,42198781.317777775,10676567.104206016,21272709.793533985,63124852.84202157,41852143.04848759,25.30065269848948,Low Confidence,"₹21,272,710 - ₹63,124,853"
148500000,2750,54000.0,Mahalaxmi,Mumbai,Apartment,5,6,0,Semi-Furnished,0,1,18.98426056,72.81542206,550.0,1.2,New,128721703.19555557,42388449.0545754,45640343.048587784,211803063.34252334,166162720.29393554,32.930304682325676,Low Confidence,"₹45,640,343 - ₹211,803,063"
25000000,640,39062.5,Parel,Mumbai,Apartment,2,2,0,Semi-Furnished,0,1,19.00500107,72.84590149,320.0,1.0,New,26550562.613333333,4965482.050853688,16818217.793660104,36282907.43300656,19464689.639346458,18.701984297538353,Low Confidence,"₹16,818,218 - ₹36,282,907"
20183200,860,23468.837209302324,Andheri,Mumbai,Apartment,3,4,0,Unfurnished,2,1,19.12643242,72.85369873,286.6666666666667,1.3333333333333333,New,30716212.03555556,7825894.939826463,15377457.953495692,46054966.11761543,30677508.16411974,25.478060025004375,Low Confidence,"₹15,377,458 - ₹46,054,966"
11799934,617,19124.690437601297,Mira Road,Mumbai,Apartment,2,2,0,Unfurnished,3,1,19.29961586,72.87039948,308.5,1.0,New,10996216.85288889,1505423.4962146461,8045586.800308183,13946846.905469596,5901260.105161414,13.690376575459643,Low Confidence,"₹8,045,587 - ₹13,946,847"
3000000,552,5434.782608695652,Palghar,Mumbai,Apartment,1,1,0,Semi-Furnished,0,1,19.69583321,72.77500153,552.0,1.0,New,3061294.601333333,459350.4748700907,2160967.6705879555,3961621.532078711,1800653.8614907553,15.005105182298454,Low Confidence,"₹2,160,968 - ₹3,961,622"
10000000,1150,8695.652173913044,Ulwe,Mumbai,Apartment,2,2,0,Unfurnished,3,1,18.96302605,73.02376556,575.0,1.0,New,10212733.333333334,1848326.4129717143,6590013.563908774,13835453.102757894,7245439.538849119,18.098253940881456,Low Confidence,"₹6,590,014 - ₹13,835,453"
7400000,365,20273.972602739726,Andheri,Mumbai,Apartment,1,1,0,Semi-Furnished,0,1,19.11557007,72.88295746,365.0,1.0,New,7771298.273333333,821221.4576228415,6161704.216392564,9380892.330274103,3219188.1138815396,10.567365049425595,Low Confidence,"₹6,161,704 - ₹9,380,892"
6799000,675,10072.592592592591,Dombivali,Mumbai,Apartment,2,2,0,Unfurnished,1,1,19.21678734,73.08773804,337.5,1.0,New,6686135.487746032,1156737.298957419,4418930.381789491,8953340.593702573,4534410.211913083,17.300536327410974,Low Confidence,"₹4,418,930 - ₹8,953,341"
15500000,980,15816.326530612245,Airoli,Mumbai,Apartment,2,2,0,Unfurnished,0,1,19.1482296,73.00058746,490.0,1.0,New,13085888.888888888,4259893.380976097,4736497.862175738,21435279.915602036,16698782.053426297,32.55333601825959,Low Confidence,"₹4,736,498 - ₹21,435,280"
10000000,680,14705.882352941177,Mulund,Mumbai,Apartment,1,2,0,Unfurnished,0,1,19.17701149,72.94730377,680.0,2.0,New,10494745.046666667,1489795.3476247864,7574746.165322086,13414743.928011248,5839997.762689162,14.195631632785343,Low Confidence,"₹7,574,746 - ₹13,414,744"
17000000,1050,16190.47619047619,Malad,Mumbai,Apartment,2,2,0,Semi-Furnished,21,1,19.18012619,72.85683441,525.0,1.0,Old,20783314.346666668,5020497.869374067,10943138.522693498,30623490.170639835,19680351.647946335,24.156387117241863,Low Confidence,"₹10,943,139 - ₹30,623,490"
8500000,1000,8500.0,Ghansoli,Mumbai,Apartment,2,2,0,Unfurnished,0,1,19.13016319,72.99938202,500.0,1.0,New,9771836.507936506,2101945.4233192517,5652023.478230773,13891649.537642239,8239626.059411466,21.51023936608119,Low Confidence,"₹5,652,023 - ₹13,891,650"
20500000,1708,12002.341920374707,Manpada,Mumbai,Apartment,3,3,3,Unfurnished,0,1,19.23563194,72.97525024,569.3333333333334,1.0,New,17708611.111111112,3691439.347988332,10473389.989053981,24943832.233168244,14470442.244114263,20.845448154159143,Low Confidence,"₹10,473,390 - ₹24,943,832"
15200000,650,23384.615384615383,Kanjurmarg,Mumbai,Apartment,2,2,0,Semi-Furnished,0,1,19.13045883,72.93073273,325.0,1.0,New,15509290.793333333,3535823.6591362315,8579076.421426319,22439505.165240347,13860428.743814029,22.79810022426109,Low Confidence,"₹8,579,076 - ₹22,439,505"
5400000,619,8723.747980613893,Thane,Mumbai,Apartment,1,1,0,Unfurnished,11,1,19.27278137,72.96468353,619.0,1.0,Moderate,5209528.26,549607.4805135445,4132297.5981934527,6286758.921806547,2154461.323613094,10.550043172499166,Low Confidence,"₹4,132,298 - ₹6,286,759"
6300000,860,7325.581395348837,Ulwe,Mumbai,Apartment,2,2,0,Furnished,7,1,18.964674,73.02326202,430.0,1.0,Recent,7881004.106666666,1597777.9305275772,4749359.362832615,11012648.850500718,6263289.487668103,20.27378629553043,Low Confidence,"₹4,749,359 - ₹11,012,649"
40000000,1245,32128.5140562249,Goregaon,Mumbai,Apartment,3,3,0,Unfurnished,14,1,19.17330933,72.84157562,415.0,1.0,Moderate,33706098.568888895,9611090.953226347,14868360.300565258,52543836.83721253,37675476.536647275,28.51439757580692,Low Confidence,"₹14,868,360 - ₹52,543,837"
5983500,375,15956.0,Mira Road,Mumbai,Apartment,1,1,0,Unfurnished,1,1,19.29460144,72.87283325,375.0,1.0,New,5515311.856666666,600676.3380378106,4337986.234112558,6692637.479220775,2354651.245108217,10.891067516186586,Low Confidence,"₹4,337,986 - ₹6,692,637"
9144225,575,15903.0,Kharghar,Mumbai,Apartment,2,2,0,Unfurnished,0,1,19.05433083,73.07266998,287.5,1.0,New,9011191.773333333,1128778.1429872636,6798786.613078296,11223596.93358837,4424810.3205100745,12.526402404703422,Low Confidence,"₹6,798,787 - ₹11,223,597"
40000000,1300,30769.23076923077,Borivali,Mumbai,Apartment,3,3,3,Unfurnished,3,1,19.22131157,72.85739899,433.3333333333333,1.0,New,18226000.0,3739348.0715226284,10896877.779815648,25555122.220184352,14658244.440368704,20.51655915462871,Low Confidence,"₹10,896,878 - ₹25,555,122"
28000000,2700,10370.37037037037,Kharghar,Mumbai,Apartment,4,4,0,Unfurnished,0,1,19.04447556,73.0816803,675.0,1.0,New,22315956.426666666,10013016.825968562,2690443.447768286,41941469.405565046,39251025.95779676,44.86931518652461,Low Confidence,"₹2,690,443 - ₹41,941,469"
46000000,800,57500.0,Dadar,Mumbai,Apartment,2,2,0,Unfurnished,0,1,19.02095222,72.83334351,400.0,1.0,New,45034728.95,4024857.8052002545,37146007.6518075,52923450.248192504,15777442.596385002,8.937231108171806,Medium Confidence,"₹37,146,008 - ₹52,923,450"
14500000,1200,12083.333333333334,Thane,Mumbai,Apartment,2,2,0,Furnished,13,1,19.22510719,72.96453857,600.0,1.0,Moderate,15084866.36,2399170.814876349,10382491.562842354,19787241.157157645,9404749.59431529,15.904488363504132,Low Confidence,"₹10,382,492 - ₹19,787,241"
16600000,1115,14887.892376681615,Nerul,Mumbai,Apartment,2,2,0,Unfurnished,0,1,19.0361557,73.02041626,557.5,1.0,New,16368666.666666666,1023727.611341134,14362160.548438044,18375172.78489529,4013012.2364572454,6.254190595901524,Medium Confidence,"₹14,362,161 - ₹18,375,173"
4775232,561,8512.0,Vasai,Mumbai,Apartment,2,2,0,Unfurnished,0,1,19.42771912,72.80982971,280.5,1.0,New,4820848.508888889,1303563.4875030098,2265864.07338299,7375832.944394788,5109968.871011797,27.040125511088824,Low Confidence,"₹2,265,864 - ₹7,375,833"
18100000,1850,9783.783783783783,Panvel,Mumbai,Apartment,3,3,0,Semi-Furnished,29,1,28.427248,77.10031891,616.6666666666666,1.0,Old,17688478.933333334,9837916.29356689,0.0,36970794.868724436,36970794.868724436,55.617649944041666,Low Confidence,"₹0 - ₹36,970,795"
20200000,1616,12500.0,Malad,Mumbai,Apartment,4,4,0,Unfurnished,0,1,19.19229126,72.83625031,404.0,1.0,New,46247733.7,9659585.92267935,27314945.29154848,65180522.10845153,37865576.816903055,20.886614650869582,Low Confidence,"₹27,314,945 - ₹65,180,522"
18000000,1131,15915.119363395226,Santacruz,Mumbai,Apartment,2,2,2,Unfurnished,4,1,19.08229065,72.84887695,565.5,1.0,New,19662432.698412698,3009298.8371103364,13764206.977676438,25560658.41914896,11796451.441472521,15.304814430989866,Low Confidence,"₹13,764,207 - ₹25,560,658"
28850000,1154,25000.0,Mulund,Mumbai,Apartment,3,3,0,Unfurnished,1,1,19.17608452,72.94672394,384.6666666666667,1.0,New,28889961.653333332,2348759.7184195365,24286392.60523104,33493530.701435626,9207138.096204586,8.130020200800564,Medium Confidence,"₹24,286,393 - ₹33,493,531"
1872000,528,3545.454545454545,Naigaon,Mumbai,Apartment,1,1,1,Unfurnished,4,1,19.36016083,72.85810089,528.0,1.0,New,3513473.422222222,655161.8160333672,2229356.2627968225,4797590.5816476215,2568234.318850799,18.647126000429132,Low Confidence,"₹2,229,356 - ₹4,797,591"
8000000,585,13675.213675213676,Sion,Mumbai,Apartment,1,2,0,Semi-Furnished,0,1,19.04315567,72.87034607,585.0,2.0,New,11978810.36,2267245.0438932665,7535010.073969197,16422610.646030802,8887600.572061606,18.92713028886507,Low Confidence,"₹7,535,010 - ₹16,422,611"
14500000,825,17575.757575757576,Thane,Mumbai,Apartment,2,2,0,Semi-Furnished,21,1,19.22191429,72.96641541,412.5,1.0,Old,11872544.186666667,1989322.2113120542,7973472.6524950415,15771615.720838293,7798143.068343252,16.755652200866443,Low Confidence,"₹7,973,473 - ₹15,771,616"
9500000,1175,8085.106382978724,Panvel,Mumbai,Apartment,2,2,0,Unfurnished,0,1,18.98924255,73.11680603,587.5,1.0,New,9919091.333333334,1134303.1550655041,7695857.149404946,12142325.517261721,4446468.367856775,11.435555102246637,Low Confidence,"₹7,695,857 - ₹12,142,326"
11500000,1060,10849.056603773584,Mira Road,Mumbai,Apartment,2,2,0,Unfurnished,2,1,19.29847336,72.87223816,530.0,1.0,New,10485603.666666666,1829404.927766554,6899970.00824422,14071237.325089112,7171267.316844892,17.446825055787322,Low Confidence,"₹6,899,970 - ₹14,071,237"
13500000,700,19285.714285714286,Vikhroli,Mumbai,Apartment,2,2,0,Semi-Furnished,0,1,19.09866524,72.92583466,350.0,1.0,New,12031425.673333334,2285556.031466165,7551735.85165965,16511115.495007018,8959379.643347368,18.99655197581374,Low Confidence,"₹7,551,736 - ₹16,511,115"
12600000,700,18000.0,Kandivali,Mumbai,Apartment,1,2,0,Unfurnished,5,1,19.20059586,72.87586975,700.0,2.0,New,12833329.666666666,974983.5903250983,10922361.829629473,14744297.503703859,3821935.6740743853,7.597276900456504,Medium Confidence,"₹10,922,362 - ₹14,744,298"
19000000,1650,11515.151515151516,Thane,Mumbai,Apartment,3,3,3,Semi-Furnished,8,1,19.24202347,72.97053528,550.0,1.0,Recent,18354666.666666668,1691058.314258331,15040192.37072034,21669140.962612998,6628948.591892658,9.21323358777966,Medium Confidence,"₹15,040,192 - ₹21,669,141"
16700000,521,32053.742802303263,Marol,Western Mumbai,Apartment,1,1,0,Furnished,1,1,19.11809,72.885402,521.0,1.0,New,15845457.88,4016400.914515718,7973312.087549194,23717603.672450807,15744291.584901612,25.347332623219327,Low Confidence,"₹7,973,312 - ₹23,717,604"
45500044,1104,41213.807971014496,Sion,Mumbai,Apartment,3,3,0,Unfurnished,0,1,19.04158211,72.86453247,368.0,1.0,New,39707910.12,8977677.259067627,22111662.69222745,57304157.54777254,35192494.85554509,22.609291780747153,Low Confidence,"₹22,111,663 - ₹57,304,158"
21000000,815,25766.87116564417,Bandra,Mumbai,Apartment,2,2,0,Unfurnished,0,1,19.06058311,72.84519196,407.5,1.0,New,23243277.96133333,4560448.548050032,14304798.807155268,32181757.115511395,17876958.30835613,19.620505144053382,Low Confidence,"₹14,304,799 - ₹32,181,757"
56782100,1655,34309.425981873115,Dadar,Mumbai,Apartment,3,4,0,Semi-Furnished,5,1,19.01132774,72.84991455,551.6666666666666,1.3333333333333333,New,71243678.66666667,10818931.334765783,50038573.25052574,92448784.0828076,42410210.83228186,15.185812323624045,Low Confidence,"₹50,038,573 - ₹92,448,784"
5657452,450,12572.115555555556,Bhandup,Mumbai,Apartment,1,1,0,Unfurnished,0,1,19.16239929,72.93759918,450.0,1.0,New,6969286.506666667,1741013.5869694026,3556899.876206638,10381673.137126695,6824773.260920057,24.981231368576786,Low Confidence,"₹3,556,900 - ₹10,381,673"
13500000,800,16875.0,Chembur,Mumbai,Apartment,2,2,0,Semi-Furnished,1,1,19.05451012,72.89835358,400.0,1.0,New,18546710.355555553,4392784.807485584,9936852.132883808,27156568.578227296,17219716.445343487,23.68498091182921,Low Confidence,"₹9,936,852 - ₹27,156,569"
13317825,485,27459.43298969072,Ulwe,Mumbai,Apartment,2,2,0,Unfurnished,3,1,18.96949959,73.01328278,242.5,1.0,New,13342334.026666667,135239.80678892572,13077264.005360372,13607404.047972962,530140.0426125899,1.0136143085507272,High Confidence,"₹13,077,264 - ₹13,607,404"
11200000,950,11789.473684210529,Ghansoli,Mumbai,Apartment,2,2,0,Semi-Furnished,0,1,19.11909103,73.00670624,475.0,1.0,New,12938000.0,2524458.225705732,7990061.877616765,17885938.122383237,9895876.244766472,19.511966499503263,Low Confidence,"₹7,990,062 - ₹17,885,938"
30042560,939,31994.206602768903,Powai,Mumbai,Apartment,3,3,0,Unfurnished,0,1,19.10513687,72.90042877,313.0,1.0,New,30801660.38,5097525.066266762,20810511.250117145,40792809.50988285,19982298.259765707,16.549513900804726,Low Confidence,"₹20,810,511 - ₹40,792,810"
13939840,436,31972.11009174312,Powai,Mumbai,Apartment,1,1,0,Unfurnished,0,1,19.10513687,72.90042877,436.0,1.0,New,14085072.86,678528.7065291598,12755156.595202846,15414989.124797152,2659832.529594306,4.817360288253133,High Confidence,"₹12,755,157 - ₹15,414,989"
2430000,640,3796.875,Ambernath,Mumbai,Apartment,1,1,1,Unfurnished,4,1,19.19548035,73.18966675,640.0,1.0,New,2591513.015873016,148563.95859290432,2300327.6570309233,2882698.3747151084,582370.7176841851,5.732711264923238,Medium Confidence,"₹2,300,328 - ₹2,882,698"
9500000,1056,8996.212121212122,Kharghar,Mumbai,Apartment,2,2,0,Unfurnished,12,1,19.07259941,73.0763092,528.0,1.0,Moderate,9632226.666666666,1398183.9943138938,6891786.037811434,12372667.295521898,5480881.257710464,14.515688248413596,Low Confidence,"₹6,891,786 - ₹12,372,667"
13000000,1205,10788.38174273859,Panvel,Mumbai,Apartment,2,2,0,Unfurnished,0,1,18.93186569,73.1281662,602.5,1.0,New,7723693.333333333,966430.7179628655,5829489.126126116,9617897.54054055,3788408.4144144338,12.512546475557448,Low Confidence,"₹5,829,489 - ₹9,617,898"
4700000,650,7230.7692307692305,Karanjade,Mumbai,Apartment,1,1,0,Unfurnished,7,1,18.97262573,73.11054993,650.0,1.0,Recent,4352100.0,560716.7763972586,3253095.118261373,5451104.881738627,2198009.763477254,12.88382106103395,Low Confidence,"₹3,253,095 - ₹5,451,105"
13500000,741,18218.62348178137,Borivali,Mumbai,Apartment,2,2,0,Unfurnished,6,1,19.222826,72.85998535,370.5,1.0,Recent,20456116.906666666,16852225.43918536,0.0,53486478.76746997,53486478.76746997,82.38232855275285,Low Confidence,"₹0 - ₹53,486,479"
5600000,620,9032.258064516129,Mira Road,Mumbai,Apartment,1,2,0,Unfurnished,10,1,19.29958916,72.86878967,620.0,2.0,Recent,6671973.2,730724.6527617364,5239752.880586997,8104193.519413004,2864440.638826007,10.952152097399557,Low Confidence,"₹5,239,753 - ₹8,104,194"
6724400,756,8894.708994708995,Mira Road,Mumbai,Apartment,1,2,0,Unfurnished,0,1,19.29434013,72.87007904,756.0,2.0,New,7123610.138888888,522939.4365224971,6098648.843304794,8148571.434472982,2049922.5911681876,7.340932846222029,Medium Confidence,"₹6,098,649 - ₹8,148,571"
18000000,717,25104.60251046025,Andheri,Mumbai,Apartment,2,2,0,Semi-Furnished,2,1,19.11392593,72.8685379,358.5,1.0,New,18051498.904444445,2794971.1991527556,12573355.354105044,23529642.454783846,10956287.100678802,15.483319218796884,Low Confidence,"₹12,573,355 - ₹23,529,642"
18500000,500,37000.0,Marine Lines,Mumbai,Apartment,1,1,0,Furnished,0,1,18.94508362,72.82632446,500.0,1.0,New,16348621.786666667,5962822.63507931,4661489.421911219,28035754.151422113,23374264.729510896,36.47293767565391,Low Confidence,"₹4,661,489 - ₹28,035,754"
9000000,1415,6360.424028268551,Dombivli,Mumbai,Apartment,2,1,0,Semi-Furnished,8,1,19.22516441,73.0796814,707.5,0.5,Recent,11174652.34,2398681.4285099525,6473236.740120493,15876067.939879507,9402831.199759014,21.4653785686361,Low Confidence,"₹6,473,237 - ₹15,876,068"
15108206,757,19958.0,Thane,Mumbai,Apartment,2,2,0,Unfurnished,0,1,19.18656349,72.97345734,378.5,1.0,New,14426576.546666667,3325446.415427599,7908701.572428573,20944451.52090476,13035749.948476188,23.050835412480172,Low Confidence,"₹7,908,702 - ₹20,944,452"
15000000,2095,7159.904534606205,Ulwe,Mumbai,Apartment,3,3,0,Unfurnished,0,1,18.96316528,73.03259277,698.3333333333334,1.0,New,18360820.0,4397209.169568049,9742290.027646625,26979349.972353376,17237059.944706753,23.94887139881579,Low Confidence,"₹9,742,290 - ₹26,979,350"
6500000,600,10833.333333333334,Thane,Mumbai,Apartment,1,1,0,Semi-Furnished,0,1,19.27231789,72.95757294,600.0,1.0,New,5364535.306666666,747606.1034234038,3899227.3439567946,6829843.269376537,2930615.9254197422,13.93608319614062,Low Confidence,"₹3,899,227 - ₹6,829,843"
14000000,1250,11200.0,Kharghar,Mumbai,Apartment,2,3,0,Furnished,0,1,19.0669384,73.07126617,625.0,1.5,New,12386000.0,1853214.5045838596,8753699.571015636,16018300.428984364,7264600.857968729,14.962171036523975,Low Confidence,"₹8,753,700 - ₹16,018,300"
16500000,645,25581.39534883721,Mulund,Mumbai,Apartment,2,2,0,Unfurnished,0,1,19.16906929,72.9380722,322.5,1.0,New,15221320.511666667,1364218.9642172137,12547451.341800928,17895189.681532405,5347738.339731477,8.962553302596726,Medium Confidence,"₹12,547,451 - ₹17,895,190"
10500000,600,17500.0,Vikhroli,Mumbai,Apartment,1,2,0,Unfurnished,0,1,19.11116409,72.9324646,600.0,2.0,New,8588772.62888889,684410.7092721772,7247327.638715423,9930217.619062357,2682889.980346934,7.968667222253825,Medium Confidence,"₹7,247,328 - ₹9,930,218"
32600000,1280,25468.75,Goregaon,Mumbai,Apartment,2,2,0,Semi-Furnished,9,1,19.16997719,72.86449432,640.0,1.0,Recent,25700324.0,5500149.96684854,14920030.064976862,36480617.93502314,21560587.870046273,21.401091935060975,Low Confidence,"₹14,920,030 - ₹36,480,618"
2049000,500,4098.0,Neral,Mumbai,Apartment,1,2,0,Unfurnished,1,1,19.04704094,73.33613586,500.0,2.0,New,1763342.1166666667,306095.74405980896,1163394.458309441,2363289.7750238925,1199895.3167144514,17.358840418241524,Low Confidence,"₹1,163,394 - ₹2,363,290"
17500000,941,18597.23698193411,Ghatkopar,Mumbai,Apartment,2,2,0,Furnished,0,1,19.08505249,72.91112518,470.5,1.0,New,18730633.30666667,4662637.4901468335,9591863.825978875,27869402.78735446,18277538.961375587,24.893111801442892,Low Confidence,"₹9,591,864 - ₹27,869,403"
13100000,800,16375.0,Ram Mandir Road,Mumbai,Apartment,2,2,1,Unfurnished,0,1,19.15190125,72.84559631,400.0,1.0,New,19549759.01111111,4293945.5003157705,11133625.8304922,27965892.191730022,16832266.361237824,21.9641863507131,Low Confidence,"₹11,133,626 - ₹27,965,892"
4815266,413,11659.2397094431,Thane,Mumbai,Apartment,1,1,0,Unfurnished,1,1,19.22358704,72.98096466,413.0,1.0,New,6688310.652222222,1488674.6361648643,3770508.365339088,9606112.939105356,5835604.573766269,22.257857231410824,Low Confidence,"₹3,770,508 - ₹9,606,113"
4300000,281,15302.491103202849,Karanjade,Mumbai,Apartment,1,1,0,Unfurnished,1,1,18.97534943,73.10923004,281.0,1.0,New,4322068.746666667,51508.60198428818,4221111.886777462,4423025.606555872,201913.71977840923,1.1917580446635294,High Confidence,"₹4,221,112 - ₹4,423,026"
189000000,2520,75000.0,Worli,Mumbai South,Apartment,5,5,0,Furnished,0,1,19.006462154027,72.822703121838,504.0,1.0,New,146194359.85333332,74847821.55953112,0.0,292896090.1100143,292896090.1100143,51.197475494007264,Low Confidence,"₹0 - ₹292,896,090"
16830086,806,20881.0,Powai,Mumbai,Apartment,2,2,0,Unfurnished,0,1,19.12106323,72.8949585,403.0,1.0,New,25581238.62,2929398.2315496933,19839618.086162604,31322859.153837398,11483241.067674793,11.451354154757082,Low Confidence,"₹19,839,618 - ₹31,322,859"
35000000,1082,32347.50462107209,Wadala,Mumbai,Apartment,3,3,0,Unfurnished,0,1,19.02209282,72.86715698,360.6666666666667,1.0,New,38356064.52,1695610.5251179095,35032667.8907689,41679461.149231106,6646793.2584622055,4.420710378755796,High Confidence,"₹35,032,668 - ₹41,679,461"
18000000,747,24096.385542168675,Ghatkopar,Mumbai,Apartment,2,3,0,Semi-Furnished,0,1,19.08435249,72.91012573,373.5,1.5,New,17821758.613333333,3434776.8775031865,11089595.933427088,24553921.29323958,13464325.35981249,19.27294018522651,Low Confidence,"₹11,089,596 - ₹24,553,921"
8800000,815,10797.54601226994,Airoli,Mumbai,Apartment,1,1,0,Semi-Furnished,0,1,19.14831734,73.00049591,815.0,1.0,New,8945001.735555556,755198.681399849,7464812.320011851,10425191.151099259,2960378.8310874077,8.442689042731025,Medium Confidence,"₹7,464,812 - ₹10,425,191"
10000000,1150,8695.652173913044,Kharghar,Mumbai,Apartment,2,2,0,Furnished,0,1,19.07046318,73.07663727,575.0,1.0,New,8880396.88888889,1753251.3832362862,5444024.177745769,12316769.600032011,6872745.422286242,19.742939478639133,Low Confidence,"₹5,444,024 - ₹12,316,770"
13000000,555,23423.423423423425,Andheri,Mumbai,Apartment,1,1,0,Furnished,26,1,19.15003586,72.82561493,555.0,1.0,Old,15617305.813333333,4762153.782400894,6283484.399827581,24951127.226839084,18667642.827011503,30.492799714117062,Low Confidence,"₹6,283,484 - ₹24,951,127"
20000000,1003,19940.179461615156,Powai,Mumbai,Apartment,2,2,1,Unfurnished,1,1,19.12243462,72.89334869,501.5,1.0,New,18411400.0,2889839.131624227,12747315.302016515,24075484.697983485,11328169.39596697,15.695922806653634,Low Confidence,"₹12,747,315 - ₹24,075,485"
13900000,500,27800.0,Thane,Mumbai,Apartment,2,2,0,Unfurnished,0,1,19.23062325,72.96738434,250.0,1.0,New,8208133.156666666,1321196.1886377449,5618588.626936686,10797677.686396647,5179089.059459961,16.096183668324947,Low Confidence,"₹5,618,589 - ₹10,797,678"
31000000,1300,23846.153846153848,Andheri,Mumbai,Apartment,3,3,0,Furnished,3,1,19.13453484,72.82221222,433.3333333333333,1.0,New,36466038.975555554,9529237.344758729,17788733.779828448,55143344.171282664,37354610.39145422,26.131813633903327,Low Confidence,"₹17,788,734 - ₹55,143,344"
6200000,1246,4975.922953451043,Panvel,Mumbai,Apartment,2,2,0,Unfurnished,7,1,18.95139694,73.1480484,623.0,1.0,Recent,6576315.752380953,545963.7358023132,5506226.830208419,7646404.674553487,2140177.8443450686,8.301969618849995,Medium Confidence,"₹5,506,227 - ₹7,646,405"
3350000,610,5491.803278688524,Nala Sopara,Mumbai,Apartment,1,1,0,Semi-Furnished,0,1,19.43460274,72.81016541,610.0,1.0,New,2971276.6666666665,353344.18318247306,2278722.0676290193,3663831.2657043138,1385109.1980752945,11.891998720498588,Low Confidence,"₹2,278,722 - ₹3,663,831"
7400072,424,17453.0,Mira Road,Mumbai,Apartment,1,1,0,Unfurnished,0,1,19.2856884,72.86881256,424.0,1.0,New,6876312.177619047,758060.9110984984,5390512.7918659905,8362111.563372104,2971598.771506114,11.024236415063113,Low Confidence,"₹5,390,513 - ₹8,362,112"
23096262,896,25777.078125,Thane,Mumbai,Apartment,3,3,0,Unfurnished,2,1,19.22076607,72.96321869,298.6666666666667,1.0,New,24137336.796111114,2262497.0861885836,19702842.50718149,28571831.085040737,8868988.577859245,9.373432973571076,Medium Confidence,"₹19,702,843 - ₹28,571,831"
20000000,1628,12285.012285012284,Thane,Mumbai,Apartment,3,3,3,Semi-Furnished,7,1,19.24340439,72.97140503,542.6666666666666,1.0,Recent,20346388.88888889,5948325.03787182,8687671.814660124,32005105.96311766,23317434.148457535,29.23528627293753,Low Confidence,"₹8,687,672 - ₹32,005,106"
74070696,1249,59304.0,Bandra,Mumbai,Apartment,3,3,0,Unfurnished,0,1,19.0533371,72.84757233,416.3333333333333,1.0,New,71961902.58666667,4465689.388115702,63209151.38595989,80714653.78737345,17505502.40141356,6.2056299619614546,Medium Confidence,"₹63,209,151 - ₹80,714,654"
17200000,600,28666.666666666668,Vikhroli,Mumbai,Apartment,1,1,0,Semi-Furnished,3,1,19.09479713,72.91977692,600.0,1.0,New,14672570.353333334,3094696.00715028,8606966.179318786,20738174.52734788,12131208.348029096,21.091710127307195,Low Confidence,"₹8,606,966 - ₹20,738,175"
3300000,494,6680.161943319838,Taloja,Mumbai,Apartment,1,1,0,Unfurnished,5,1,19.15927505,73.11716461,494.0,1.0,New,3225270.013333333,382170.1443474272,2476216.530412376,3974323.4962542905,1498106.9658419145,11.849244955229418,Low Confidence,"₹2,476,217 - ₹3,974,323"
7800000,600,13000.0,Malad,Mumbai,Apartment,1,2,0,Unfurnished,0,1,19.18540001,72.85849762,600.0,2.0,New,8258564.88888889,775938.6633050672,6737725.108810958,9779404.668966822,3041679.560155864,9.395562954878741,Medium Confidence,"₹6,737,725 - ₹9,779,405"
10000000,626,15974.44089456869,Mulund,Mumbai,Apartment,1,1,1,Unfurnished,0,1,19.17223167,72.95511627,626.0,1.0,New,10562563.433333334,1190622.8326174687,8228942.681403095,12896184.185263572,4667241.503860477,11.272101134655452,Low Confidence,"₹8,228,943 - ₹12,896,184"
17000000,631,26941.36291600634,Thane,Mumbai,Apartment,2,2,0,Unfurnished,0,1,19.24619293,72.97658539,315.5,1.0,New,12042969.18111111,2180847.6906916806,7768507.707355416,16317430.654866803,8548922.947511386,18.10888708502425,Low Confidence,"₹7,768,508 - ₹16,317,431"
11800000,577,20450.60658578856,Malad,Mumbai,Apartment,2,2,0,Unfurnished,3,1,19.19841576,72.83609772,288.5,1.0,New,14314218.977777777,2272318.799416771,9860474.130920906,18767963.82463465,8907489.693713743,15.874556641507652,Low Confidence,"₹9,860,474 - ₹18,767,964"
13000000,350,37142.857142857145,Bandra,Mumbai,Apartment,1,1,0,Unfurnished,0,1,19.05635643,72.8288269,350.0,1.0,New,8758437.947492063,3655417.990362613,1593818.686381342,15923057.208602784,14329238.522221442,41.73595808153581,Low Confidence,"₹1,593,819 - ₹15,923,057"
67648420,1381,48985.09775524982,Bandra,Mumbai,Apartment,3,3,0,Unfurnished,2,1,19.0533371,72.84757233,460.3333333333333,1.0,New,66962844.666666664,401062.9985547017,66176761.189499445,67748928.14383388,1572166.9543344304,0.59893363334719,High Confidence,"₹66,176,761 - ₹67,748,928"
8480000,720,11777.777777777776,Kalwa,Mumbai,Apartment,1,2,0,Semi-Furnished,0,1,19.20948792,73.01093292,720.0,2.0,New,9128258.666666666,1512188.5888643495,6164369.032492541,12092148.300840791,5927779.268348251,16.566013782961193,Low Confidence,"₹6,164,369 - ₹12,092,148"
16500000,950,17368.42105263158,Dahisar,Mumbai,Apartment,2,2,0,Unfurnished,6,1,19.24192619,72.85531616,475.0,1.0,Recent,17453823.073333334,3572093.890718874,10452519.04752434,24455127.099142328,14002608.051617987,20.465968262142322,Low Confidence,"₹10,452,519 - ₹24,455,127"
4282242,619,6918.0,Kalyan,Mumbai,Apartment,1,1,0,Unfurnished,0,1,19.2197113,73.13467407,619.0,1.0,New,3867416.25,658359.4467177502,2577031.7344332095,5157800.7655667905,2580769.031133581,17.02323732848126,Low Confidence,"₹2,577,032 - ₹5,157,801"
6100000,668,9131.736526946108,Mira Road,Mumbai,Apartment,1,2,0,Unfurnished,0,1,19.28838921,72.86481476,668.0,2.0,New,6434395.784666667,748754.8943539155,4966836.191732992,7901955.377600341,2935119.1858673487,11.63675532888757,Low Confidence,"₹4,966,836 - ₹7,901,955"
27500000,841,32699.167657550533,Goregaon,Mumbai,Apartment,3,3,0,Unfurnished,0,1,19.16684914,72.84156036,280.3333333333333,1.0,New,24838093.9,3027142.1924793986,18904895.20274038,30771292.59725962,11866397.39451924,12.1874979805894,Low Confidence,"₹18,904,895 - ₹30,771,293"
200000000,2913,68657.74116031583,Juhu,Mumbai,Apartment,4,5,0,Unfurnished,0,1,19.10560226,72.83817291,728.25,1.25,New,141147748.54666665,36689369.6044022,69236584.12203835,213058912.97129494,143822328.84925658,25.993591808708068,Low Confidence,"₹69,236,584 - ₹213,058,913"
3600000,450,8000.0,Mira Road,Mumbai,Apartment,1,1,0,Semi-Furnished,0,1,19.28087616,72.87459564,450.0,1.0,New,5884908.0633333335,1412566.8253480631,3116277.08565113,8653539.041015537,5537261.955364408,24.003209738300587,Low Confidence,"₹3,116,277 - ₹8,653,539"
2400000,590,4067.796610169492,Ambernath,Mumbai,Apartment,1,1,1,Unfurnished,0,1,19.20794678,73.18566895,590.0,1.0,New,2358332.0,135713.81424158707,2092332.9240864892,2624331.0759135108,531998.1518270215,5.754652620648283,Medium Confidence,"₹2,092,333 - ₹2,624,331"
15528500,1000,15528.5,Thane,Mumbai,Apartment,2,2,0,Semi-Furnished,0,1,19.21397972,72.98255157,500.0,1.0,New,13941764.753333334,2337293.260291482,9360669.96316203,18522859.54350464,9162189.580342611,16.76468726624195,Low Confidence,"₹9,360,670 - ₹18,522,860"
6400000,508,12598.425196850394,Thane,Mumbai,Apartment,1,2,0,Semi-Furnished,20,1,19.22483444,72.96968079,508.0,2.0,Moderate,6996654.666666667,630770.6870790863,5760344.119991658,8232965.213341676,2472621.0933500174,9.015318278951117,Medium Confidence,"₹5,760,344 - ₹8,232,965"
4156560,705,5895.829787234043,Taloja,Mumbai,Apartment,1,1,0,Unfurnished,0,1,19.08860016,73.14631653,705.0,1.0,New,3930693.8,303968.63549752394,3334915.274424853,4526472.325575147,1191557.051150294,7.733205662001043,Medium Confidence,"₹3,334,915 - ₹4,526,472"
2235000,425,5258.823529411765,Ulwe,Mumbai,Apartment,1,1,0,Unfurnished,0,1,18.99587822,73.04122162,425.0,1.0,New,2219995.066137566,7027.704632971007,2206220.765056943,2233769.3672181894,27548.602161246352,0.3165639753063993,High Confidence,"₹2,206,221 - ₹2,233,769"
15453428,784,19711.005102040817,Thane,Mumbai,Apartment,2,2,0,Unfurnished,0,1,19.22580528,72.9765625,392.0,1.0,New,15177152.892222224,916371.8957165162,13381063.976617852,16973241.807826594,3592177.8312087413,6.037837941173576,Medium Confidence,"₹13,381,064 - ₹16,973,242"
4000000,640,6250.0,Dombivli,Mumbai,Apartment,1,1,0,Unfurnished,0,1,19.22516441,73.0796814,640.0,1.0,New,4687677.86,662122.9218610598,3389916.933152323,5985438.786847677,2595521.853695354,14.124753057605794,Low Confidence,"₹3,389,917 - ₹5,985,439"
17100000,833,20528.211284513807,Bandra,Mumbai,Apartment,2,2,0,Unfurnished,0,1,19.07041359,72.84607697,416.5,1.0,New,18260723.714222223,938013.4951748579,16422217.2636795,20099230.164764944,3677012.901085444,5.136781596691556,Medium Confidence,"₹16,422,217 - ₹20,099,230"
22000000,1550,14193.548387096776,Ghansoli,Mumbai,Apartment,3,3,0,Semi-Furnished,1,1,19.11846924,72.99710846,516.6666666666666,1.0,New,23604187.093333334,2968506.931477436,17785913.50763756,29422460.679029107,11636547.171391547,12.576187943857844,Low Confidence,"₹17,785,914 - ₹29,422,461"
3200000,700,4571.428571428572,Vasai,Mumbai,Apartment,1,2,0,Semi-Furnished,0,1,19.39190292,72.84085083,700.0,2.0,New,3398397.3333333335,227857.30708688928,2951797.0114430306,3844997.6552236364,893200.6437806059,6.704845982897309,Medium Confidence,"₹2,951,797 - ₹3,844,998"
6500000,708,9180.790960451975,Vasai,Mumbai,Apartment,2,2,0,Unfurnished,0,1,19.36539268,72.81224823,354.0,1.0,New,7690218.69111111,1461561.909785998,4825557.347930554,10554880.034291666,5729322.686361112,19.005466144615276,Low Confidence,"₹4,825,557 - ₹10,554,880"
3700000,850,4352.941176470588,Ambernath,Mumbai,Apartment,2,1,2,Unfurnished,3,1,19.1916523,73.17036438,425.0,0.5,New,3550962.222222222,784952.2731201836,2012455.7669066621,5089468.677537782,3077012.91063112,22.105340017640454,Low Confidence,"₹2,012,456 - ₹5,089,469"
22000000,1450,15172.413793103447,Belapur,Mumbai,Apartment,2,2,0,Semi-Furnished,0,1,19.03006554,73.03511047,725.0,1.0,New,20183445.473333333,4494619.319425595,11373991.607259167,28992899.339407496,17618907.732148327,22.268840696024633,Low Confidence,"₹11,373,992 - ₹28,992,899"
14085625,923,15260.69880823402,Kharghar,Mumbai,Apartment,3,3,0,Unfurnished,0,1,19.08206749,73.0824585,307.6666666666667,1.0,New,26662308.186666667,5353343.80021503,16169754.33824521,37154862.03508812,20985107.696842913,20.07832091181115,Low Confidence,"₹16,169,754 - ₹37,154,862"
10000000,600,16666.666666666668,Koper Khairane,Mumbai,Apartment,2,2,0,Unfurnished,0,1,19.0991478,72.9995575,300.0,1.0,New,12706328.193333333,3532320.265744485,5782980.472474143,19629675.914192524,13846695.44171838,27.799693286671108,Low Confidence,"₹5,782,980 - ₹19,629,676"
